,time,content
0,"['00:00:19,621', '00:00:21,148']",[' Stark!\n']
1,"['00:00:22,861', '00:00:24,228']","[' Hello, Hank.\n']"
2,"['00:00:27,621', '00:00:29,387']",[' I took a detour...\n']
3,"['00:00:33,341', '00:00:35,541']","["" Tell me that isn't what\n I think it is.\n""]"
4,"['00:00:39,861', '00:00:43,021']","[' Even for this group,\n that takes nerve.\n']"
5,"['00:00:44,821', '00:00:46,701']","["" May I remind you, Dr. Pym,\n that you're a soldier...\n""]"
6,"['00:00:48,101', '00:00:49,621']",[' Then act like one.\n']
7,"['00:00:52,461', '00:00:53,461']",[' Help us put it to good use.\n']
8,"['00:00:56,141', '00:00:57,941']",[' and now you try to steal my research?\n']
9,"['00:01:04,941', '00:01:06,069']",[' Ah...\n']
10,"['00:01:10,501', '00:01:13,021']",[' You mention my wife again\n']
11,"['00:01:15,341', '00:01:16,947']","["" Don't look at me. You said it.\n""]"
12,"['00:01:20,421', '00:01:22,621']","["" We don't accept it. Formally.\n""]"
13,"['00:01:24,181', '00:01:25,781']",[' we need you.\n']
14,"['00:01:28,381', '00:01:30,581']","["" Don't let your past determine the future.\n""]"
15,"['00:01:33,781', '00:01:37,265']",[' nobody will ever get that formula.\n']
16,"['00:01:46,021', '00:01:48,101']","["" You've already lied to him.\n Now you want to go to war with him?\n""]"
17,"['00:01:49,901', '00:01:52,821']","["" Our scientists haven't come close\n to replicating his work.\n""]"
18,"['00:01:55,141', '00:01:58,023']","["" You really want to find out what it's like\n when you can't see him coming?\n""]"
19,"['00:02:00,381', '00:02:01,873']","["" He's no security risk.\n""]"
20,"['00:02:44,581', '00:02:45,789']",[' You like that?\n']
21,"['00:02:47,341', '00:02:48,788']",[' Come get you some now.\n']
22,"['00:03:02,101', '00:03:02,941']",[' Nah.\n']
23,"['00:03:05,461', '00:03:06,464']",[' You see this right here?\n']
24,"['00:03:16,861', '00:03:18,706']","["" I'm gonna miss you, too, Peachy.\n""]"
25,"['00:03:22,621', '00:03:24,461']","[' All right, break it up.\n']"
26,"['00:03:44,101', '00:03:45,261']",[' Scotty!\n']
27,"['00:03:47,301', '00:03:48,621']",[' Damn! Hey.\n']
28,"['00:03:52,901', '00:03:54,141']","["" Hey, what's up with your eye?\n""]"
29,"['00:03:57,501', '00:03:59,261']","[' Oh, yeah.\n I still got my scar from a year ago.\n']"
30,"['00:04:02,101', '00:04:04,501']","["" You know what? I'm still the only one\n who knocked him out.\n""]"
31,"['00:04:07,581', '00:04:08,821']","[' Thanks for picking me up, brother.\n']"
32,"['00:04:11,581', '00:04:12,781']","["" Hey, how's your girl, man?\n""]"
33,"['00:04:14,501', '00:04:17,074']","[' - Oh.\n - Yeah, my ma died, too.\n']"
34,"['00:04:20,861', '00:04:21,901']",[' But I got the van!\n']
35,"['00:04:24,141', '00:04:26,381']","[' Thanks for the hook-up, too.\n I needed a place to stay.\n']"
36,"['00:04:28,941', '00:04:30,301']","["" You're gonna be on your feet\n in no time. Watch.\n""]"
37,"['00:04:32,021', '00:04:34,501']",[' And I gotta introduce you to some\n people. Some really skilled people.\n']
38,"['00:04:36,421', '00:04:38,744']","["" No, I'm serious, man.\n I'm not going back.\n""]"
39,"['00:04:42,381', '00:04:44,461']","["" You know that jobs don't come easy\n for ex-cons, right?\n""]"
40,"['00:04:48,341', '00:04:49,504']","["" I'm gonna be fine.\n""]"
41,"['00:04:54,221', '00:04:56,101']",[' Would you like to try our\n Mango Fruit Blast?\n']
42,"['00:04:57,701', '00:05:00,701']","["" Um, I will have...\n I'll have a burger, please.\n""]"
43,"['00:05:03,541', '00:05:06,341']","[' Pretzel. Hot pretzel. Like, mustard...\n Do you have mustard dip?\n']"
44,"['00:05:09,741', '00:05:11,950']","["" I'll just do, like,\n whatever's hot and fresh.\n""]"
45,"['00:05:13,701', '00:05:15,381']","[' Can I see you in the back, chief?\n Pronto.\n']"
46,"['00:05:18,141', '00:05:21,033']","[' Darby, could you just, uh,\n take care of this idiot? Thanks.\n']"
47,"['00:05:26,461', '00:05:27,749']",[' Pull up some chair.\n']
48,"['00:05:32,501', '00:05:33,581']",[' You found out.\n']
49,"['00:05:36,101', '00:05:38,470']","["" Look, I'm sorry, all right?\n But I...\n""]"
50,"['00:05:40,261', '00:05:42,581']",[' Breaking and entering. Grand larceny.\n']
51,"['00:05:45,021', '00:05:46,381']","["" I don't do it anymore. I just...\n""]"
52,"['00:05:48,781', '00:05:49,741']","["" I couldn't be happier about it.\n""]"
53,"['00:05:51,461', '00:05:53,261']",[' Thank you. Thank you.\n']
54,"['00:05:56,101', '00:05:58,501']",[' The more I read about\n what you did and stuff...\n']
55,"['00:06:01,301', '00:06:03,261']","[' ""I\'m in charge of this guy?""\n']"
56,"['00:06:05,941', '00:06:08,101']",[' and I really just appreciate\n the opportunity to...\n']
57,"['00:06:12,181', '00:06:13,421']","["" I can't really keep you on.\n""]"
58,"['00:06:15,381', '00:06:16,341']",[' Yeah.\n']
59,"['00:06:18,661', '00:06:21,421']","["" No, it wasn't a violent crime.\n It was a cool crime.\n""]"
60,"['00:06:22,981', '00:06:26,021']","[' This will be totally off the books,\n off the records,\n']"
61,"['00:06:29,301', '00:06:30,501']","[' on your way out the door,\n']"
62,"['00:07:11,701', '00:07:13,034']","["" Hey, Scotty. What's up?\n""]"
63,"['00:07:15,381', '00:07:17,101']",[' I was. I got fired.\n']
64,"['00:07:19,101', '00:07:20,021']",[' Yeah.\n']
65,"['00:07:22,021', '00:07:23,861']","["" Baskin-Robbins don't play.\n""]"
66,"['00:07:27,381', '00:07:28,661']","["" Oh. That's Kurt.\n""]"
67,"['00:07:32,141', '00:07:34,544']","[' - Nice meet you.\n - Yeah. Nice to meet you, too.\n']"
68,"['00:07:36,901', '00:07:37,904']",[' Dave.\n']
69,"['00:07:41,741', '00:07:42,901']","[' Vista job, yes.\n']"
70,"['00:07:45,661', '00:07:48,901']","["" Well, technically, I didn't rob them.\n Robbery involves threat.\n""]"
71,"['00:07:51,901', '00:07:53,221']","["" You mean you're a pussy.\n""]"
72,"['00:07:54,581', '00:07:56,301']","[' They were overcharging\n the customers, right?\n']"
73,"['00:07:58,021', '00:07:59,912']",[' He blows the whistle and he gets fired.\n']
74,"['00:08:01,821', '00:08:03,621']",[' He hacks into the security system\n']
75,"['00:08:06,581', '00:08:08,381']",[' Posts all the bank records online.\n']
76,"['00:08:13,421', '00:08:15,101']",[' What are you doing?\n']
77,"['00:08:17,181', '00:08:19,301']",[' Why are you telling my life story\n to these guys?\n']
78,"['00:08:20,861', '00:08:21,741']",[' Okay.\n']
79,"['00:08:24,421', '00:08:26,581']",[' - about this little perfect job.\n - No way.\n']
80,"['00:08:29,261', '00:08:30,101']",[' No!\n']
81,"['00:08:32,701', '00:08:34,621']","["" It's some retired millionaire\n living off his golden parachute.\n""]"
82,"['00:08:36,861', '00:08:38,945']","["" I don't care. I'm out.\n""]"
83,"['00:08:59,101', '00:09:01,504']","["" Yes. I'm still alive.\n""]"
84,"['00:09:11,181', '00:09:13,151']",[' Perhaps that will suffice.\n']
85,"['00:09:19,701', '00:09:21,671']",[' Is that Hank Pym?\n']
86,"['00:09:28,301', '00:09:29,181']",[' Hope.\n']
87,"['00:09:32,701', '00:09:35,707']",[' Dr. Cross will be so pleased that\n you could find the time to join us today.\n']
88,"['00:09:38,981', '00:09:42,661']","[' I was surprised to receive\n any kind of invitation from you, Darren.\n']"
89,"['00:09:44,341', '00:09:46,232']","["" Oh, you'll see. Won't he, Hope?\n""]"
90,"['00:09:53,461', '00:09:54,624']",[' Ouch.\n']
91,"['00:09:59,221', '00:10:00,907']","["" Don't worry, she's in good hands.\n""]"
92,"['00:10:07,381', '00:10:11,308']","["" Long time, no see, Dr. Pym.\n How's retirement?\n""]"
93,"['00:10:16,541', '00:10:18,352']",[' After you.\n']
94,"['00:10:29,221', '00:10:31,590']","["" This company's founder and my mentor,\n""]"
95,"['00:10:48,901', '00:10:50,741']","[' When I took over this company\n for Dr. Pym,\n']"
96,"['00:10:53,261', '00:10:55,901']","[' that could change\n the distance between atoms,\n']"
97,"['00:10:59,421', '00:11:02,381']",[' Why this revolutionary idea\n remained buried\n']
98,"['00:11:06,941', '00:11:08,741']","[' But just imagine,\n']"
99,"['00:11:16,701', '00:11:18,193']",[' The ultimate secret weapon.\n']
100,"['00:11:33,541', '00:11:35,511']","["" That's what they called you.\n Right, Hank?\n""]"
101,"['00:11:41,381', '00:11:42,873']",[' Propaganda.\n']
102,"['00:11:46,501', '00:11:48,341']",[' Trumped-up BS to scare the USSR.\n']
103,"['00:11:52,461', '00:11:55,990']","[' every single time I asked you,\n']"
104,"['00:12:00,141', '00:12:01,661']",[' Just a tall tale.\n']
105,"['00:12:02,981', '00:12:06,066']",[' Because how could anything\n so miraculous possibly be real?\n']
106,"['00:12:20,181', '00:12:22,901']","[' And with my breakthrough\n shrinking inorganic material,\n']"
107,"['00:12:27,021', '00:12:28,627']",[' Could that be done?\n']
108,"['00:12:35,061', '00:12:36,783']","[' Distinguished guests,\n']"
109,"['00:12:41,021', '00:12:42,832']",[' The Yellowjacket!\n']
110,"['00:12:50,021', '00:12:53,345']",[' The Yellowjacket is an all-purpose\n weapon of war\n']
111,"['00:12:56,501', '00:12:58,585']",[' for the ultimate combat advantage.\n']
112,"['00:13:00,741', '00:13:02,861']",[' <i>in which the weapons\n we use to protect ourselves</i>\n']
113,"['00:13:06,221', '00:13:07,952']","["" <i>It's time to return to a simpler age.</i>\n""]"
114,"['00:13:11,941', '00:13:13,229']",[' <i>to protect their interests.</i>\n']
115,"['00:13:16,221', '00:13:18,461']",[' <i>The Yellowjacket\n can manage any conflict</i>\n']
116,"['00:13:20,101', '00:13:22,061']",[' <i>completely unseen.</i>\n']
117,"['00:13:26,901', '00:13:29,381']","[' <i>Practical applications\n include surveillance,</i>\n']"
118,"['00:13:32,061', '00:13:36,341']",[' <i>and the elimination of obstructions\n on the road to peace.</i>\n']
119,"['00:13:37,861', '00:13:41,584']",[' <i>offers the user unlimited influence\n to carry out protective actions.</i>\n']
120,"['00:13:45,261', '00:13:50,341']",[' <i>will create a sustainable environment\n of well-being around the world.</i>\n']
121,"['00:13:53,301', '00:13:54,873']","["" So, it's a suit?\n""]"
122,"['00:14:00,101', '00:14:03,232']","["" It's not a suit, it's a vessel.\n""]"
123,"['00:14:05,261', '00:14:08,021']","["" No, I'm impressed. I'm also concerned.\n""]"
124,"['00:14:11,301', '00:14:13,741']","[' We should have a longer conversation\n about that, Frank.\n']"
125,"['00:14:16,621', '00:14:18,227']",[' Thank you for coming. Hope?\n']
126,"['00:14:21,741', '00:14:22,869']",[' Thank you.\n']
127,"['00:14:27,781', '00:14:31,941']","["" Darren, there's a reason\n that I buried these secrets.\n""]"
128,"['00:14:34,901', '00:14:38,430']","[' We could have done this together, Hank.\n But you ruined that.\n']"
129,"['00:14:40,781', '00:14:43,229']","["" Don't do this.\n""]"
130,"['00:14:46,701', '00:14:49,341']","[' You sell to me first,\n 20% over your asking price,\n']"
131,"['00:14:51,501', '00:14:52,709']",[' Deal.\n']
132,"['00:15:03,661', '00:15:04,581']",[' How close is he?\n']
133,"['00:15:07,541', '00:15:09,981']",[' Just give me the suit and let me\n finish this once and for all.\n']
134,"['00:15:11,501', '00:15:13,181']","["" I have Cross' complete trust.\n""]"
135,"['00:15:16,101', '00:15:18,185']","["" Well, that's not entirely true.\n""]"
136,"['00:15:23,501', '00:15:24,868']",[' Who?\n']
137,"['00:15:30,741', '00:15:32,141']",[' Peanut! Oh!\n']
138,"['00:15:34,581', '00:15:35,461']","["" I'm so sorry I'm late.\n""]"
139,"['00:15:37,341', '00:15:38,701']",[' It was on the invitation.\n']
140,"['00:15:40,741', '00:15:42,141']",[' But he came anyway!\n']
141,"['00:15:45,381', '00:15:47,021']","["" I'm gonna go tell Mommy you're here.\n""]"
142,"['00:15:48,301', '00:15:49,181']","[' What are you doing here, Lang?\n']"
143,"['00:15:50,981', '00:15:52,541']","[' You know, right now, if I wanted to,\n I could arrest you.\n']"
144,"['00:15:53,901', '00:15:57,225']","["" Mommy's so happy you're here,\n she choked on her drink.\n""]"
145,"['00:16:01,541', '00:16:02,821']",[' Can I open it now?\n']
146,"['00:16:09,061', '00:16:10,581']","["" <i>You're my bestest friend.</i>\n""]"
147,"['00:16:12,021', '00:16:13,752']","["" He's so ugly!\n""]"
148,"['00:16:16,381', '00:16:17,781']",[' Can I go show my friends?\n']
149,"['00:16:20,581', '00:16:22,061']","["" <i>You're my bestest friend.</i>\n""]"
150,"['00:16:24,461', '00:16:26,341']","["" It's just hard finding a job\n when you have a record.\n""]"
151,"['00:16:29,381', '00:16:30,781']","["" - No way! It's my daughter's birthday.\n - It's my house!\n""]"
152,"['00:16:33,541', '00:16:35,781']","["" You can't just show up here.\n You know that. Come on.\n""]"
153,"['00:16:37,101', '00:16:38,661']","["" Yeah, I know, but you can't just show up.\n""]"
154,"['00:16:39,941', '00:16:41,221']","["" You don't know the first thing\n about being a father.\n""]"
155,"['00:16:45,621', '00:16:47,421']",[' Your fiancÃ© is an asshat.\n']
156,"['00:16:48,781', '00:16:51,541']","[' - Hey, watch your language. Okay?\n - What language? I said ""hat.""\n']"
157,"['00:16:54,381', '00:16:56,301']","[' Really, Maggie? That guy?\n']"
158,"['00:16:58,181', '00:16:59,421']",[' and you have to get engaged to a cop?\n']
159,"['00:17:03,021', '00:17:05,741']","["" I'm trying, okay? I've changed.\n I'm straight.\n""]"
160,"['00:17:09,821', '00:17:10,781']",[' I wanna provide.\n']
161,"['00:17:13,581', '00:17:14,461']",[' So much.\n']
162,"['00:17:18,061', '00:17:19,064']",[' What do I do?\n']
163,"['00:17:21,661', '00:17:23,981']","[' get a job, pay child support.\n']"
164,"['00:17:27,941', '00:17:29,911']","["" You're her hero, Scott.\n""]"
165,"['00:17:58,781', '00:18:01,673']","["" I'm sorry you have such deep concerns\n about the Yellowjacket, Frank.\n""]"
166,"['00:18:04,341', '00:18:08,826']","["" Unfortunately, we can't just do\n whatever we want.\n""]"
167,"['00:18:12,541', '00:18:13,590']",[' But there are laws.\n']
168,"['00:18:15,781', '00:18:18,101']",[' The laws of nature\n transcend the laws of man.\n']
169,"['00:18:23,741', '00:18:26,826']","["" Darren, I don't think you understand...\n""]"
170,"['00:18:32,901', '00:18:35,383']","["" We still haven't worked out all the bugs.\n""]"
171,"['00:18:55,501', '00:18:57,107']",[' Thank you.\n']
172,"['00:19:04,061', '00:19:06,301']","[' And today,\n during my morning meditation,\n']"
173,"['00:19:09,501', '00:19:10,661']","["" How's that?\n""]"
174,"['00:19:14,061', '00:19:17,541']","["" I've spent years carrying around\n my anger for Hank Pym.\n""]"
175,"['00:19:20,421', '00:19:22,266']",[' I could have worked anywhere.\n']
176,"['00:19:25,421', '00:19:27,232']","["" You didn't even have a choice.\n""]"
177,"['00:19:31,141', '00:19:35,865']","["" It's a shame what we had to do,\n but he forced us to do it, didn't he?\n""]"
178,"['00:19:40,021', '00:19:42,781']","[' Because his failures as a mentor,\n']"
179,"['00:19:45,701', '00:19:48,786']",[' forced us to spread our wings.\n']
180,"['00:19:54,381', '00:19:56,704']",[' You deserve everything\n coming your way.\n']
181,"['00:20:18,021', '00:20:19,673']",[' Stop cheating.\n']
182,"['00:20:23,381', '00:20:25,141']","["" Maybe he didn't hear you.\n""]"
183,"['00:20:33,181', '00:20:35,541']",[' - Tell me about that tip.\n - What?\n']
184,"['00:20:37,781', '00:20:40,301']","["" Oh, baby, it's on! It's so on, right now.\n""]"
185,"['00:20:42,981', '00:20:44,269']","["" It's gotta be airtight.\n""]"
186,"['00:20:46,221', '00:20:48,341']",[' I was at a wine tasting\n with my cousin Ernesto.\n']
187,"['00:20:50,941', '00:20:53,141']",[' But there was a rosÃ© that saved the day.\n It was delightful.\n']
188,"['00:20:56,021', '00:20:58,101']",[' <i>It was actually the first pair of boobs\n I ever touched.</i>\n']
189,"['00:21:00,021', '00:21:01,261']",[' It has nothing to do with the story.\n']
190,"['00:21:03,301', '00:21:06,821']","["" <i>So, uh, he tells me that she's\n working as a housekeeper now, right?</i>\n""]"
191,"['00:21:10,421', '00:21:13,381']","["" <i>And she tells him about the dude\n that she's cleaning for.</i>\n""]"
192,"['00:21:16,021', '00:21:17,981']","["" <i>That is all retired now, but he's loaded.</i>\n""]"
193,"['00:21:22,021', '00:21:23,501']","[' <i>and they get to talking, right?</i>\n']"
194,"['00:21:27,221', '00:21:31,181']","[' <i>""This guy\'s got a big-ass safe just\n sitting in the basement, just chilling.""</i>\n']"
195,"['00:21:33,941', '00:21:34,821']","[' <i>Of course, I ask him...</i>\n']"
196,"['00:21:38,421', '00:21:39,541']","[' <i>And he says, ""Nah, dawg.</i>\n']"
197,"['00:21:42,021', '00:21:44,185']","[' <i>""and whatever\'s in it, it\'s gotta be good.""</i>\n']"
198,"['00:21:48,261', '00:21:50,661']",[' Old man have safe.\n']
199,"['00:21:53,021', '00:21:54,861']","["" All right.\n There's an old man, he's got a safe,\n""]"
200,"['00:21:56,261', '00:21:57,221']","["" Let's just work with that.\n""]"
201,"['00:22:47,981', '00:22:50,741']","["" Landline's cut, cell signal's jammed.\n""]"
202,"['00:22:53,301', '00:22:54,181']",[' Comm check.\n']
203,"['00:22:55,581', '00:22:57,661']","[' Hey, if the job goes bad,\n you know I got your back, right?\n']"
204,"['00:22:59,181', '00:23:01,390']","["" It's not gonna happen.\n""]"
205,"['00:23:11,661', '00:23:12,744']",[' Damn!\n']
206,"['00:23:41,661', '00:23:42,710']",[' Nice.\n']
207,"['00:24:12,541', '00:24:14,301']","["" There's a fingerprint lock on the door.\n""]"
208,"['00:24:17,181', '00:24:19,141']","[' <i>Aw, man, are we screwed?</i>\n']"
209,"['00:25:09,261', '00:25:10,221']","["" I'm in.\n""]"
210,"['00:25:17,461', '00:25:19,141']","[' Oh, man.\n']"
211,"['00:25:21,301', '00:25:23,901']","["" Well, they weren't kidding.\n This safe is serious.\n""]"
212,"['00:25:26,421', '00:25:27,981']","["" It's a Carbondale.\n""]"
213,"['00:25:29,661', '00:25:32,301']",[' Made from the same steel as the Titanic.\n']
214,"['00:25:33,821', '00:25:35,101']",[' Can you crack it?\n']
215,"['00:25:38,821', '00:25:39,981']",[' Remember what that iceberg did?\n']
216,"['00:25:41,981', '00:25:42,861']",[' Killed everybody.\n']
217,"['00:25:44,701', '00:25:46,865']",[' She still throw the jewel into the oceans.\n']
218,"['00:26:40,701', '00:26:43,343']",[' I poured water in the locking mechanism\n and froze it with nitrogen.\n']
219,"['00:26:46,701', '00:26:48,705']",[' <i>- What are you doing now?</i>\n - Waiting.\n']
220,"['00:26:59,541', '00:27:00,544']",[' Nice.\n']
221,"['00:27:07,701', '00:27:09,546']","["" - There's nothing here.\n - What did you say?\n""]"
222,"['00:27:13,701', '00:27:15,592']","["" It's an old motorcycle suit.\n""]"
223,"['00:27:18,581', '00:27:20,028']",[' No.\n']
224,"['00:27:21,941', '00:27:24,341']","["" I'm really sorry, Scotty.\n""]"
225,"['00:28:01,101', '00:28:02,434']",[' I thought we were using mice.\n']
226,"['00:28:05,781', '00:28:10,541']",[' Commence Experiment 34-C.\n Organic atomic reduction.\n']
227,"['00:28:12,621', '00:28:14,981']",[' Shrinking organic tissue\n is the centerpiece of this technology.\n']
228,"['00:28:41,701', '00:28:45,821']","[' Experiment 34-C results,\n']"
229,"['00:28:51,461', '00:28:55,024']",[' Sanitize the work station.\n Bring in subject 35-C.\n']
230,"['00:29:29,541', '00:29:31,784']",[' This is so weird.\n']
231,"['00:30:10,421', '00:30:12,790']",[' I wonder... What is this?\n']
232,"['00:30:46,781', '00:30:49,184']",[' What? Who said that?\n']
233,"['00:30:57,221', '00:31:00,821']","["" <i>It's a trial by fire, Scott.\n Or, in this case,</i>\n""]"
234,"['00:31:26,541', '00:31:28,830']","["" <i>Guess you're tougher\n than you thought.</i>\n""]"
235,"['00:31:33,661', '00:31:34,903']",[' Luis!\n']
236,"['00:32:57,981', '00:32:59,394']",[' What the hell?\n']
237,"['00:33:03,021', '00:33:05,021']","["" <i>Keep the suit. I'll be in touch.</i>\n""]"
238,"['00:33:19,421', '00:33:21,421']",[' Get down on the ground!\n']
239,"['00:33:23,101', '00:33:25,781']","["" No, I didn't steal anything!\n I was returning something I stole.\n""]"
240,"['00:33:29,301', '00:33:30,953']","["" Don't move.\n""]"
241,"['00:33:36,301', '00:33:38,431']",[' that you were gonna change your ways.\n']
242,"['00:33:42,781', '00:33:44,785']","["" It's gonna break their hearts.\n""]"
243,"['00:33:50,381', '00:33:51,384']",[' Your lawyer.\n']
244,"['00:33:56,621', '00:33:59,069']","["" I told you I'd be in touch, Scott.\n""]"
245,"['00:34:04,381', '00:34:05,384']","[' Oh, man.\n']"
246,"['00:34:10,741', '00:34:13,621']","["" Sir, I'm sorry I stole the suit.\n""]"
247,"['00:34:15,781', '00:34:17,751']",[' Maggie was right about you.\n']
248,"['00:34:20,421', '00:34:22,463']","["" No wonder she's trying\n to keep you away from Cassie.\n""]"
249,"['00:34:25,501', '00:34:26,948']",[' you turn right back to crime.\n']
250,"['00:34:31,701', '00:34:34,354']","[' You can either spend\n the rest of your life in prison,\n']"
251,"['00:34:37,621', '00:34:39,981']",[' and await further instructions.\n']
252,"['00:34:41,661', '00:34:43,701']","["" No, I don't expect you to.\n""]"
253,"['00:34:47,021', '00:34:48,354']",[' neither do I.\n']
254,"['00:34:53,181', '00:34:54,344']",[' What?\n']
255,"['00:35:07,901', '00:35:10,821']","[' So, next time you think\n you might see one,\n']"
256,"['00:35:27,541', '00:35:29,621']","["" <i>You're my bestest friend!</i>\n""]"
257,"['00:35:31,901', '00:35:33,826']","[' No, I love this one.\n']"
258,"['00:35:37,781', '00:35:39,061']",[' - Mommy?\n - Hmm?\n']
259,"['00:35:42,181', '00:35:45,027']","["" I heard some grownups say he's bad.\n""]"
260,"['00:35:47,981', '00:35:51,032']","[' Daddy just gets confused sometimes,\n you know?\n']"
261,"['00:36:46,501', '00:36:47,504']",[' <i>Under the door.</i>\n']
262,"['00:36:54,301', '00:36:56,305']","[' <i>- Hang tight.</i>\n - Oh, God.\n']"
263,"['00:37:00,221', '00:37:01,101']",[' Where the hell did he go?\n']
264,"['00:37:02,661', '00:37:04,501']",[' Set up a five-block perimeter. Now!\n']
265,"['00:37:05,981', '00:37:08,589']","[' <i>Scott, these are my associates.</i>\n']"
266,"['00:37:10,581', '00:37:12,341']","[' Yeah, sure. Why not?\n']"
267,"['00:37:13,621', '00:37:15,141']","["" <i>No car. We've got wings.</i>\n""]"
268,"['00:37:26,541', '00:37:29,461']",[' <i>Put your foot on the central node\n and mount the thorax.</i>\n']
269,"['00:37:44,741', '00:37:48,181']","["" Why am I on a police car?\n Shouldn't I not be on a police car?\n""]"
270,"['00:37:50,861', '00:37:52,381']",[' All right.\n']
271,"['00:37:54,621', '00:37:56,261']","["" Oh, this is easy!\n I'm getting the hang of this.\n""]"
272,"['00:37:58,181', '00:38:00,101']","["" <i>You're throwing 247 off balance.</i>\n""]"
273,"['00:38:01,781', '00:38:03,421']","["" <i>He doesn't have a name,\n he has a number, Scott.</i>\n""]"
274,"['00:38:06,261', '00:38:07,861']",[' Whoa!\n']
275,"['00:38:10,021', '00:38:11,341']","[' No, no! Vertigo, vertigo!\n']"
276,"['00:38:13,901', '00:38:15,341']",[' <i>Hang on tight!</i>\n']
277,"['00:38:17,621', '00:38:20,381']",[' <i>I am controlling 247.\n He is not listening to you.</i>\n']
278,"['00:38:21,621', '00:38:23,512']",[' - Can I make one little request?\n <i>- No.</i>\n']
279,"['00:38:27,701', '00:38:28,741']",[' Time out.\n']
280,"['00:38:30,101', '00:38:31,992']",[' Just wait! Whoa!\n']
281,"['00:38:34,301', '00:38:37,541']","["" <i>It's my helmet, Scott.\n You do not throw up.</i>\n""]"
282,"['00:38:39,421', '00:38:40,301']","["" I'm getting light-headed.\n""]"
283,"['00:38:42,261', '00:38:44,101']","["" I'm getting a little light...\n""]"
284,"['00:38:46,741', '00:38:49,110']",[' Hit me in 5 minutes.\n']
285,"['00:39:12,381', '00:39:13,544']",[' Who are you?\n']
286,"['00:39:18,461', '00:39:19,421']",[' Yes.\n']
287,"['00:39:21,541', '00:39:23,783']","[' Because the last time you were here,\n you stole something.\n']"
288,"['00:39:27,461', '00:39:28,624']","[' Hey, look...\n']"
289,"['00:39:35,181', '00:39:36,781']",[' <i>Paraponera clavata.</i>\n']
290,"['00:39:38,541', '00:39:39,981']",[' ranked highest\n on the Schmidt pain index.\n']
291,"['00:39:43,181', '00:39:45,948']","["" Dr. Pym's waiting for you downstairs.\n""]"
292,"['00:39:49,901', '00:39:50,781']",[' Hey!\n']
293,"['00:40:00,061', '00:40:01,986']",[' How am I supposed to do this?\n']
294,"['00:40:13,421', '00:40:14,424']",[' Ugh!\n']
295,"['00:40:24,381', '00:40:26,581']","["" I could take down the servers\n and Cross wouldn't even know it.\n""]"
296,"['00:40:28,061', '00:40:30,421']","["" I assume that you've already\n met my daughter, Hope.\n""]"
297,"['00:40:33,261', '00:40:35,381']","["" She doesn't think that we need you.\n""]"
298,"['00:40:37,021', '00:40:40,141']","[' I go to all this effort\n to let you steal my suit,\n']"
299,"['00:40:42,981', '00:40:45,901']","["" Okay, we can try this and when he fails,\n I'll do it myself.\n""]"
300,"['00:40:48,261', '00:40:49,581']","[' It has to do with this job,\n']"
301,"['00:40:52,381', '00:40:54,501']","["" I take it that you're interested in.\n""]"
302,"['00:40:55,901', '00:40:57,064']",[' Would you like some tea?\n']
303,"['00:40:59,381', '00:41:00,861']",[' I was very impressed with\n']
304,"['00:41:05,101', '00:41:07,981']",[' Freezing that metal\n was particularly clever.\n']
305,"['00:41:09,701', '00:41:12,781']","["" Scott, I've been watching you for a while.\n""]"
306,"['00:41:16,861', '00:41:18,501']",[' Oh! Excuse me.\n']
307,"['00:41:22,301', '00:41:26,141']","["" Vista's security system was one of\n the most advanced in the business.\n""]"
308,"['00:41:28,141', '00:41:29,941']",[' But you beat it.\n']
309,"['00:41:31,541', '00:41:33,113']","[' Yeah, thanks.\n']"
310,"['00:41:43,221', '00:41:45,261']",[' How do you make them do that?\n']
311,"['00:41:48,181', '00:41:51,701']","[' They build, farm,\n they cooperate with each other.\n']"
312,"['00:41:56,021', '00:42:01,632']",[' I use electromagnetic waves\n to stimulate their olfactory nerve center.\n']
313,"['00:42:04,781', '00:42:07,061']","[' I can go anywhere, hear anything,\n']"
314,"['00:42:08,741', '00:42:10,632']",[' And still know absolutely nothing.\n']
315,"['00:42:16,101', '00:42:17,741']",[' Uh... Dr. Pym?\n']
316,"['00:42:20,821', '00:42:23,341']","[' Sorry, I just have one question.\n']"
317,"['00:42:25,741', '00:42:27,261']",[' and can I go back to jail now?\n']
318,"['00:42:29,501', '00:42:33,501']","[' 40 years ago, I created a formula\n that altered atomic relative distance.\n']"
319,"['00:42:34,981', '00:42:37,101']",[' I learned how to change\n the distance between atoms.\n']
320,"['00:42:39,101', '00:42:40,787']","["" That's why it works.\n""]"
321,"['00:42:48,381', '00:42:49,987']",[' - Whoa!\n - But it was dangerous.\n']
322,"['00:42:53,981', '00:42:55,951']",[' So I hid it from the world.\n']
323,"['00:43:00,661', '00:43:01,661']",[' Pym Tech.\n']
324,"['00:43:03,941', '00:43:07,621']",[' I took on a young protÃ©gÃ©\n called Darren Cross.\n']
325,"['00:43:09,141', '00:43:10,061']","["" He's a big deal.\n""]"
326,"['00:43:12,821', '00:43:17,021']","[' I thought I saw something in him.\n The son I never had, perhaps.\n']"
327,"['00:43:19,621', '00:43:23,101']","["" he began to suspect\n that I wasn't telling him everything.\n""]"
328,"['00:43:27,021', '00:43:30,232']",[' and he became obsessed\n with recreating my formula.\n']
329,"['00:43:31,861', '00:43:35,581']",[' So he conspired against me and\n he voted me out of my own company.\n']
330,"['00:43:37,381', '00:43:40,061']","["" The board's chairman\n is my daughter, Hope.\n""]"
331,"['00:43:43,741', '00:43:45,061']",[' But she came back to me\n']
332,"['00:43:49,701', '00:43:51,821']",[' The process is highly volatile.\n']
333,"['00:43:54,941', '00:43:57,833']","["" it can affect the brain's chemistry.\n""]"
334,"['00:44:00,941', '00:44:03,787']","["" and, you know, he's not\n the most stable guy to begin with.\n""]"
335,"['00:44:08,701', '00:44:12,261']","[' Scott, I believe that everyone deserves\n a shot at redemption.\n']"
336,"['00:44:13,541', '00:44:14,988']",[' I do.\n']
337,"['00:44:17,221', '00:44:20,944']",[' I promise I can help you be\n with your daughter again.\n']
338,"['00:44:24,941', '00:44:25,901']",[' Absolutely.\n']
339,"['00:44:30,941', '00:44:32,181']",[' What do you want me to do?\n']
340,"['00:44:38,661', '00:44:40,263']",[' Are you gonna be home\n for dinner tonight?\n']
341,"['00:44:44,581', '00:44:45,869']",[' Okay. Good news?\n']
342,"['00:44:48,461', '00:44:50,989']",[' Are you trying to find my daddy?\n']
343,"['00:44:55,901', '00:44:57,221']",[' I just want your daddy to be safe.\n']
344,"['00:45:45,701', '00:45:47,221']","["" This isn't the first time these guys\n""]"
345,"['00:45:50,301', '00:45:54,221']","["" That's Mitchell Carson,\n Ex-Head of Defense at S.H.I.E.L.D.\n""]"
346,"['00:45:57,341', '00:45:59,101']",[' He always wanted my tech.\n']
347,"['00:46:02,701', '00:46:04,831']","[' and destroy all the data,\n']"
348,"['00:46:13,261', '00:46:17,348']",[' I think our first move should be\n calling the Avengers.\n']
349,"['00:46:20,501', '00:46:23,541']",[' trying to keep this technology\n out of the hands of a Stark.\n']
350,"['00:46:27,581', '00:46:30,861']",[' This is not some cute technology\n like the Iron Man suit.\n']
351,"['00:46:35,541', '00:46:39,593']","["" Besides, they're probably too busy\n dropping cities out of the sky.\n""]"
352,"['00:46:42,821', '00:46:44,821']","[' Scott, they are ants.\n']"
353,"['00:46:50,021', '00:46:54,741']","["" Somebody that could infiltrate a place\n that's designed to prevent infiltration.\n""]"
354,"['00:46:58,621', '00:47:00,581']","["" He's right, Hank.\n And you know it.\n""]"
355,"['00:47:03,941', '00:47:05,381']","[' I was against using him\n when we had months,\n']"
356,"['00:47:07,621', '00:47:08,501']","["" I'm wearing the suit.\n""]"
357,"['00:47:10,181', '00:47:12,981']",[' I know the facility inside and out.\n I know how Cross thinks.\n']
358,"['00:47:14,821', '00:47:17,381']","[' We need you close to Cross.\n Otherwise, this mission cannot work.\n']"
359,"['00:47:20,101', '00:47:21,541']","["" He is a criminal!\n I'm your daughter.\n""]"
360,"['00:48:01,461', '00:48:03,101']","["" She's right, Hank.\n""]"
361,"['00:48:05,581', '00:48:07,781']","["" Why don't you wear the suit?\n""]"
362,"['00:48:10,261', '00:48:11,503']","["" I can't.\n""]"
363,"['00:48:15,621', '00:48:17,830']",[' and it took a toll on me.\n']
364,"['00:48:32,021', '00:48:34,741']","[' Before Hope lost her mother,\n']"
365,"['00:48:40,741', '00:48:44,031']","["" And now she looks at me\n and there's just disappointment.\n""]"
366,"['00:48:50,581', '00:48:52,221']",[' but not for you.\n']
367,"['00:48:54,421', '00:48:57,901']","["" The chance to earn that look\n in your daughter's eyes.\n""]"
368,"['00:49:02,701', '00:49:05,229']","["" It's not about saving our world.\n""]"
369,"['00:49:11,861', '00:49:13,706']",[' Damn. That was a good speech.\n']
370,"['00:49:16,421', '00:49:20,223']",[' I need you to be the Ant-Man.\n']
371,"['00:49:24,741', '00:49:27,901']",[' the relationship between man and suit\n is symbiotic.\n']
372,"['00:49:31,941', '00:49:34,661']","[' You need to be skillful, agile,\n and above all,\n']"
373,"['00:49:36,141', '00:49:37,941']",[' You should be able to shrink and grow\n']
374,"['00:49:39,941', '00:49:43,265']",[' So your size always suits your needs.\n']
375,"['00:49:46,261', '00:49:50,234']","[' You charge big, you dive small,\n then you emerge big.\n']"
376,"['00:49:54,941', '00:49:55,944']",[' Ahhh!\n']
377,"['00:49:58,141', '00:49:59,269']",[' Useless.\n']
378,"['00:50:03,101', '00:50:04,901']",[' so you have the force\n of a 200-pound man\n']
379,"['00:50:08,461', '00:50:11,701']","["" You punch too hard, you kill someone.\n Too soft, it's a love tap.\n""]"
380,"['00:50:13,461', '00:50:15,101']",[' I was in prison for three years.\n I know how to punch.\n']
381,"['00:50:17,101', '00:50:18,863']",[' - Terrible.\n - You wanna show me how to punch?\n']
382,"['00:50:21,901', '00:50:23,541']","["" That's how you punch.\n""]"
383,"['00:50:26,581', '00:50:29,101']",[' Hope trained in martial arts\n at a difficult time.\n']
384,"['00:50:31,461', '00:50:33,381']",[' We lost her in a plane crash.\n']
385,"['00:50:35,381', '00:50:36,821']",[' Could you please stop\n telling me that lie?\n']
386,"['00:50:41,981', '00:50:43,703']","["" All right, princess.\n Let's get back to work.\n""]"
387,"['00:50:53,021', '00:50:55,021']","[' You know, I think this regulator\n is holding me back.\n']"
388,"['00:50:57,981', '00:50:59,621']","[' If that regulator is compromised,\n']"
389,"['00:51:01,461', '00:51:02,828']",[' What does that mean?\n']
390,"['00:51:06,181', '00:51:07,461']",[' What does that mean?\n']
391,"['00:51:12,261', '00:51:13,181']",[' become irrelevant\n']
392,"['00:51:16,981', '00:51:19,421']",[' Everything that you know\n']
393,"['00:51:21,861', '00:51:23,433']",[' gone forever.\n']
394,"['00:51:27,741', '00:51:28,941']","["" You've learned about the suit,\n""]"
395,"['00:51:33,181', '00:51:34,230']",[' the ants.\n']
396,"['00:51:36,181', '00:51:37,992']",[' <i>and your partners on this job.</i>\n']
397,"['00:51:47,021', '00:51:49,101']","["" <i>They're lightning fast\n and can conduct electricity,</i>\n""]"
398,"['00:51:51,821', '00:51:53,507']","["" You're not so crazy.\n""]"
399,"['00:51:56,021', '00:51:57,309']","["" You're cute.\n""]"
400,"['00:52:17,261', '00:52:20,821']",[' It looks like the Futures Lab\n has its own isolated power supply.\n']
401,"['00:52:23,021', '00:52:25,501']","["" We'll need you to take him out\n to deactivate the security systems.\n""]"
402,"['00:52:30,301', '00:52:31,501']",[' Paraponera clavata.\n']
403,"['00:52:33,421', '00:52:34,901']",[' Number 1 on the Schmidt pain index?\n']
404,"['00:52:39,701', '00:52:41,501']","[' <i>The Yellowjacket pod\n is hermetically sealed,</i>\n']"
405,"['00:52:43,101', '00:52:45,741']",[' we estimate to be about\n 5 millimeters in diameter.\n']
406,"['00:52:47,861', '00:52:49,941']","[' <i>The tube is protected\n by a laser grid,</i>\n']"
407,"['00:52:51,981', '00:52:54,461']","["" You're gonna need to signal\n the crazy ants to blow the servers,\n""]"
408,"['00:52:58,821', '00:53:00,985']",[' Camponotus pennsylvanicus.\n']
409,"['00:53:03,301', '00:53:05,981']",[' Ideal for ground and air transport.\n']
410,"['00:53:09,141', '00:53:11,341']","[' I\'m gonna call him ""Ant-thony.""\n']"
411,"['00:53:12,861', '00:53:17,381']","["" Because this time, you're really gonna\n have to learn how to control him.\n""]"
412,"['00:53:23,261', '00:53:24,549']",[' Aw! You okay?\n Did I hurt...\n']
413,"['00:53:38,541', '00:53:40,781']","[' <i>The suit has no weapons,\n so I made you these discs.</i>\n']"
414,"['00:53:43,261', '00:53:44,833']",[' <i>Blue enlarges.</i>\n']
415,"['00:53:49,421', '00:53:50,621']","[' <i>Known for their bite,</i>\n']"
416,"['00:53:53,621', '00:53:56,706']",[' <i>They are handy to get you in and out\n of difficult places.</i>\n']
417,"['00:54:10,661', '00:54:12,621']","["" They're not listening to me.\n""]"
418,"['00:54:15,541', '00:54:17,461']","[' No shortcuts, no lies.\n']"
419,"['00:54:22,341', '00:54:23,741']","["" We don't have time for coddling.\n""]"
420,"['00:54:26,181', '00:54:27,594']",[' Really?\n']
421,"['00:54:54,701', '00:54:55,829']",[' Hope!\n']
422,"['00:55:16,181', '00:55:18,470']","["" We can't do this without her.\n""]"
423,"['00:55:23,781', '00:55:25,621']",[' You gotta lock your doors.\n']
424,"['00:55:28,781', '00:55:30,467']",[' Do you think this is a joke?\n']
425,"['00:55:34,101', '00:55:35,221']",[' You have a daughter.\n']
426,"['00:55:36,821', '00:55:39,793']","["" You know, when my mother died,\n I didn't see him for two weeks.\n""]"
427,"['00:55:41,621', '00:55:42,861']","[' Yeah, so was I, and I was seven.\n']"
428,"['00:55:46,621', '00:55:48,466']",[' He just sent me off to boarding school.\n']
429,"['00:55:51,621', '00:55:52,861']","["" with all that's at stake,\n""]"
430,"['00:55:56,301', '00:55:58,101']","[' But, even now,\n he still wants to shut me out.\n']"
431,"['00:56:01,261', '00:56:02,501']",[' Then why are you here?\n']
432,"['00:56:06,101', '00:56:08,390']",[' Hope. Look at me.\n']
433,"['00:56:11,941', '00:56:13,388']","["" That's why I'm here.\n""]"
434,"['00:56:17,261', '00:56:19,470']","["" I mean, it's why I'm in the suit\n and you're not.\n""]"
435,"['00:56:25,621', '00:56:26,670']",[' Anyway...\n']
436,"['00:56:31,221', '00:56:33,464']",[' when I called the cops on you.\n']
437,"['00:56:39,501', '00:56:40,993']",[' Cassie.\n']
438,"['00:56:46,901', '00:56:49,621']","[' You have to clear your mind, Scott.\n You have to make your thoughts precise.\n']"
439,"['00:56:52,941', '00:56:54,221']",[' Think about Cassie.\n']
440,"['00:57:07,061', '00:57:08,741']",[' Open your eyes\n']
441,"['00:57:34,141', '00:57:35,383']","["" That's good!\n""]"
442,"['00:57:56,221', '00:57:59,306']",[' to let her join me on my missions.\n']
443,"['00:58:02,061', '00:58:04,304']",[' She was born to it.\n']
444,"['00:58:08,781', '00:58:11,787']","["" that I don't regret having said yes.\n""]"
445,"['00:58:18,741', '00:58:23,226']",[' Separatists had hijacked\n a Soviet missile silo in Kursk\n']
446,"['00:58:35,141', '00:58:38,221']",[' <i>The only way to the internal mechanics</i>\n']
447,"['00:58:49,621', '00:58:54,221']",[' <i>I knew I had to shrink between\n the molecules to disarm the missile.</i>\n']
448,"['00:58:59,381', '00:59:00,701']","[' <i>Your mother,</i>\n']"
449,"['00:59:04,421', '00:59:06,027']",[' Janet! No!\n']
450,"['00:59:16,021', '00:59:17,752']",[' and went subatomic\n']
451,"['00:59:23,141', '00:59:24,952']",[' And she was gone.\n']
452,"['00:59:34,181', '00:59:36,421']",[' And I spent the next 10 years\n']
453,"['00:59:44,501', '00:59:46,631']",[' You were trying to bring her back.\n']
454,"['00:59:56,861', '00:59:58,706']","["" It's not your fault.\n""]"
455,"['01:00:08,021', '01:00:11,581']","["" But why didn't you tell me that sooner?\n""]"
456,"['01:00:16,581', '01:00:18,233']",[' I lost your mother.\n']
457,"['01:00:23,941', '01:00:25,308']","["" I'm sorry.\n""]"
458,"['01:00:31,021', '01:00:32,581']","["" It's awesome, you know?\n""]"
459,"['01:00:35,941', '01:00:37,388']","["" It's important.\n""]"
460,"['01:00:41,861', '01:00:43,592']","[' Yes, you did. Yes.\n']"
461,"['01:00:52,301', '01:00:53,384']",[' Nailed it!\n']
462,"['01:01:34,181', '01:01:37,301']",[' <i>The final phase of your training\n will be a stealth incursion.</i>\n']
463,"['01:01:38,741', '01:01:41,110']","["" You couldn't make a suit\n with a flannel lining?\n""]"
464,"['01:01:44,741', '01:01:47,341']","["" It's a device that I invented\n during my S.H.I.E.L.D. days.\n""]"
465,"['01:01:49,301', '01:01:51,192']",[' that Cross installed in the Futures vault.\n']
466,"['01:01:54,261', '01:01:57,261']","["" in one of Howard Stark's old\n storage facilities in upstate New York.\n""]"
467,"['01:01:59,541', '01:02:01,301']","["" You're over the target area.\n""]"
468,"['01:02:03,861', '01:02:04,901']","[' Squadron A, go!\n']"
469,"['01:02:08,781', '01:02:09,944']","[' C, go!\n']"
470,"['01:02:14,261', '01:02:17,461']","[' Oh, it feels like a big leap\n from sugar cubes to this!\n']"
471,"['01:02:20,541', '01:02:22,301']",[' Guys?\n We might have a problem.\n']
472,"['01:02:26,021', '01:02:27,070']","["" It's not!\n""]"
473,"['01:02:32,741', '01:02:34,421']","[' - Scott, get out of there.\n - Abort!\n']"
474,"['01:02:35,781', '01:02:38,421']","["" No, it's okay.\n It doesn't look like anyone's home.\n""]"
475,"['01:02:41,541', '01:02:42,501']","["" He's gonna lose the suit.\n""]"
476,"['01:02:50,021', '01:02:52,151']","["" <i>All right, I'm on the roof\n of the target building.</i>\n""]"
477,"['01:02:58,021', '01:02:59,221']","["" <i>What's going on down there, Sam?</i>\n""]"
478,"['01:03:01,221', '01:03:03,351']","["" I had a sensor trip\n but I'm not seeing anything.\n""]"
479,"['01:03:05,021', '01:03:06,861']","[' Abort, Scott! Abort now!\n']"
480,"['01:03:08,661', '01:03:09,581']",[' I can see you.\n']
481,"['01:03:13,301', '01:03:15,101']","["" Hi. I'm Scott.\n""]"
482,"['01:03:17,021', '01:03:20,181']","["" - What are you doing here?\n - First off, I'm a big fan.\n""]"
483,"['01:03:22,861', '01:03:23,901']","["" I'm Ant-Man.\n""]"
484,"['01:03:25,461', '01:03:27,421']","["" What? You haven't heard of me?\n""]"
485,"['01:03:29,781', '01:03:31,141']",[' You wanna tell me what you want?\n']
486,"['01:03:33,821', '01:03:35,421']","["" Just for a few days. I'm gonna return it.\n""]"
487,"['01:03:38,341', '01:03:39,754']",[' I know exactly how that is.\n']
488,"['01:03:41,781', '01:03:43,263']",[' - Bringing him in.\n - Sorry about this!\n']
489,"['01:03:52,221', '01:03:54,943']","[' Breach is an adult male,\n who has some sort of shrinking tech.\n']"
490,"['01:04:09,421', '01:04:10,913']","["" Look, I'm sorry about this. Sorry.\n""]"
491,"['01:04:35,701', '01:04:37,387']",[' Ant-thony! A little help!\n']
492,"['01:05:00,421', '01:05:01,541']","["" He's inside my pack!\n""]"
493,"['01:05:04,381', '01:05:05,703']",[' You seem like a really great guy.\n']
494,"['01:05:37,821', '01:05:41,350']",[' That was completely irresponsible\n and dangerous!\n']
495,"['01:06:00,221', '01:06:01,827']",[' You got it.\n']
496,"['01:06:05,901', '01:06:06,741']",[' Wait a minute.\n']
497,"['01:06:08,421', '01:06:10,903']","["" - He did, didn't he?\n - Kind of sounded like he did.\n""]"
498,"['01:06:15,781', '01:06:19,301']","["" Hey, how about the fact that\n I fought an Avenger and didn't die?\n""]"
499,"['01:06:22,061', '01:06:24,191']",[' We gotta finish our planning.\n']
500,"['01:06:28,741', '01:06:29,744']",[' You did good.\n']
501,"['01:06:40,901', '01:06:42,553']",[' How the hell did you get in here?\n']
502,"['01:06:46,421', '01:06:47,261']","["" It's official.\n""]"
503,"['01:06:49,181', '01:06:50,344']",[' The plans.\n']
504,"['01:06:56,581', '01:06:59,268']","[' Well, to what do I owe this pleasure?\n']"
505,"['01:07:01,861', '01:07:03,103']",[' Really?\n']
506,"['01:07:05,541', '01:07:10,061']","[' Pym Tech, the company you created,\n']"
507,"['01:07:14,141', '01:07:17,909']","["" We're anticipating $15 billion in sales,\n tomorrow alone.\n""]"
508,"['01:07:29,981', '01:07:32,463']","["" I know this is odd,\n but I'd like you to be there.\n""]"
509,"['01:07:36,381', '01:07:37,821']","[' Sure, Darren. Yeah, sure.\n']"
510,"['01:07:56,381', '01:07:57,828']",[' What did you see in me?\n']
511,"['01:08:01,341', '01:08:03,821']","[' All those years ago, you picked me.\n']"
512,"['01:08:07,701', '01:08:09,467']",[' I saw myself.\n']
513,"['01:08:14,021', '01:08:17,345']",[' Because I saw too much of myself.\n']
514,"['01:08:29,701', '01:08:31,301']",[' We have to call it off.\n']
515,"['01:08:32,741', '01:08:33,941']",[' What if he saw me here?\n']
516,"['01:08:35,541', '01:08:37,910']",[' How do you know that?\n']
517,"['01:08:46,781', '01:08:49,593']","[' Hope, where are you right now?\n']"
518,"['01:08:51,501', '01:08:53,141']",[' <i>I just saw Hank.</i>\n']
519,"['01:08:55,221', '01:08:58,661']","["" Don't let him rile you up.\n He's just a senile old man.\n""]"
520,"['01:09:01,421', '01:09:03,101']",[' <i>Get the assembly line up and running.</i>\n']
521,"['01:09:04,661', '01:09:06,541']",[' Full sensors at all entrances\n']
522,"['01:09:10,261', '01:09:11,741']",[' Great. Good idea.\n']
523,"['01:09:18,701', '01:09:23,061']","["" He's tripling security.\n He's lost his mind, and he's onto you.\n""]"
524,"['01:09:25,301', '01:09:27,581']","["" He's adding full body scanners\n to all entrances\n""]"
525,"['01:09:29,581', '01:09:31,506']",[' How are we gonna get Scott inside?\n']
526,"['01:09:35,661', '01:09:37,461']","["" You can't add security to a water main.\n""]"
527,"['01:09:40,061', '01:09:41,141']","["" that's how I get in.\n""]"
528,"['01:09:43,621', '01:09:44,861']",[' to change the water pressure.\n']
529,"['01:09:47,861', '01:09:49,388']",[' So we expand our team.\n']
530,"['01:09:51,061', '01:09:54,341']","[' A fake security guard on the inside\n to de-pressurize the water system,\n']"
531,"['01:09:56,461', '01:09:57,741']","[' and kill the laser grid,\n']"
532,"['01:10:00,341', '01:10:04,314']","[' No, no. No, no, no.\n Not those three Wombats. No way.\n']"
533,"['01:10:06,461', '01:10:09,941']","["" It's not too often that you rob a place\n and then get welcomed back.\n""]"
534,"['01:10:13,581', '01:10:17,021']","[' You know that he was arrested\n for stealing a smoothie machine, right?\n']"
535,"['01:10:18,621', '01:10:20,061']",[' Are you sure they can handle this?\n']
536,"['01:10:21,741', '01:10:25,261']","["" You'll forgive us if we're not\n instilled with confidence.\n""]"
537,"['01:10:28,181', '01:10:29,381']",[' We know our business.\n']
538,"['01:10:32,021', '01:10:33,341']",[' I let you.\n']
539,"['01:10:36,901', '01:10:40,101']","["" - Look, it's okay. They can handle this.\n - Yeah, we can handle it.\n""]"
540,"['01:10:42,141', '01:10:44,501']","["" - I'm in the system?\n - You're in the system.\n""]"
541,"['01:10:45,981', '01:10:48,141']","["" Yeah, we're doomed.\n""]"
542,"['01:10:49,461', '01:10:51,021']","["" There's something\n you guys need to see.\n""]"
543,"['01:10:53,141', '01:10:55,781']","["" there's gonna be three offices\n on your left side.\n""]"
544,"['01:10:58,981', '01:11:01,581']","["" Whoa! That's so cool, bro!\n""]"
545,"['01:11:04,541', '01:11:07,661']","["" It's pretty freaky, but it's safe.\n There's no reason to be scared.\n""]"
546,"['01:11:09,261', '01:11:10,981']",[' - Really?\n - Yeah.\n']
547,"['01:11:19,501', '01:11:21,301']",[' This is the work of gypsies.\n']
548,"['01:11:22,701', '01:11:23,864']","["" Wow, that's amazing.\n""]"
549,"['01:11:26,061', '01:11:27,021']","["" That's some kind of wizardry.\n""]"
550,"['01:11:28,381', '01:11:29,381']","["" How'd you do that, bro?\n""]"
551,"['01:11:32,061', '01:11:33,221']",[' Ahhh!\n']
552,"['01:11:34,941', '01:11:37,469']","["" Wait, I thought\n Daddy didn't get scared!\n""]"
553,"['01:11:41,221', '01:11:43,701']",[' and Hank explained the science\n of the suit to them.\n']
554,"['01:11:46,741', '01:11:49,221']","[' Hey, look, I wanna thank you for...\n']"
555,"['01:11:51,421', '01:11:53,741']","["" We're all doing this for reasons\n much bigger than any one of us.\n""]"
556,"['01:11:57,861', '01:12:00,821']","[' Hey, thank you, you know,\n for that pep talk.\n']"
557,"['01:12:03,781', '01:12:05,261']",[' to almost liking you.\n']
558,"['01:12:10,541', '01:12:12,272']","[' Get some sleep, Scott.\n']"
559,"['01:13:05,661', '01:13:07,141']",[' - Dave?\n - Wheels on the ground.\n']
560,"['01:13:08,741', '01:13:10,061']","[' - Luis?\n - Oh, man, you know it.\n']"
561,"['01:13:11,821', '01:13:13,301']","["" - That's what's up.\n - Luis.\n""]"
562,"['01:13:15,781', '01:13:16,981']","["" Plus, your girlfriend's really hot.\n""]"
563,"['01:13:18,581', '01:13:19,461']","["" And you are very beautiful, ma'am.\n""]"
564,"['01:13:21,621', '01:13:23,781']","[' You know what? I was thinking of\n a tactic, like when I go undercover.\n']"
565,"['01:13:25,981', '01:13:28,941']","["" No. Don't whistle. No whistling.\n""]"
566,"['01:13:48,941', '01:13:50,229']",[' All clear in Sector One.\n']
567,"['01:13:59,141', '01:14:00,349']",[' All clear.\n']
568,"['01:14:07,701', '01:14:09,068']",[' Wish me luck.\n']
569,"['01:14:34,621', '01:14:36,432']",[' Hey! What are you doing?\n']
570,"['01:14:42,981', '01:14:44,314']","["" I'm the boss.\n""]"
571,"['01:15:00,221', '01:15:02,305']",[' <i>Water level is dropping!</i>\n']
572,"['01:15:32,741', '01:15:34,154']","[' All right, I see it.\n']"
573,"['01:15:48,741', '01:15:51,872']",[' Yes! You got it! You got it! Come on!\n']
574,"['01:16:09,061', '01:16:11,021']",[' The Ant-Man is in the building.\n']
575,"['01:16:16,181', '01:16:18,101']",[' Got a Crown Vic right outside there.\n']
576,"['01:16:19,581', '01:16:21,501']","["" Considering the Crown Vic's\n the most commonly used car\n""]"
577,"['01:16:23,621', '01:16:25,034']","[' yes, this is problem.\n']"
578,"['01:16:32,741', '01:16:33,981']","[' Oh, no.\n']"
579,"['01:16:35,541', '01:16:36,941']",[' <i>Papanera Claire de Merna Merna...</i>\n']
580,"['01:16:41,381', '01:16:42,509']","["" - What's up, man?\n - Hey.\n""]"
581,"['01:16:52,541', '01:16:53,541']","["" See? That's what I'm talking about.\n""]"
582,"['01:16:56,221', '01:16:58,225']",[' in a very serious operation.\n']
583,"['01:17:10,141', '01:17:12,066']","[' Mean, pretty lady did good, Scott.\n']"
584,"['01:17:15,661', '01:17:17,221']","[' Scott, we have problem.\n']"
585,"['01:17:20,181', '01:17:22,541']","["" Dave! Dave, that's not part of plan!\n""]"
586,"['01:17:24,461', '01:17:28,263']","["" If I don't get into this building,\n people will die.\n""]"
587,"['01:17:33,501', '01:17:34,789']",[' Are you kidding me?\n']
588,"['01:17:55,941', '01:17:57,149']",[' Well...\n']
589,"['01:18:10,061', '01:18:11,064']",[' There he is.\n']
590,"['01:18:25,181', '01:18:26,941']",[' <i>12-point verification.</i>\n']
591,"['01:18:29,021', '01:18:30,421']",[' <i>Confirming authorization level.</i>\n']
592,"['01:18:32,301', '01:18:33,823']",[' <i>Access granted.</i>\n']
593,"['01:18:43,181', '01:18:45,021']",[' You really did it.\n']
594,"['01:19:13,261', '01:19:14,913']",[' Arriving in second position.\n']
595,"['01:19:29,861', '01:19:31,149']",[' Proceeding to command position.\n']
596,"['01:19:52,461', '01:19:54,421']","["" All right, guys. I'm in position.\n""]"
597,"['01:19:56,381', '01:19:58,670']","[' No, no, no, no, no!\n']"
598,"['01:20:07,581', '01:20:09,021']",[' Assume formation.\n']
599,"['01:20:11,221', '01:20:12,952']","["" let's fry these servers!\n""]"
600,"['01:20:39,781', '01:20:40,661']",[' <i>Servers are fried.</i>\n']
601,"['01:20:43,141', '01:20:44,747']",[' Heading to the particle chamber.\n']
602,"['01:20:57,061', '01:20:59,341']",[' My associates have agreed\n to your terms.\n']
603,"['01:21:00,781', '01:21:03,501']",[' Mr. Carson introduced me\n to these fine gentlemen here.\n']
604,"['01:21:05,381', '01:21:06,581']","["" They're not what they were.\n""]"
605,"['01:21:09,141', '01:21:11,589']","["" And I'm enjoying myself.\n""]"
606,"['01:21:14,581', '01:21:16,551']","["" And now it's gonna blow up in your face.\n""]"
607,"['01:21:22,181', '01:21:25,781']","[' Wow! I mean, I saw that punch coming\n a mile away,\n']"
608,"['01:21:28,141', '01:21:29,668']","[' Well, you figured wrong.\n']"
609,"['01:21:33,621', '01:21:34,784']",[' Anybody home?\n']
610,"['01:21:46,221', '01:21:48,032']","["" I'm setting the charges.\n""]"
611,"['01:22:19,021', '01:22:21,629']","[' Good boy, Ant-thony.\n']"
612,"['01:22:32,221', '01:22:34,381']","[' Guys, how we looking on that laser grid?\n']"
613,"['01:22:36,221', '01:22:37,703']","["" - I'm getting close!\n - No, you're not.\n""]"
614,"['01:22:44,061', '01:22:45,064']",[' Out of the van!\n']
615,"['01:22:46,741', '01:22:48,905']","[' - Make it go faster.\n - Dude, seriously.\n']"
616,"['01:22:56,781', '01:22:57,784']",[' So close.\n']
617,"['01:23:00,061', '01:23:01,581']",[' There was a black guy\n that looked exactly like me\n']
618,"['01:23:03,781', '01:23:05,141']","["" - Get out of the van!\n - Okay, I'm coming.\n""]"
619,"['01:23:07,221', '01:23:09,191']","[' No, I will not move! Go now!\n']"
620,"['01:23:20,301', '01:23:21,304']",[' Phew!\n']
621,"['01:23:26,581', '01:23:27,869']","[' Hey, little guy.\n']"
622,"['01:23:43,781', '01:23:44,621']","[' Which begs the question,\n']"
623,"['01:23:47,061', '01:23:49,381']",[' Who is the man that my beloved mentor\n']
624,"['01:23:53,701', '01:23:55,990']",[' Scott Lang.\n']
625,"['01:23:58,901', '01:24:01,221']","[' who took on the system\n and paid the price,\n']"
626,"['01:24:05,101', '01:24:08,346']","[' Exactly your kind of guy, Hank!\n']"
627,"['01:24:14,861', '01:24:18,310']","[' And then he disappears magically,\n']"
628,"['01:24:21,701', '01:24:24,388']",[' And now he brings me the Ant-Man suit.\n']
629,"['01:24:30,581', '01:24:33,901']","["" Darren, don't do this.\n""]"
630,"['01:24:36,221', '01:24:37,541']","["" it's gonna be chaos.\n""]"
631,"['01:24:39,221', '01:24:40,541']","[' And for twice the price,\n']"
632,"['01:24:42,861', '01:24:46,101']","["" It's not easy to successfully infiltrate\n an Avengers facility.\n""]"
633,"['01:24:48,341', '01:24:52,189']","["" I'll sell them the Yellowjacket,\n but I'm keeping the particle to myself.\n""]"
634,"['01:24:54,701', '01:24:57,593']","["" If you want the fuel,\n you'll have to come to me.\n""]"
635,"['01:25:00,621', '01:25:03,593']",[' who can arm the most\n powerful weapon in the world?\n']
636,"['01:25:06,941', '01:25:08,341']",[' You proud of me yet?\n']
637,"['01:25:11,661', '01:25:15,384']","["" It's been too late for a long time now.\n""]"
638,"['01:25:19,541', '01:25:20,501']",[' What are you doing?\n']
639,"['01:25:23,981', '01:25:25,621']",[' This is not who you are.\n']
640,"['01:25:36,981', '01:25:39,031']","[' Wait! Wait, wait, wait, wait.\n']"
641,"['01:25:46,021', '01:25:47,309']",[' Here we go.\n']
642,"['01:25:54,501', '01:25:57,341']","[' You know, I came to the house\n the other night to kill him,\n']"
643,"['01:25:58,701', '01:26:02,101']","["" You're sick and I can help you.\n Just put the gun down.\n""]"
644,"['01:26:05,341', '01:26:06,421']",[' but I think I am now!\n']
645,"['01:26:08,821', '01:26:12,191']","[' You picked the wrong side, Hope.\n']"
646,"['01:26:35,141', '01:26:36,261']","[' Hank, no.\n']"
647,"['01:26:38,701', '01:26:40,541']","["" Hank? Listen, you're gonna be okay.\n""]"
648,"['01:26:43,781', '01:26:46,707']","["" Take the suit off,\n or I'll blow your brains out and peel it off.\n""]"
649,"['01:27:14,501', '01:27:15,861']",[' Request immediate backup!\n']
650,"['01:27:30,261', '01:27:32,021']",[' Get me to the roof.\n']
651,"['01:27:33,541', '01:27:36,261']",[' I want to make sure the helicopter\n is ready to take off.\n']
652,"['01:27:37,581', '01:27:40,141']",[' kill anything that comes out of that vault!\n']
653,"['01:27:45,901', '01:27:47,314']",[' We need to get him out of here.\n']
654,"['01:28:34,541', '01:28:35,501']","[' Hey, Scotty.\n']"
655,"['01:28:38,581', '01:28:41,189']",[' Scotty?\n']
656,"['01:28:45,261', '01:28:46,701']",[' - Are we the good guys?\n - Yeah.\n']
657,"['01:28:49,701', '01:28:51,341']","[' Feels kinda weird, you know.\n']"
658,"['01:28:53,701', '01:28:55,785']",[' Get out of here before this place blows!\n']
659,"['01:29:06,901', '01:29:09,031']","["" Hey! We're getting out of here!\n""]"
660,"['01:29:14,661', '01:29:16,541']","["" We've gotta find a way out of here.\n And fast.\n""]"
661,"['01:29:18,741', '01:29:21,181']","["" I'm not gonna die.\n""]"
662,"['01:29:23,901', '01:29:26,429']","["" It's not a keychain.\n""]"
663,"['01:29:43,261', '01:29:45,027']","["" And there's a tank.\n""]"
664,"['01:29:57,661', '01:29:58,789']",[' I got it.\n']
665,"['01:30:02,341', '01:30:03,583']","["" We've got him.\n""]"
666,"['01:30:08,661', '01:30:10,267']","["" Let's go!\n""]"
667,"['01:30:41,021', '01:30:42,309']",[' Go!\n']
668,"['01:30:55,101', '01:30:56,661']",[' Wait a minute! Get out of that van!\n']
669,"['01:30:58,501', '01:31:00,383']","["" It's too loud, there's a tank.\n I can't hear you!\n""]"
670,"['01:31:08,741', '01:31:10,901']",[' Are you crazy? Put the gun down!\n']
671,"['01:31:17,101', '01:31:19,821']",[' Did you think you could\n stop the future with a heist?\n']
672,"['01:31:43,781', '01:31:45,273']",[' Put the gun down!\n']
673,"['01:32:12,261', '01:32:14,311']",[' We gotta set her down somewhere.\n']
674,"['01:32:46,741', '01:32:48,343']",[' <i>Playing Disintegration\n by the Cure.</i>\n']
675,"['01:33:46,341', '01:33:48,107']","["" It's okay.\n""]"
676,"['01:33:57,061', '01:33:57,941']",[' Scott?\n']
677,"['01:34:27,741', '01:34:29,901']","[' Paxton, turn around! Take me back!\n']"
678,"['01:34:32,181', '01:34:34,541']","["" There's something in that backyard\n that needs to be destroyed.\n""]"
679,"['01:34:37,621', '01:34:40,861']",[' You need to desist right now!\n Your delusions are out of hand.\n']
680,"['01:34:45,461', '01:34:46,794']","["" - Cassie!\n - That's my house.\n""]"
681,"['01:35:06,661', '01:35:07,821']","[' Paxton, let me help!\n']"
682,"['01:35:10,101', '01:35:12,061']","["" - Maggie! What's going on?\n - He's got Cassie!\n""]"
683,"['01:35:13,901', '01:35:16,023']","["" - Thing?\n - I don't know! I don't know!\n""]"
684,"['01:35:27,221', '01:35:29,385']",[' Do I look like a monster?\n']
685,"['01:35:33,541', '01:35:34,954']","[' I want your daddy, too.\n']"
686,"['01:35:39,821', '01:35:41,188']","[' Daddy, is that you?\n']"
687,"['01:35:44,661', '01:35:46,984']","["" Why don't you pick on\n someone your own size?\n""]"
688,"['01:36:08,061', '01:36:09,189']",[' There you are.\n']
689,"['01:36:25,221', '01:36:26,463']",[' Damn it!\n']
690,"['01:37:22,461', '01:37:24,021']","["" Scotty needs us,\n you know what I'm saying?\n""]"
691,"['01:37:28,781', '01:37:29,781']",[' Back it up.\n']
692,"['01:37:32,061', '01:37:33,381']",[' - Back it up.\n - Yeah.\n']
693,"['01:37:36,181', '01:37:37,741']","["" - We just back it up, okay?\n - That's it.\n""]"
694,"['01:37:39,381', '01:37:42,061']","["" - Backin' up?\n - Yep, just backin' up.\n""]"
695,"['01:37:50,181', '01:37:52,231']","[' You insult me, Scott.\n']"
696,"['01:38:01,941', '01:38:05,504']","["" You know, it'd be much easier to hit you\n if you were bigger.\n""]"
697,"['01:38:30,661', '01:38:31,664']",[' Cassie!\n']
698,"['01:38:43,581', '01:38:46,029']","["" Cassie! I'm coming!\n""]"
699,"['01:39:00,541', '01:39:01,541']","["" I'm gonna destroy\n""]"
700,"['01:39:04,901', '01:39:06,473']",[' Freeze! S.F.P.D.\n']
701,"['01:39:16,581', '01:39:18,631']","["" It's titanium, you idiot!\n""]"
702,"['01:39:27,901', '01:39:29,141']","[' Sorry, sweetheart.\n']"
703,"['01:39:31,861', '01:39:33,061']","[' - You stay behind me, okay?\n - Okay.\n']"
704,"['01:39:35,661', '01:39:38,541']","["" I'm gonna have to shrink\n between the molecules to get in there.\n""]"
705,"['01:39:42,661', '01:39:43,541']","[' Daddy, help!\n']"
706,"['01:40:15,101', '01:40:16,548']","[' Daddy, where are you?\n']"
707,"['01:40:20,181', '01:40:21,423']",[' <i>You could go subatomic.</i>\n']
708,"['01:40:35,621', '01:40:38,101']",[' <i>You would enter a reality</i>\n']
709,"['01:40:42,541', '01:40:46,832']",[' <i>All concepts of time and space\n become irrelevant.</i>\n']
710,"['01:40:56,821', '01:40:58,905']","[' <i>Come back, Daddy!</i>\n']"
711,"['01:41:07,821', '01:41:10,508']",[' <i>Everything that you know</i>\n']
712,"['01:41:15,221', '01:41:17,146']",[' <i>gone forever.</i>\n']
713,"['01:41:37,341', '01:41:38,424']",[' <i>Where are you?</i>\n']
714,"['01:41:43,901', '01:41:45,712']",[' <i>- Daddy!</i>\n - Cassie.\n']
715,"['01:41:59,061', '01:42:01,714']",[' <i>Do not screw with the regulator!</i>\n']
716,"['01:42:37,341', '01:42:38,913']",[' I love you so much.\n']
717,"['01:42:41,461', '01:42:42,544']",[' So much.\n']
718,"['01:42:51,781', '01:42:52,944']",[' Sorry.\n']
719,"['01:42:59,781', '01:43:00,784']",[' Mommy!\n']
720,"['01:43:14,621', '01:43:16,193']","[' <i>Scott, please.</i>\n']"
721,"['01:43:18,821', '01:43:19,901']","["" Hank. I don't.\n""]"
722,"['01:43:24,181', '01:43:27,181']","[' Well, I suppose the human mind\n']"
723,"['01:43:32,141', '01:43:33,474']",[' but you made it.\n']
724,"['01:43:37,141', '01:43:38,872']",[' and you got out.\n']
725,"['01:43:43,341', '01:43:44,981']","[' Scott,\n']"
726,"['01:43:51,061', '01:43:52,588']",[' Get some rest.\n']
727,"['01:44:21,101', '01:44:22,021']",[' When did this happen?\n']
728,"['01:44:23,421', '01:44:25,541']","["" Whoa. Hold on.\n Something's kind of happening.\n""]"
729,"['01:44:27,861', '01:44:29,388']",[' shoot me again.\n']
730,"['01:44:32,421', '01:44:34,221']","["" I'm a little surprised myself.\n""]"
731,"['01:44:36,861', '01:44:38,353']","[' Really, Hope.\n']"
732,"['01:44:41,141', '01:44:42,872']","["" - You're full of shit.\n - Oh, yeah.\n""]"
733,"['01:44:46,301', '01:44:48,988']",[' He wanted a report on the night\n that you got out of jail.\n']
734,"['01:44:51,781', '01:44:53,990']",[' Some circuits got fried.\n']
735,"['01:44:57,421', '01:44:58,421']",[' Really?\n']
736,"['01:45:01,861', '01:45:04,661']","["" Can't be sending Cassie's dad\n back to jail on a technical glitch, right?\n""]"
737,"['01:45:06,901', '01:45:08,348']","["" I'm blown away.\n""]"
738,"['01:45:11,021', '01:45:13,071']","["" Well, that's my pleasure.\n""]"
739,"['01:45:19,461', '01:45:20,741']",[' - This is awkward.\n - Yeah.\n']
740,"['01:45:22,821', '01:45:24,181']","[' I mean, what do we even talk about\n after all of that?\n']"
741,"['01:45:25,821', '01:45:28,261']",[' - I did my first cartwheel today.\n - What?\n']
742,"['01:45:31,141', '01:45:32,421']",[' But today was the magic day.\n']
743,"['01:45:35,341', '01:45:37,581']","["" No, that can't be Cassie.\n That's not you.\n""]"
744,"['01:45:39,421', '01:45:41,461']","["" This is a professional gymnast.\n There is no way that's you.\n""]"
745,"['01:45:43,741', '01:45:45,313']",[' Good boy.\n']
746,"['01:45:52,901', '01:45:53,904']",[' Sorry.\n']
747,"['01:45:57,941', '01:45:59,229']",[' Yeah.\n']
748,"['01:46:01,981', '01:46:03,621']","["" Here's the deal. Just give me the facts.\n""]"
749,"['01:46:05,221', '01:46:08,981']",[' Breathe. Focus. Keep it simple.\n']
750,"['01:46:10,941', '01:46:13,181']","["" So, I'm at this art museum\n with my cousin Ignacio, right?\n""]"
751,"['01:46:15,661', '01:46:17,781']","["" <i>But you know me, I'm more\n like a Neo-Cubist kind of guy, right?</i>\n""]"
752,"['01:46:20,781', '01:46:22,781']","[' - Luis.\n - Okay, sorry. Sorry.\n']"
753,"['01:46:25,061', '01:46:26,901']","[' <i>But anyway, Ignacio tells me,</i>\n']"
754,"['01:46:30,821', '01:46:33,061']","[' <i>""Like crazy-stupid fine."" And he\n goes up to the bartender and goes,</i>\n']"
755,"['01:46:35,021', '01:46:36,181']","[' <i>""She\'s crazy-stupid fine, right?""</i>\n']"
756,"['01:46:39,101', '01:46:40,901']","[' <i>So this writer chick tells Ignacio,</i>\n']"
757,"['01:46:43,981', '01:46:45,581']","[' <i>""and I got mad connects\n with the peeps behind the curtains,</i>\n']"
758,"['01:46:46,821', '01:46:48,221']","[' <i>Ignacio\'s like, ""For real?""</i>\n']"
759,"['01:46:51,461', '01:46:52,741']","[' <i>""because he works with the Avengers.""</i>\n']"
760,"['01:46:54,301', '01:46:56,581']","[' Yeah, and this dude sounds\n like a badass, man.\n']"
761,"['01:46:58,021', '01:46:59,941']","[' <i>""Yo, I\'m looking for this dude\n who\'s new on the scene,</i>\n']"
762,"['01:47:01,341', '01:47:03,781']","[' <i>""who\'s got, like, bomb moves, right?\n Who you got?""</i>\n']"
763,"['01:47:07,181', '01:47:09,141']","[' <i>""We got a guy who swings,\n we got a guy who crawls up the walls.</i>\n']"
764,"['01:47:11,141', '01:47:12,861']","[' <i>And he\'s like,\n ""I\'m looking for a guy that shrinks.""</i>\n']"
765,"['01:47:16,581', '01:47:17,501']","[' So I asked Ignacio,\n']"
766,"['01:47:19,821', '01:47:21,941']","[' ""to tell you to tell me,\n because I\'m tight with Ant-Man,\n']"
767,"['01:47:24,021', '01:47:26,594']","["" And? What'd he say?\n""]"
768,"['01:49:26,381', '01:49:28,670']","["" There's something I want to show you.\n""]"
769,"['01:49:35,821', '01:49:39,748']","["" All you can do is make sure\n that it's in the right hands.\n""]"
770,"['01:49:48,661', '01:49:51,553']",[' that your mother and I\n worked on together.\n']
771,"['01:49:56,301', '01:50:00,706']",[' But now I realize that we were...\n We were working on it for you.\n']
772,"['01:50:16,501', '01:50:18,904']","["" It's about damn time.\n""]"
773,"['01:56:33,821', '01:56:37,221']",[' This would have been a lot easier\n a week ago.\n']
774,"['01:56:39,421', '01:56:40,301']",[' Even if he did...\n']
775,"['01:56:43,781', '01:56:45,308']","["" We're on our own.\n""]"
776,[],[]
