,time,content
0,"['00:00:00,001', '00:00:02,800']",[' Subtitles by explosiveskull\n']
1,"['00:00:04,804', '00:00:06,540']",[' <i>your mother and I\n had to leave you.</i>\n']
2,"['00:00:13,689', '00:00:15,757']","["" but I'll call you\n when we get settled.\n""]"
3,"['00:00:17,428', '00:00:18,430']",[' Mommy?\n']
4,"['00:00:25,277', '00:00:27,882']",[' Daddy and I have\n a last-minute business trip...\n']
5,"['00:00:30,489', '00:00:32,824']","["" No. I don't want you to go.\n""]"
6,"['00:00:35,832', '00:00:37,301']","["" I won't be able to keep my...\n""]"
7,"['00:00:42,478', '00:00:45,149']","["" Goodbye, sweetheart.\n All right, we'll see you soon.\n""]"
8,"['00:00:47,523', '00:00:49,156']","[' Janet, we gotta go.\n']"
9,"['00:00:54,201', '00:00:56,738']",[' <i>tucked you back\n into your bed...</i>\n']
10,"['00:01:03,487', '00:01:04,888']","[' Oh, my God.\n']"
11,"['00:01:06,694', '00:01:07,961']",[' We have to stop it.\n']
12,"['00:01:17,983', '00:01:21,321']","[' <i>To disarm the missile,\n we had to get inside it...</i>\n']"
13,"['00:01:24,296', '00:01:26,800']",[' <i>The only way in was to shrink\n between the molecules.</i>\n']
14,"['00:01:33,013', '00:01:35,014']",[' Hank.\n']
15,"['00:01:38,623', '00:01:39,690']",[' <i>there is no coming back.</i>\n']
16,"['00:01:45,771', '00:01:47,942']","["" <i>Your mother's wasn't.</i>\n""]"
17,"['00:01:51,516', '00:01:52,518']",[' <i>She turned it off.</i>\n']
18,"['00:01:54,822', '00:01:56,626']",[' <i>She went subatomic\n to deactivate the bomb.</i>\n']
19,"['00:02:05,878', '00:02:08,949']","["" <i>knowing she'd be lost\n in the quantum realm.</i>\n""]"
20,"['00:02:11,789', '00:02:12,790']",[' <i>Afraid.</i>\n']
21,"['00:02:30,794', '00:02:33,998']","["" <i>Telling you that she wasn't\n coming home...</i>\n""]"
22,"['00:02:40,882', '00:02:43,017']",[' But then Scott showed up.\n']
23,"['00:02:47,159', '00:02:49,030']",[' <i>And when he went\n to the quantum realm...</i>\n']
24,"['00:02:54,574', '00:02:55,911']",[' <i>Everything changed.</i>\n']
25,"['00:03:00,753', '00:03:02,757']",[' could your mother\n still be alive?\n']
26,"['00:03:17,054', '00:03:18,890']","[' Dad, what are you saying?\n']"
27,"['00:04:02,811', '00:04:04,782']","["" Okay. We're in.\n""]"
28,"['00:04:10,259', '00:04:12,129']","["" Where's that map?\n""]"
29,"['00:04:16,872', '00:04:19,041']","["" - You ready?\n - I'm ready, Daddy.\n""]"
30,"['00:04:20,846', '00:04:23,014']","["" you show any hesitation\n or fear, we're done.\n""]"
31,"['00:04:25,156', '00:04:27,759']",[' Wow. That is super cool.\n']
32,"['00:04:33,137', '00:04:36,642']","["" Look! It's Anton.\n He'll show us the way.\n""]"
33,"['00:04:41,153', '00:04:42,990']","[' Anton, which way do we go?\n']"
34,"['00:04:54,079', '00:04:56,916']","[' Look, the ants have burrowed\n into the tech facility.\n']"
35,"['00:05:00,894', '00:05:02,798']",[' Oh! I think I got lased!\n']
36,"['00:05:08,274', '00:05:10,409']",[' Tell me you brought\n the contact lens.\n']
37,"['00:05:13,819', '00:05:16,091']",[' Perfect! Right there.\n']
38,"['00:05:22,437', '00:05:24,805']",[' My trophy?\n']
39,"['00:05:26,110', '00:05:27,777']","[' Oh, it is to me.\n']"
40,"['00:05:29,117', '00:05:30,250']","["" Oh, no,\n you can't do that.\n""]"
41,"['00:05:33,826', '00:05:35,827']",[' This is the best birthday\n present you ever got me.\n']
42,"['00:05:37,132', '00:05:39,134']","["" I'm the world's\n greatest grandma.\n""]"
43,"['00:05:40,437', '00:05:42,240']",[' It makes me want\n to knit you a sweater.\n']
44,"['00:05:45,815', '00:05:46,983']","[' Hey, Scotty...\n']"
45,"['00:05:48,122', '00:05:49,488']",[' for the\n Karapetyan buildings...\n']
46,"['00:05:50,860', '00:05:52,127']","["" way too many security cameras,\n don't we?\n""]"
47,"['00:05:53,464', '00:05:54,897']","["" I mean, 'cause it's a lot\n of security cameras.\n""]"
48,"['00:05:56,271', '00:05:58,038']","["" Who's the security expert\n in our business?\n""]"
49,"['00:05:58,942', '00:06:00,009']",[' And if we overquote him...\n']
50,"['00:06:01,112', '00:06:02,214']","[' I mean,\n we gotta land this bird.\n']"
51,"['00:06:03,485', '00:06:05,019']","[' And the expression is\n ""land this fish.""\n']"
52,"['00:06:06,423', '00:06:07,791']",[' Just like you land the plane.\n']
53,"['00:06:09,028', '00:06:10,230']","["" I know it's silly\n to get hung up\n""]"
54,"['00:06:11,867', '00:06:13,235']",[' How am I gonna land a fish?\n']
55,"['00:06:15,240', '00:06:17,877']","["" and it battled a hawk,\n who's gonna win?\n""]"
56,"['00:06:20,317', '00:06:22,286']","["" It's okay.\n We're gonna land Karapetyan.\n""]"
57,"['00:06:23,591', '00:06:24,858']","["" I'm in the middle of trying to\n""]"
58,"['00:06:25,995', '00:06:27,130']","["" I'm gonna go recheck it.\n""]"
59,"['00:06:30,839', '00:06:33,843']","["" Let's bounce\n before the po-po come back!\n""]"
60,"['00:06:36,884', '00:06:38,485']","["" Let's fly, Antoinette!\n Let's fly!\n""]"
61,"['00:06:51,312', '00:06:52,447']",[' Whoo!\n']
62,"['00:06:56,523', '00:06:58,659']",[' Oh. That is pretty cool.\n']
63,"['00:07:00,464', '00:07:01,899']","[' And sorry about freaking out\n earlier, you know.\n']"
64,"['00:07:03,235', '00:07:05,337']",[' My heart is definitely beating\n way too hard and stuff.\n']
65,"['00:07:06,476', '00:07:08,077']","["" But I think it's unrelated,\n you know?\n""]"
66,"['00:07:09,283', '00:07:10,382']",[' You got nothing\n to worry about!\n']
67,"['00:07:13,257', '00:07:14,356']","["" I'm the boss.\n Yeah, yeah, yeah, yeah.\n""]"
68,"['00:07:21,339', '00:07:24,043']","["" Come on, Woo!\n I've got three days left.\n""]"
69,"['00:07:25,413', '00:07:27,483']","[' Sorry, Scott,\n but rules are rules.\n']"
70,"['00:07:28,956', '00:07:31,058']","[' Keel to stern, soup to nuts.\n']"
71,"['00:07:32,560', '00:07:35,031']",[' It was an accident. My foot\n went through the fence.\n']
72,"['00:07:37,172', '00:07:38,570']","[' Hey, you try and entertain\n a 10-year-old\n']"
73,"['00:07:39,976', '00:07:42,045']","["" You know the lengths\n that I've gone to?\n""]"
74,"['00:07:47,994', '00:07:49,627']",[' I learned that.\n']
75,"['00:07:52,769', '00:07:55,072']","[' Oh, Cassie.\n']"
76,"['00:07:57,144', '00:07:59,012']","[' grown-up stuff to you, huh?\n']"
77,"['00:08:00,617', '00:08:02,420']","[' Your school has rules, right?\n']"
78,"['00:08:04,524', '00:08:06,526']","[' Well, your daddy\n went to Germany\n']"
79,"['00:08:08,632', '00:08:11,271']","[' And that was a violation\n of Article 16,\n']"
80,"['00:08:13,343', '00:08:15,478']","[' Now, as a part of\n his joint plea deal...\n']"
81,"['00:08:17,718', '00:08:19,586']",[' he was allowed to return\n to the U.S...\n']
82,"['00:08:22,226', '00:08:24,128']",[' followed by three years\n of probation.\n']
83,"['00:08:27,103', '00:08:29,373']",[' or contact with any\n former associates who were...\n']
84,"['00:08:32,581', '00:08:34,148']",[' Or any related statutes.\n']
85,"['00:08:36,489', '00:08:39,258']","["" Wow. You're really great\n with kids.\n""]"
86,"['00:08:41,533', '00:08:43,834']","[' Anyway, not to be\n a Johnny ask-a-lot...\n']"
87,"['00:08:45,408', '00:08:46,840']","[' with Hank Pym\n or Hope Van Dyne, have you?\n']"
88,"['00:08:48,681', '00:08:50,748']","["" Because it's only a matter\n of time before we get 'em.\n""]"
89,"['00:08:53,389', '00:08:56,392']",[' And associating with them\n breaks your deal.\n']
90,"['00:08:58,701', '00:09:00,502']",[' that any violation\n of your agreement\n']
91,"['00:09:02,541', '00:09:04,843']","["" I haven't talked to Hank\n or Hope in forever.\n""]"
92,"['00:09:05,815', '00:09:06,817']","[' Thanks, peanut.\n']"
93,"['00:09:10,657', '00:09:11,691']",[' Do what?\n']
94,"['00:09:15,500', '00:09:16,469']",[' Seriously?\n']
95,"['00:09:19,206', '00:09:21,576']","["" You people\n can't just show up here\n""]"
96,"['00:09:22,849', '00:09:23,949']","[' Actually, they can.\n']"
97,"['00:09:25,219', '00:09:26,419']","["" Actually, they don't.\n""]"
98,"['00:09:28,559', '00:09:30,361']",[' Did you pack\n your soccer shoes?\n']
99,"['00:09:33,235', '00:09:35,537']",[' Next time I see you will be\n on the outside.\n']
100,"['00:09:37,577', '00:09:39,277']","[' Oh, get on\n the inside of this.\n']"
101,"['00:09:42,386', '00:09:43,653']","["" - I'm proud of you, bud.\n - Thank you.\n""]"
102,"['00:09:44,991', '00:09:47,427']",[' Me too!\n Gosh! Freedom!\n']
103,"['00:09:50,003', '00:09:51,737']","[' I had a fun weekend, Daddy.\n']"
104,"['00:09:53,842', '00:09:56,479']","["" Once I'm outta here, you and I are\n gonna go paint this town red.\n""]"
105,"['00:10:07,035', '00:10:08,570']","["" You're gettin'\n good at that.\n""]"
106,"['00:10:09,642', '00:10:10,443']","[' - Bye, Daddy.\n - Bye.\n']"
107,"['00:10:17,758', '00:10:19,326']",[' Three days.\n']
108,"['00:10:29,681', '00:10:32,518']",[' <i>Snap your fingers. That gets\n them to look over there.</i>\n']
109,"['00:10:38,097', '00:10:39,532']",[' <i>â™ª We had a dream</i>\n']
110,"['00:10:41,538', '00:10:44,378']","["" <i>â™ª We'd spread a little lovin'\n then we'd keep movin' on â™ª</i>\n""]"
111,"['00:11:23,522', '00:11:24,857']",[' <i>Where are you?</i>\n']
112,"['00:11:39,219', '00:11:40,887']",[' <i>Lost...</i>\n']
113,"['00:11:50,509', '00:11:52,511']",[' <i>What?</i>\n']
114,"['00:12:00,061', '00:12:01,728']",[' I found you!\n']
115,"['00:12:04,703', '00:12:06,606']",[' <i>What the hell?</i>\n']
116,"['00:12:24,777', '00:12:28,648']","["" Um, I don't even know if\n this is your number anymore.\n""]"
117,"['00:12:29,886', '00:12:31,255']",[' you wanna hear from.\n']
118,"['00:12:34,931', '00:12:36,131']","["" And I know that doesn't\n""]"
119,"['00:12:37,269', '00:12:42,243']",[' but it just felt very real.\n']
120,"['00:12:45,251', '00:12:48,623']",[' and I think I saw your wife.\n']
121,"['00:12:50,760', '00:12:53,600']","[' I mean, not in a weird way\n or anything.\n']"
122,"['00:12:58,143', '00:13:00,680']","["" I'm thinking, uh,\n it's not an emergency.\n""]"
123,"['00:13:03,953', '00:13:06,125']","["" I'm sorry\n for a lot of things.\n""]"
124,"['00:13:19,787', '00:13:23,826']","[' <i>Could be one,\n little, tiny universe.</i>\n']"
125,"['00:14:01,201', '00:14:02,738']",[' Is this another dream?\n']
126,"['00:14:03,942', '00:14:06,346']",[' or is it possible that you\n really saw my mom down there?\n']
127,"['00:14:12,225', '00:14:13,791']","["" I can't be here!\n""]"
128,"['00:14:15,498', '00:14:18,134']","["" They won't open while\n the system's engaged, Scott.\n""]"
129,"['00:14:41,081', '00:14:42,281']","[' Relax. As far as your\n nanny cops know,\n']"
130,"['00:14:50,033', '00:14:51,368']",[' Whoa!\n']
131,"['00:14:58,451', '00:15:00,352']","["" <i>He's programmed to\n replicate your daily routine.</i>\n""]"
132,"['00:15:02,090', '00:15:03,390']",[' Five hours\n in front of the TV.\n']
133,"['00:15:05,496', '00:15:07,265']","["" That's totally inaccurate.\n""]"
134,"['00:15:08,971', '00:15:09,969']",[' Are you spying on me?\n']
135,"['00:15:12,009', '00:15:13,879']","["" And so far the biggest one\n we've had is you.\n""]"
136,"['00:15:19,926', '00:15:21,460']",[' They said it was\n a matter of national security.\n']
137,"['00:15:23,099', '00:15:24,133']",[' Cap?\n']
138,"['00:15:28,375', '00:15:30,444']","["" It's what we call him.\n""]"
139,"['00:15:32,182', '00:15:33,283']","["" I'm not saying I'm a friend\n of... A little, I know him.\n""]"
140,"['00:15:35,155', '00:15:37,624']","["" I'm sorry! All right?\n I didn't think I'd get caught.\n""]"
141,"['00:15:40,365', '00:15:42,100']","["" How's Hank?\n""]"
142,"['00:15:44,039', '00:15:45,440']",[' How do you think he is?\n']
143,"['00:15:47,447', '00:15:49,047']","["" I'm not looking\n for an apology, Scott.\n""]"
144,"['00:15:50,653', '00:15:52,255']","["" because we need\n what's in your head.\n""]"
145,"['00:16:34,072', '00:16:37,612']","[' If you need help or money\n or something, maybe I can...\n']"
146,"['00:17:36,329', '00:17:38,266']","[' Hey, Hank.\n Look, I just wanna...\n']"
147,"['00:17:43,645', '00:17:44,813']",[' - Can we start?\n - Yeah.\n']
148,"['00:17:48,454', '00:17:50,859']",[' we were building this.\n']
149,"['00:17:54,867', '00:17:56,434']",[' To my mom.\n']
150,"['00:17:57,538', '00:17:58,439']","["" We just don't know where.\n""]"
151,"['00:18:00,344', '00:18:02,514']","["" If we can pinpoint\n my mom's location...\n""]"
152,"['00:18:04,619', '00:18:05,753']","["" You built all this\n and you don't even know\n""]"
153,"['00:18:07,325', '00:18:09,393']","["" It's called a hypothesis.\n""]"
154,"['00:18:12,300', '00:18:14,571']",[' It was overloaded\n and it shut down.\n']
155,"['00:18:16,277', '00:18:18,814']",[' the doorway to the\n quantum realm was opened.\n']
156,"['00:18:21,086', '00:18:24,224']","[' And five minutes later,\n you called, talking about Mom.\n']"
157,"['00:18:26,429', '00:18:27,963']",[' you may have entangled\n with her.\n']
158,"['00:18:29,971', '00:18:32,539']","[' Quantum entanglement, Scott.\n']"
159,"['00:18:33,845', '00:18:35,011']",[' some kind of a message\n in your head.\n']
160,"['00:18:36,984', '00:18:38,786']",[' And opening the tunnel\n triggered it.\n']
161,"['00:18:40,659', '00:18:42,426']","["" Come on. That's insane.\n""]"
162,"['00:18:43,664', '00:18:46,067']",[' Insane is going to Germany\n']
163,"['00:18:48,606', '00:18:51,679']","["" Just tell me you weren't lying\n about the suit you took.\n""]"
164,"['00:18:54,853', '00:18:57,021']","[' I did, I destroyed it,\n I swear.\n']"
165,"['00:18:59,863', '00:19:01,765']","["" That was my life's work!\n""]"
166,"['00:19:03,002', '00:19:05,907']",[' You were supposed to not\n take my suit!\n']
167,"['00:19:07,077', '00:19:08,711']","["" I'm sorry I took the suit.\n""]"
168,"['00:19:11,086', '00:19:12,886']","["" I don't remember\n seeing Janet down there.\n""]"
169,"['00:19:14,393', '00:19:15,293']",[' I just had a dream about her\n']
170,"['00:19:20,372', '00:19:20,973']",[' What?\n']
171,"['00:19:25,749', '00:19:28,552']",[' She was playing hide-and-seek\n with a little girl.\n']
172,"['00:19:30,423', '00:19:31,824']","["" Doesn't mean anything.\n""]"
173,"['00:19:33,765', '00:19:35,030']",[' No.\n']
174,"['00:19:36,503', '00:19:38,036']",[' - What?\n - The little girl.\n']
175,"['00:19:40,811', '00:19:43,516']","[' No, it was\n in a tall dresser.\n']"
176,"['00:19:44,818', '00:19:46,119']","["" Is that what that's called?\n""]"
177,"['00:19:48,428', '00:19:49,029']",[' Red.\n']
178,"['00:19:53,436', '00:19:54,571']","[' Oh, boy.\n']"
179,"['00:19:59,181', '00:20:00,582']","["" It doesn't sound like\n""]"
180,"['00:20:04,192', '00:20:05,626']","["" She's alive.\n""]"
181,"['00:20:09,936', '00:20:11,104']",[' I knew it!\n']
182,"['00:20:14,211', '00:20:15,578']",[' Okay.\n']
183,"['00:20:19,253', '00:20:20,654']",[' the sooner we can get\n this message out of his head.\n']
184,"['00:20:22,028', '00:20:23,527']","["" - Yeah. Let's go.\n - What part?\n""]"
185,"['00:20:27,104', '00:20:28,705']",[' We need a component\n to stop the tunnel\n']
186,"['00:20:30,277', '00:20:32,815']",[' I grabbed your clothes.\n You might want to change.\n']
187,"['00:20:45,306', '00:20:46,673']","["" but if I'm not at home\n when they come\n""]"
188,"['00:20:47,877', '00:20:49,312']","["" then I'm going away forever.\n""]"
189,"['00:20:51,653', '00:20:53,654']","["" we'll get the message,\n and have you home by lunch.\n""]"
190,"['00:20:55,794', '00:20:57,662']",[' You owe us.\n']
191,"['00:20:59,669', '00:21:00,804']","["" Because I'm not supposed\n to be out here.\n""]"
192,"['00:21:29,894', '00:21:31,796']",[' - We good?\n - Yeah.\n']
193,"['00:21:40,717', '00:21:43,152']",[' - Can I have one of these?\n - No.\n']
194,"['00:22:00,388', '00:22:02,190']",[' Sonny!\n']
195,"['00:22:04,396', '00:22:06,734']","[' As in ""yes"" to farm-to-table,\n ""yes"" to locally sourced...\n']"
196,"['00:22:10,276', '00:22:12,142']","[' Well, let\'s hope\n it also means ""yes""\n']"
197,"['00:22:16,188', '00:22:18,355']","[' You know, I have always loved\n your sense of humor, Susan.\n']"
198,"['00:22:19,728', '00:22:20,460']","["" No, I'm good. Thank you.\n""]"
199,"['00:22:22,333', '00:22:25,971']",[' Sonny Burch. He traffics\n in black market technology.\n']
200,"['00:22:30,249', '00:22:31,482']",[' Could I just have one...\n']
201,"['00:22:33,756', '00:22:36,861']","[' You know, I have\n a special friend at the FBI.\n']"
202,"['00:22:38,196', '00:22:41,068']","[' because, well,\n he tells me things\n']"
203,"['00:22:43,375', '00:22:45,143']",[' For example...\n']
204,"['00:22:47,115', '00:22:50,053']","["" It's Hope Van Dyne.\n""]"
205,"['00:22:53,162', '00:22:55,098']","["" - That's not good, Hank.\n - No shit.\n""]"
206,"['00:23:05,051', '00:23:07,386']","[' Relationships\n are built on trust, Hope.\n']"
207,"['00:23:09,593', '00:23:11,228']",[' Our relationship?\n']
208,"['00:23:14,170', '00:23:15,903']","["" Hell, S.H.I.E.L.D. and HYDRA\n don't even exist anymore...\n""]"
209,"['00:23:18,211', '00:23:20,478']",[' Hank Pym\n is a real opportunity.\n']
210,"['00:23:21,917', '00:23:23,184']","["" Oh, you think\n that I don't know\n""]"
211,"['00:23:25,526', '00:23:28,229']",[' Quantum technology.\n']
212,"['00:23:30,869', '00:23:32,003']",[' forget cryptocurrency.\n']
213,"['00:23:33,942', '00:23:35,610']","["" It's the next gold rush.\n""]"
214,"['00:23:36,579', '00:23:38,549']","[' I want in, Hope.\n']"
215,"['00:23:41,191', '00:23:43,060']",[' of arranging some buyers\n for your lab.\n']
216,"['00:23:45,499', '00:23:48,937']",[' one billion dollars.\n']
217,"['00:23:50,509', '00:23:52,009']",[' But my father and I\n have something\n']
218,"['00:23:54,384', '00:23:57,688']","["" So I'll just take\n the component as arranged.\n""]"
219,"['00:24:01,263', '00:24:03,231']","[' So, we are either\n in business together...\n']"
220,"['00:24:08,644', '00:24:10,546']","["" Then I guess we aren't.\n""]"
221,"['00:24:13,253', '00:24:16,057']","["" But I'm afraid your money's\n gonna have to remain.\n""]"
222,"['00:24:19,231', '00:24:21,100']","[' Listen, Sonny.\n']"
223,"['00:24:23,741', '00:24:25,442']",[' if you just give me\n that component.\n']
224,"['00:24:27,515', '00:24:31,122']","[' is my heart,\n but it will mend in time.\n']"
225,"['00:24:42,377', '00:24:43,779']","[' So, now what?\n']"
226,"['00:24:46,184', '00:24:48,121']",[' She said her and her daddy\n had something pressing.\n']
227,"['00:24:49,290', '00:24:50,325']","["" because if they're not\n working with us...\n""]"
228,"['00:24:51,765', '00:24:53,163']",[' I want some names...\n']
229,"['00:25:05,590', '00:25:06,592']",[' Get her.\n']
230,"['00:25:29,172', '00:25:30,708']",[' Stop firing! Stop!\n']
231,"['00:25:37,454', '00:25:38,423']",[' Go!\n']
232,"['00:26:42,920', '00:26:44,853']","["" So I take it you didn't have\n that tech available for me.\n""]"
233,"['00:26:47,894', '00:26:50,599']","[' It was a pleasure doing\n business with you, Sonny.\n']"
234,"['00:26:53,306', '00:26:54,540']",[' I can assure you of that!\n']
235,"['00:27:17,954', '00:27:19,456']","[' Dad,\n are you seeing this?\n']"
236,"['00:27:29,111', '00:27:30,546']",[' - I gotta do something.\n - Wait!\n']
237,"['00:27:58,034', '00:27:59,134']",[' You taught me\n that kick. Remember?\n']
238,"['00:28:00,707', '00:28:02,641']",[' Those were the days.\n Whatever happened to us?\n']
239,"['00:28:04,079', '00:28:05,081']","["" Damn it, where'd it go?\n""]"
240,"['00:28:09,191', '00:28:11,057']","["" <i>I'm not seeing anything\n on the ant cams.</i>\n""]"
241,"['00:28:12,998', '00:28:13,999']",[' Dad?\n']
242,"['00:28:24,520', '00:28:25,522']",[' Now.\n']
243,"['00:28:31,134', '00:28:32,200']",[' He got the lab.\n']
244,"['00:28:33,605', '00:28:34,607']",[' Come on!\n']
245,"['00:28:38,181', '00:28:39,783']","["" I don't know.\n""]"
246,"['00:28:41,721', '00:28:43,557']",[' and figure out\n where the lab is.\n']
247,"['00:28:45,896', '00:28:47,698']",[' How about my house? Hmm?\n']
248,"['00:28:48,869', '00:28:50,069']",[' and Woo could walk in\n any second.\n']
249,"['00:28:52,242', '00:28:53,644']",[' What about your house?\n']
250,"['00:28:56,684', '00:28:59,190']","[' Well, there is one place\n I can think of.\n']"
251,"['00:29:01,760', '00:29:03,998']","[' No, no, no, no!\n']"
252,"['00:29:10,144', '00:29:11,712']","[' Wow, Dr. Pym...\n']"
253,"['00:29:13,117', '00:29:14,584']","[' once again,\n in your hour of need...\n']"
254,"['00:29:16,723', '00:29:17,725']",[' Not me.\n']
255,"['00:29:20,265', '00:29:21,331']","["" Hey, what's up\n with the fancy pastry?\n""]"
256,"['00:29:23,003', '00:29:24,972']","[' Well, what are we supposed\n to have for breakfast?\n']"
257,"['00:29:25,943', '00:29:27,911']",[' Oatmeal packets.\n']
258,"['00:29:29,650', '00:29:30,816']",[' Because it tastes\n like sand.\n']
259,"['00:29:32,288', '00:29:33,756']","["" It's not organic,\n it's sand.\n""]"
260,"['00:29:34,794', '00:29:35,826']","[' You know what,\n you can get creative with it.\n']"
261,"['00:29:37,098', '00:29:37,965']",[' Put a little brown sugar on it.\n You can put some cinnamon.\n']
262,"['00:29:38,769', '00:29:42,607']","[' Guys, guys, guys.\n Come on, man.\n']"
263,"['00:29:44,246', '00:29:45,981']",[' Is that my desk?\n']
264,"['00:29:47,819', '00:29:49,254']",[' Why do I have\n such a small desk?\n']
265,"['00:29:50,759', '00:29:51,825']","[' You snooze, you lose.\n']"
266,"['00:29:52,931', '00:29:53,965']",[' Yeah.\n']
267,"['00:29:54,967', '00:29:56,267']",[' This is garbage.\n']
268,"['00:29:59,009', '00:30:00,411']",[' I got it at a rummage sale.\n']
269,"['00:30:01,881', '00:30:03,114']",[' Guys.\n']
270,"['00:30:05,287', '00:30:07,290']",[' We gotta find\n that lab already. Jeez.\n']
271,"['00:30:10,030', '00:30:11,230']",[' like what happened to you.\n']
272,"['00:30:13,237', '00:30:15,105']",[' Like a ghost.\n']
273,"['00:30:19,848', '00:30:22,720']","[' Baba Yaga, the witch.\n']"
274,"['00:30:26,328', '00:30:27,664']",[' You know Baba Yaga?\n']
275,"['00:30:30,305', '00:30:32,038']",[' we need to find it.\n']
276,"['00:30:35,816', '00:30:37,918']",[' Like Baba Yaga.\n']
277,"['00:30:40,458', '00:30:43,027']","["" Didn't you put some kind of\n LoJack on your lab?\n""]"
278,"['00:30:44,199', '00:30:46,334']",[' we have a variety\n of affordable options.\n']
279,"['00:30:50,044', '00:30:52,748']",[' Whoever stole the lab knew\n exactly what they were doing.\n']
280,"['00:30:54,486', '00:30:55,853']",[' Phasing?\n']
281,"['00:30:57,492', '00:30:59,026']",[' through different states\n of matter.\n']
282,"['00:31:00,832', '00:31:01,931']",[' The lab emits radiation.\n']
283,"['00:31:05,039', '00:31:07,777']","[' That could work, yes, but all\n my equipment is in the lab.\n']"
284,"['00:31:11,353', '00:31:13,123']","[' Well, there is one person.\n']"
285,"['00:31:15,862', '00:31:17,062']",[' Great!\n']
286,"['00:31:18,801', '00:31:20,870']","["" He's an old colleague of\n my dad's, from S.H.I.E.L.D.\n""]"
287,"['00:31:22,942', '00:31:24,812']",[' You seem to have a lot of\n falling outs with people.\n']
288,"['00:31:26,951', '00:31:28,885']","["" Hey, I'm risking everything\n by being here.\n""]"
289,"['00:31:30,355', '00:31:32,392']",[' We need to find out\n who took the lab.\n']
290,"['00:32:26,669', '00:32:28,270']",[' to be out in the open\n like this.\n']
291,"['00:32:31,445', '00:32:33,614']","[' What, because of hats\n and sunglasses?\n']"
292,"['00:32:35,354', '00:32:37,555']",[' We look like ourselves\n at a baseball game.\n']
293,"['00:32:39,996', '00:32:44,536']",[' particles co-exist in\n a stable phase relationship.\n']
294,"['00:32:46,576', '00:32:50,081']",[' that stability becomes chaos.\n']
295,"['00:32:52,086', '00:32:55,090']",[' Dangerous.\n Beautiful.\n']
296,"['00:32:57,096', '00:32:59,632']",[' would revert back to\n separate states of matter...\n']
297,"['00:33:03,343', '00:33:06,013']","[' In other words,\n the object in question\n']"
298,"['00:33:07,651', '00:33:10,657']",[' with multiple\n parallel realities.\n']
299,"['00:33:19,741', '00:33:22,644']",[' I am noticing\n an unusually high number\n']
300,"['00:33:25,755', '00:33:29,123']","["" So, why don't we call it\n a few minutes early?\n""]"
301,"['00:33:30,395', '00:33:31,731']","[' Thank you, ladies\n and gentlemen, you may go.\n']"
302,"['00:33:37,676', '00:33:40,113']","["" It's quantum entanglement\n between the quantum states of\n""]"
303,"['00:33:42,119', '00:33:44,321']","["" Yeah, that's what\n I was thinking.\n""]"
304,"['00:33:45,393', '00:33:46,459']",[' in front of everything?\n']
305,"['00:33:48,199', '00:33:49,599']","["" Hope, I'd love\n to help you...\n""]"
306,"['00:33:50,736', '00:33:51,902']","["" like the equipment\n you're describing.\n""]"
307,"['00:33:53,844', '00:33:55,376']","["" Don't condescend, Hank.\n""]"
308,"['00:33:57,549', '00:33:59,451']",[' All because\n you had to grow to a size\n']
309,"['00:34:01,325', '00:34:04,527']","["" That wasn't me in Germany.\n It was this idiot.\n""]"
310,"['00:34:07,337', '00:34:09,606']","["" Going that big,\n it must've been exhausting.\n""]"
311,"['00:34:11,777', '00:34:13,246']","[' Actually, I do.\n']"
312,"['00:34:14,885', '00:34:16,786']",[' on a project called Goliath.\n']
313,"['00:34:18,490', '00:34:20,528']",[' The only thing more tiring\n than going that big\n']
314,"['00:34:22,634', '00:34:23,769']",[' Right...\n']
315,"['00:34:28,480', '00:34:31,182']",[' My record? 21 feet.\n']
316,"['00:34:32,519', '00:34:33,619']","["" I don't...\n""]"
317,"['00:34:35,626', '00:34:37,528']",[' - 65 feet. Yeah.\n - Whoa!\n']
318,"['00:34:39,501', '00:34:42,204']",[' If you two are finished\n comparing sizes...\n']
319,"['00:34:44,376', '00:34:47,514']","["" And the great Hank Pym hasn't\n figured that one out yet?\n""]"
320,"['00:34:49,387', '00:34:51,289']",[' You had all the answers\n back in the day.\n']
321,"['00:34:52,659', '00:34:54,728']",[' Left? I fired you.\n']
322,"['00:34:56,300', '00:34:58,537']",[' Hank was a terrible partner.\n Temperamental...\n']
323,"['00:35:00,809', '00:35:02,746']","[' Sooner or later,\n he just pushed everyone away.\n']"
324,"['00:35:04,416', '00:35:06,586']",[' Janet was the only one\n who could endure him\n']
325,"['00:35:07,556', '00:35:08,923']","[' Watch it, Bill.\n']"
326,"['00:35:10,496', '00:35:11,563']",[' You son of a bitch.\n']
327,"['00:35:13,934', '00:35:15,670']","["" I'm trying to\n save my mother.\n""]"
328,"['00:35:18,344', '00:35:19,346']","["" Oh, it's Woo.\n""]"
329,"['00:35:21,851', '00:35:23,385']","[' Relax.\n If this is about you,\n']"
330,"['00:35:27,561', '00:35:28,764']","[' What are you, 15?\n']"
331,"['00:35:29,902', '00:35:33,606']",[' Wait. You might be able to\n improvise that tracker...\n']
332,"['00:35:34,643', '00:35:36,378']",[' on one of your regulators.\n']
333,"['00:35:38,552', '00:35:40,356']",[' Thank you. Thank you.\n']
334,"['00:35:53,447', '00:35:55,349']","["" they ID'd both Pym\n and Van Dyne.\n""]"
335,"['00:35:56,721', '00:35:58,722']","["" I haven't talked to Hank\n in 30 years.\n""]"
336,"['00:35:59,661', '00:36:00,927']",[' he would want to visit.\n']
337,"['00:36:01,864', '00:36:02,866']","[' Hey, hey.\n']"
338,"['00:36:05,436', '00:36:07,940']","["" Simple.\n We hate each other's guts.\n""]"
339,"['00:36:10,815', '00:36:13,083']","["" Foster, he hasn't had\n one good idea\n""]"
340,"['00:36:14,655', '00:36:16,592']","[' But his idea about the\n diffractors could work, right?\n']"
341,"['00:36:18,731', '00:36:20,666']","[' Except, I eliminated\n the diffractors\n']"
342,"['00:36:24,876', '00:36:27,079']","[' So, if we had an old suit,\n']"
343,"['00:36:29,519', '00:36:30,655']","["" Yes, but we don't.\n""]"
344,"['00:36:36,166', '00:36:37,067']",[' I mean...\n']
345,"['00:36:39,806', '00:36:41,641']","["" Oh, my God.\n You didn't destroy the suit.\n""]"
346,"['00:36:42,978', '00:36:45,450']","["" Well, it was\n your life's work, Hank.\n""]"
347,"['00:36:48,088', '00:36:49,525']","[' Before I turned myself in,\n']"
348,"['00:36:50,862', '00:36:53,630']",[' You sent my suit\n through the mail?\n']
349,"['00:36:55,505', '00:36:58,775']","[' You know, they do tracking\n numbers now. Like UPS.\n']"
350,"['00:37:00,146', '00:37:02,717']","["" It's in a very safe place,\n all right? Don't worry.\n""]"
351,"['00:37:05,525', '00:37:06,925']","["" What do you mean it's not\n there? Where could it be?\n""]"
352,"['00:37:08,563', '00:37:10,030']","[' Hey, get away from the plant.\n']"
353,"['00:37:12,972', '00:37:14,574']",[' Show-and-tell.\n']
354,"['00:37:17,681', '00:37:19,517']","[' No, stop!\n']"
355,"['00:37:28,068', '00:37:29,637']",[' Whenever you go\n back to school...\n']
356,"['00:37:31,309', '00:37:32,809']",[' This place seems huge.\n']
357,"['00:37:34,014', '00:37:35,248']","["" It's the new regulator.\n""]"
358,"['00:37:37,253', '00:37:39,023']",[' How much of\n a work in progress is this?\n']
359,"['00:37:51,884', '00:37:52,885']",[' Oh.\n']
360,"['00:37:57,860', '00:37:59,129']","[' Okay, okay.\n']"
361,"['00:38:04,074', '00:38:06,144']",[' The sizing coils\n are malfunctioning.\n']
362,"['00:38:07,849', '00:38:09,184']",[' Ow!\n']
363,"['00:38:14,996', '00:38:17,165']",[' Okay. All right.\n']
364,"['00:38:23,313', '00:38:24,213']",[' Sorry.\n']
365,"['00:38:30,260', '00:38:31,425']",[' Awesome.\n']
366,"['00:38:33,766', '00:38:35,368']",[' Hilarious.\n What are we gonna do?\n']
367,"['00:38:47,927', '00:38:49,063']","["" Where's your hall pass?\n""]"
368,"['00:38:54,273', '00:38:55,074']",[' Hey!\n']
369,"['00:39:22,896', '00:39:24,967']",[' You can do it.\n']
370,"['00:39:39,264', '00:39:41,000']","[' Oh, peanut.\n']"
371,"['00:40:11,159', '00:40:13,262']","[' Hiya, champ,\n how was school today?\n']"
372,"['00:40:16,873', '00:40:18,505']",[' So cranky.\n']
373,"['00:40:21,148', '00:40:23,184']",[' Do you really have that?\n']
374,"['00:40:48,001', '00:40:49,170']",[' This has gotta be the lab.\n']
375,"['00:40:54,478', '00:40:55,480']",[' Yeah.\n']
376,"['00:41:08,106', '00:41:10,978']","[' Look at us, teaming\n up twice in one day.\n']"
377,"['00:41:12,614', '00:41:13,648']",[' About what?\n']
378,"['00:41:15,556', '00:41:16,523']",[' What do you mean?\n']
379,"['00:41:19,563', '00:41:22,568']",[' and other stuffing together.\n']
380,"['00:41:24,675', '00:41:26,376']","["" I guess we'll never know.\n""]"
381,"['00:41:27,778', '00:41:29,347']",[' What?\n']
382,"['00:41:39,637', '00:41:41,472']","[' Hey, Scott.\n']"
383,"['00:41:43,612', '00:41:45,280']",[' long enough to get my lab?\n']
384,"['00:41:52,563', '00:41:54,465']","["" Okay, you're transmitting.\n""]"
385,"['00:41:55,668', '00:41:58,271']","[' Sorry, I had to come\n up with a name for my ant.\n']"
386,"['00:42:00,813', '00:42:02,179']",[' You like it?\n']
387,"['00:42:04,452', '00:42:06,488']","["" <i>I'm not getting anything\n on the monitors.</i>\n""]"
388,"['00:42:08,594', '00:42:09,795']",[' <i>Be careful.</i>\n']
389,"['00:42:12,769', '00:42:14,503']","["" It's okay.\n It's just the suit.\n""]"
390,"['00:42:19,449', '00:42:21,217']","["" That's Ghost?\n""]"
391,"['00:42:22,489', '00:42:23,655']",[' Do you think\n that suit is how\n']
392,"['00:42:25,795', '00:42:27,664']","["" Let's just get outta\n here before she wakes up.\n""]"
393,"['00:42:35,514', '00:42:37,550']","["" Now, we're sure\n this is our shrunken building\n""]"
394,"['00:42:38,753', '00:42:40,657']","[' Just take it, Scott.\n Come on, we gotta be fast.\n']"
395,"['00:42:44,699', '00:42:46,168']","[' Oh, shit...\n']"
396,"['00:43:01,632', '00:43:03,267']",[' Guys.\n']
397,"['00:43:07,844', '00:43:09,347']",[' Hi.\n']
398,"['00:43:11,619', '00:43:12,888']",[' Scott.\n']
399,"['00:43:18,967', '00:43:20,803']",[' to go through things.\n']
400,"['00:43:23,309', '00:43:26,447']",[' It just helps me control it.\n']
401,"['00:43:36,369', '00:43:37,769']","["" You're not gonna reach\n into my chest\n""]"
402,"['00:43:42,780', '00:43:44,317']","["" You're funny.\n""]"
403,"['00:43:52,702', '00:43:54,439']",[' I need...\n']
404,"['00:44:11,907', '00:44:13,441']","["" Let's wake up\n the rest of the gang\n""]"
405,"['00:44:17,483', '00:44:18,518']",[' Get up!\n']
406,"['00:44:22,929', '00:44:24,030']",[' Dad?\n']
407,"['00:44:28,639', '00:44:29,808']","[' Now, now, Hope...\n']"
408,"['00:44:32,681', '00:44:33,715']",[' all things considered.\n']
409,"['00:44:37,523', '00:44:40,628']","["" Another casualty\n of Hank Pym's ego.\n""]"
410,"['00:44:44,737', '00:44:46,673']",[' What have you done?\n']
411,"['00:44:49,849', '00:44:51,416']","["" You're with her?\n""]"
412,"['00:44:53,822', '00:44:55,825']",[' What the hell\n is going on here?\n']
413,"['00:44:59,001', '00:45:00,668']",[' Why would he?\n']
414,"['00:45:03,675', '00:45:06,079']",[' They were colleagues\n at S.H.I.E.L.D.\n']
415,"['00:45:08,617', '00:45:12,758']",[' Until my father dare disagree\n with the great Hank Pym.\n']
416,"['00:45:14,563', '00:45:16,433']","[' Oh, and discredited\n for good measure.\n']"
417,"['00:45:25,219', '00:45:28,155']","[' Desperate to restore his name,\n so he took risks.\n']"
418,"['00:45:30,195', '00:45:31,197']",[' Too many.\n']
419,"['00:45:35,507', '00:45:37,041']",[' He told us to run.\n']
420,"['00:45:38,010', '00:45:39,778']",[' Just go. Go!\n']
421,"['00:45:42,186', '00:45:43,454']",[' <i>I could tell\n he was scared.</i>\n']
422,"['00:45:49,867', '00:45:50,969']","[' Ava, no!\n']"
423,"['00:45:57,650', '00:45:58,751']",[' No! No!\n']
424,"['00:46:11,643', '00:46:13,246']","["" <i>I wasn't so lucky.</i>\n""]"
425,"['00:46:22,298', '00:46:24,635']","[' <i>A rather dull name, I think.</i>\n']"
426,"['00:46:27,844', '00:46:31,749']",[' Every cell in my body\n is torn apart...\n']
427,"['00:46:34,023', '00:46:35,958']",[' Over and over.\n']
428,"['00:46:39,099', '00:46:41,103']",[' I was still at S.H.I.E.L.D.\n when I got the call\n']
429,"['00:46:46,981', '00:46:47,784']","[' Hello, Ava.\n']"
430,"['00:46:51,690', '00:46:53,159']","["" I was a friend\n of your father's.\n""]"
431,"['00:47:01,309', '00:47:03,280']","["" It's all right.\n Try again.\n""]"
432,"['00:47:06,853', '00:47:09,125']",[' <i>Dr. Foster did his best\n to keep me safe.</i>\n']
433,"['00:47:11,797', '00:47:14,001']",[' saw an opportunity\n in my affliction.\n']
434,"['00:47:19,146', '00:47:21,481']",[' <i>so I could control my phasing.</i>\n']
435,"['00:47:24,356', '00:47:25,358']",[' <i>They weaponized me.</i>\n']
436,"['00:47:30,202', '00:47:32,104']",[' <i>Killed for them.</i>\n']
437,"['00:47:34,309', '00:47:36,047']",[' they were going to cure me.\n']
438,"['00:47:42,291', '00:47:45,229']","[' When S.H.I.E.L.D. collapsed,\n I took Ava in.\n']"
439,"['00:47:47,101', '00:47:48,469']",[' but her condition\n was progressive.\n']
440,"['00:47:51,244', '00:47:54,079']","[' She wanted to kill you, Hank,\n but I told her no...\n']"
441,"['00:47:55,485', '00:47:57,019']","[' And sure enough,\n she discovered\n']"
442,"['00:48:00,461', '00:48:02,563']","[' Then, she told me\n about Lang.\n']"
443,"['00:48:05,105', '00:48:06,472']","["" that's when I...\n""]"
444,"['00:48:07,809', '00:48:09,276']","["" That's me. I'm sorry.\n""]"
445,"['00:48:11,951', '00:48:13,586']","[' ""Cassie, 911.""\n']"
446,"['00:48:15,891', '00:48:17,293']","["" No, that's not happening.\n""]"
447,"['00:48:19,365', '00:48:21,166']","["" You're not making\n demands here, Lang.\n""]"
448,"['00:48:24,175', '00:48:26,077']","["" Okay, look, she's trying\n to video chat me now.\n""]"
449,"['00:48:31,456', '00:48:33,425']","["" Cassie, are you okay?\n What's the emergency?\n""]"
450,"['00:48:35,063', '00:48:36,430']",[' What?\n']
451,"['00:48:37,501', '00:48:38,469']","["" <i>Hey, Scott,\n I know that they're there.</i>\n""]"
452,"['00:48:40,442', '00:48:41,976']","["" No, I can't\n do that right now.\n""]"
453,"['00:48:44,081', '00:48:44,849']","[' <i>Hey, can you just\n maybe look around</i>\n']"
454,"['00:48:46,117', '00:48:47,420']",[' <i>Please? Thank you.</i>\n']
455,"['00:48:48,992', '00:48:50,927']","[' - Bye, peanut!\n - <i>Feel better!</i>\n']"
456,"['00:48:52,297', '00:48:55,135']","["" I'm sorry.\n It said emergency.\n""]"
457,"['00:48:56,974', '00:48:59,142']","["" She doesn't need your help.\n I know how to save her.\n""]"
458,"['00:49:00,313', '00:49:01,949']",[' Janet.\n']
459,"['00:49:03,219', '00:49:04,353']",[' absorbing quantum energy.\n']
460,"['00:49:06,092', '00:49:08,193']","["" We can use it to repair\n Ava's molecular structure...\n""]"
461,"['00:49:09,364', '00:49:10,432']",[' - Yes.\n - Are you insane?\n']
462,"['00:49:12,371', '00:49:15,340']","["" You don't know that.\n I'm gonna fire up your tunnel.\n""]"
463,"['00:49:16,681', '00:49:18,048']","["" pops into Lang's head,\n he's gonna give it to me...\n""]"
464,"['00:49:19,719', '00:49:21,054']",[' What?\n']
465,"['00:49:22,992', '00:49:24,594']",[' just in case\n I need your help.\n']
466,"['00:49:27,500', '00:49:28,635']","["" You'll do whatever I say.\n""]"
467,"['00:49:30,039', '00:49:32,041']","["" I'd be more worried\n about yourself, Hank.\n""]"
468,"['00:49:34,983', '00:49:36,218']","[' - Dad?\n - Calm down, Hank.\n']"
469,"['00:49:39,025', '00:49:40,191']",[' The pills.\n']
470,"['00:49:42,063', '00:49:44,534']","["" Please, Dr. Foster.\n They're in the tin. Please.\n""]"
471,"['00:49:47,407', '00:49:48,474']",[' Come on!\n']
472,"['00:49:50,079', '00:49:51,514']","[' Dad, just hang on,\n all right?\n']"
473,"['00:49:52,784', '00:49:54,320']","[' Help him, man! Come on!\n']"
474,"['00:49:57,293', '00:49:58,295']",[' Wait!\n']
475,"['00:50:04,474', '00:50:05,509']",[' Hank!\n']
476,"['00:50:20,407', '00:50:24,079']",[' Elihas Starr was a traitor.\n He stole my plans.\n']
477,"['00:50:26,318', '00:50:29,222']","[' No, no, no.\n The bolt is on the other side.\n']"
478,"['00:50:31,695', '00:50:32,697']",[' Good job.\n']
479,"['00:50:34,335', '00:50:36,670']","[' Foster, he could have fried\n the entire system.\n']"
480,"['00:50:38,108', '00:50:39,675']","[' while you go reprogram\n the settings, all right?\n']"
481,"['00:50:47,393', '00:50:48,561']","[' So, this is it.\n']"
482,"['00:50:50,601', '00:50:52,300']","["" to prepare\n I'd be more ready.\n""]"
483,"['00:50:55,409', '00:50:57,746']",[' It kind of melts your mind.\n']
484,"['00:50:59,851', '00:51:00,719']",[' Oh.\n']
485,"['00:51:05,161', '00:51:07,565']","[' Yeah, like, uh,\n George Washington.\n']"
486,"['00:51:09,436', '00:51:11,107']",[' Or George Jefferson.\n']
487,"['00:51:16,451', '00:51:18,586']",[' When I was in prison...\n']
488,"['00:51:21,293', '00:51:22,729']",[' I could have been locked up\n for 100 years...\n']
489,"['00:51:26,336', '00:51:28,438']",[' I know your mom\n is counting the minutes\n']
490,"['00:51:31,782', '00:51:32,750']",[' Thank you.\n']
491,"['00:51:41,635', '00:51:42,735']",[' We got a big problem.\n']
492,"['00:51:43,806', '00:51:44,940']",[' on the back of the building.\n']
493,"['00:51:46,744', '00:51:48,347']","["" And they're on the proposal,\n""]"
494,"['00:51:49,818', '00:51:54,325']","["" Uh, yeah, look,\n it's been a little crazy.\n""]"
495,"['00:51:55,929', '00:51:56,896']","[' No. No, no, no, no.\n']"
496,"['00:51:58,534', '00:51:59,936']",[' You gotta come right now\n and fix it.\n']
497,"['00:52:02,309', '00:52:03,376']","["" You know what,\n I'm coming to you.\n""]"
498,"['00:52:05,849', '00:52:07,418']",[' And you can fix them there.\n']
499,"['00:52:08,621', '00:52:09,789']","["" It's complicated.\n""]"
500,"['00:52:15,369', '00:52:17,505']","[' As you can see, sir,\n']"
501,"['00:52:19,710', '00:52:21,945']","[' Security of tomorrow, today.\n']"
502,"['00:52:23,385', '00:52:24,851']","["" And I love the lean-in, bro.\n Keep practicin'.\n""]"
503,"['00:52:25,989', '00:52:27,057']",[' so we can fix the plans.\n']
504,"['00:52:28,862', '00:52:31,932']","[' - As you can see...\n - Oh, oh, oh!\n']"
505,"['00:52:33,739', '00:52:35,441']","[' Down to the undercarriage,\n baby.\n']"
506,"['00:52:36,777', '00:52:38,546']","[' Well, you said\n get the works.\n']"
507,"['00:52:40,585', '00:52:41,553']","["" He's right.\n""]"
508,"['00:52:44,728', '00:52:46,394']","["" that's for cleaning\n off road salt...\n""]"
509,"['00:52:49,771', '00:52:50,838']","[' Who are you,\n and why do you know so much\n']"
510,"['00:52:52,976', '00:52:54,711']","[' Well, my name\n is Sonny Burch.\n']"
511,"['00:52:58,655', '00:53:01,927']","[' To wit, I have learned\n from a friend of mine...\n']"
512,"['00:53:03,831', '00:53:05,633']",[' a known associate\n of Scott Lang...\n']
513,"['00:53:08,775', '00:53:11,577']",[' has a portable\n shrinking laboratory...\n']
514,"['00:53:13,918', '00:53:16,856']","["" And you're gonna tell me\n where it is.\n""]"
515,"['00:53:18,494', '00:53:21,063']","["" but I don't know\n what you're talking about.\n""]"
516,"['00:53:23,905', '00:53:26,943']",[' And I have promised results\n to some dangerous people.\n']
517,"['00:53:31,619', '00:53:33,488']",[' Now...\n']
518,"['00:53:35,228', '00:53:37,630']",[' at extracting information\n from the unwilling...\n']
519,"['00:53:40,905', '00:53:43,007']","[' Oh, is that truth serum?\n']"
520,"['00:53:44,981', '00:53:46,682']","["" That's just nonsense\n from TV.\n""]"
521,"['00:53:48,487', '00:53:50,155']","["" It's a little concoction\n""]"
522,"['00:53:52,963', '00:53:55,867']",[' It makes you suggestible\n and highly responsive.\n']
523,"['00:53:56,737', '00:53:58,104']","["" No, it's not.\n""]"
524,"['00:54:01,079', '00:54:03,282']","["" - Right?\n - It's not a truth serum.\n""]"
525,"['00:54:04,987', '00:54:06,021']","["" It's not a truth serum.\n""]"
526,"['00:54:09,628', '00:54:11,030']",[' The truth serum.\n']
527,"['00:54:12,969', '00:54:14,606']",[' so you might wanna think\n about that.\n']
528,"['00:54:20,284', '00:54:22,686']",[' What?\n']
529,"['00:54:26,664', '00:54:27,999']",[' How long have I got?\n']
530,"['00:54:35,648', '00:54:37,782']","["" Well, then we'll make them\n bring the lab back.\n""]"
531,"['00:54:39,956', '00:54:42,360']","[' Lang. He has\n a daughter, right?\n']"
532,"['00:54:43,364', '00:54:44,965']",[' Ava!\n']
533,"['00:54:49,108', '00:54:50,745']","["" but I won't be a part\n of anything like that.\n""]"
534,"['00:54:52,748', '00:54:54,284']","[' to fade away\n into nothing, Bill.\n']"
535,"['00:54:56,222', '00:54:57,992']",[' You said\n you could fix me!\n']
536,"['00:55:02,702', '00:55:04,704']",[' I know. I will.\n']
537,"['00:55:08,748', '00:55:11,083']",[' You lay one finger\n on that little girl...\n']
538,"['00:55:19,034', '00:55:20,804']",[' Fine.\n']
539,"['00:55:37,739', '00:55:39,941']","["" You know what? You're right.\n This isn't truth serum.\n""]"
540,"['00:55:41,344', '00:55:43,081']",[' That was a lie.\n I do feel something.\n']
541,"['00:55:44,219', '00:55:45,385']","["" There's no such thing!\n""]"
542,"['00:55:47,090', '00:55:49,425']","[' Okay, okay.\n']"
543,"['00:55:51,900', '00:55:53,102']",[' Okay.\n']
544,"['00:55:59,047', '00:56:00,215']","["" Well, see,\n that's complicated.\n""]"
545,"['00:56:02,286', '00:56:03,688']","["" <i>And I'm not talkin'\n about cell block D.</i>\n""]"
546,"['00:56:05,025', '00:56:07,362']","[' <i>""Damn, homie. She dumped you\n when you\'re on lockup?""</i>\n']"
547,"['00:56:08,599', '00:56:09,300']","[' <i>""I thought I was gonna be\n with her forever...</i>\n']"
548,"['00:56:10,237', '00:56:12,805']","[' <i>And I was, like, ""Damn, homie.\n You know what?</i>\n']"
549,"['00:56:13,476', '00:56:14,610']","[' <i>""But you know what? I\'m Luis.""</i>\n']"
550,"['00:56:15,646', '00:56:16,347']","[' <i>""and we\'re gonna be\n best friends.""</i>\n']"
551,"['00:56:18,420', '00:56:20,121']",[' I like a good story\n as much as the next person...\n']
552,"['00:56:21,125', '00:56:22,325']",[' with where Scott Lang is?\n']
553,"['00:56:23,496', '00:56:25,030']","[' You put a dime in him,\n']"
554,"['00:56:26,235', '00:56:28,304']",[' He like human jukebox.\n']
555,"['00:56:29,942', '00:56:31,141']","[' <i>Yeah, only played Morrissey.</i>\n']"
556,"['00:56:35,186', '00:56:36,586']","[' <i>You know, Chicanos,\n we call him ""Moz.""</i>\n']"
557,"['00:56:37,925', '00:56:39,191']",[' What can I say?\n We relate to his\n']
558,"['00:56:40,896', '00:56:42,130']","[' - Lang!\n - Right, right, right.\n']"
559,"['00:56:43,168', '00:56:44,436']",[' and he starts working\n for Hank.\n']
560,"['00:56:45,371', '00:56:47,309']","[' <i>""I want nothing to do\n with you.</i>\n']"
561,"['00:56:49,047', '00:56:50,280']","["" <i>And then Scotty's, like,</i>\n""]"
562,"['00:56:51,351', '00:56:52,385']","[' <i>""And I\'ll probably\n never find love again,</i>\n']"
563,"['00:56:53,121', '00:56:55,191']",[' <i>But then you fast forward</i>\n']
564,"['00:56:55,893', '00:56:57,028']","["" <i>And then Scotty's, like,</i>\n""]"
565,"['00:56:58,164', '00:57:00,568']","[' <i>""but I\'m gonna go trash an\n airport with Captain America.""</i>\n']"
566,"['00:57:02,106', '00:57:03,541']","[' <i>""Smell you later, dummy.""</i>\n']"
567,"['00:57:04,878', '00:57:05,878']","["" <i>And he won't admit it,\n but his heart is all, like...</i>\n""]"
568,"['00:57:08,117', '00:57:10,052']","[' <i>""my new true partner,\n but I blew it!""</i>\n']"
569,"['00:57:11,190', '00:57:12,291']","["" And then Hope's heart\n is all...\n""]"
570,"['00:57:13,630', '00:57:15,664']","[' <i>""and he\'s gonna screw up\n again, and ruin everything!""</i>\n']"
571,"['00:57:16,835', '00:57:19,070']","[' <i>""That fancy raspberry filling\n represents the company\'s red</i>\n']"
572,"['00:57:20,643', '00:57:21,508']","[' ""Out of business""?\n']"
573,"['00:57:22,648', '00:57:24,215']",[' Damn truth serum!\n']
574,"['00:57:26,288', '00:57:28,222']","["" I was trying to be\n a good boss, but we're broke!\n""]"
575,"['00:57:29,027', '00:57:30,226']","["" And if we don't show up,\n we're done!\n""]"
576,"['00:57:31,398', '00:57:32,563']","[' Damn, bro!\n']"
577,"['00:57:34,503', '00:57:36,340']",[' Enough.\n']
578,"['00:57:41,717', '00:57:43,253']",[' Where is Scott Lang?\n']
579,"['00:57:44,257', '00:57:45,523']","["" he's in a tricky spot,\n emotionally speaking.\n""]"
580,"['00:57:47,228', '00:57:50,233']","[' Well, where is Scott Lang,\n literally speaking!\n']"
581,"['00:57:51,672', '00:57:52,507']",[' The woods?\n']
582,"['00:57:55,445', '00:57:57,280']","[' What do you mean, ""the woods""?\n']"
583,"['00:57:58,452', '00:57:59,753']",[' off the Panoramic Highway!\n']
584,"['00:58:03,061', '00:58:04,729']","[' <i>â™ª Baba Yaga,\n come at night</i>\n']"
585,"['00:58:09,239', '00:58:10,675']",[' Damn it!\n']
586,"['00:58:14,083', '00:58:15,784']","["" I'm never gonna see it.\n""]"
587,"['00:58:18,259', '00:58:19,758']","["" It's easier to steal it\n from the Feds\n""]"
588,"['00:58:23,802', '00:58:27,273']","["" Hey, it's me. How'd you like\n to get a promotion?\n""]"
589,"['00:58:31,150', '00:58:32,284']","["" But you gonna\n have to take 'em down now,\n""]"
590,"['00:58:34,389', '00:58:36,259']","[' And when you do,\n you gonna get me that lab.\n']"
591,"['00:58:39,766', '00:58:41,501']","[' Good news, gentlemen.\n']"
592,"['00:58:44,342', '00:58:46,278']","["" What are you lookin' at?\n Change my tires!\n""]"
593,"['00:58:49,454', '00:58:52,557']",[' - Sir.\n - Can you knock?\n']
594,"['00:58:56,300', '00:58:58,170']","[' Ooh, I love leads.\n']"
595,"['00:59:06,152', '00:59:07,554']",[' Priming the coils.\n']
596,"['00:59:11,329', '00:59:12,498']","["" As soon\n as the tunnel's open...\n""]"
597,"['00:59:13,635', '00:59:14,802']",[' that could be\n a part of her message.\n']
598,"['00:59:18,309', '00:59:19,612']","[' Okay, then.\n']"
599,"['00:59:37,315', '00:59:38,684']",[' We did it!\n']
600,"['00:59:43,862', '00:59:45,563']","["" Nothin'.\n""]"
601,"['00:59:49,271', '00:59:50,807']",[' No.\n']
602,"['00:59:52,411', '00:59:53,445']","["" What's happening?\n""]"
603,"['00:59:55,650', '00:59:57,854']","["" We've gone over them a million\n times, I know they're right!\n""]"
604,"['00:59:59,226', '01:00:00,628']","["" I don't know!\n""]"
605,"['01:00:08,275', '01:00:09,644']","["" Scott, you can't...\n""]"
606,"['01:00:11,282', '01:00:12,485']",[' I need to fix the algorithm.\n']
607,"['01:00:16,994', '01:00:18,664']","["" I've thought about it a lot.\n""]"
608,"['01:00:27,014', '01:00:28,416']","[' Hi, honey.\n']"
609,"['01:00:33,927', '01:00:35,330']",[' Mom?\n']
610,"['01:00:37,934', '01:00:40,072']","["" It's all so rushed.\n""]"
611,"['01:00:42,512', '01:00:44,481']",[' You just need a little...\n']
612,"['01:01:01,416', '01:01:03,720']","[' Janet,\n how is this possible?\n']"
613,"['01:01:06,960', '01:01:08,461']","["" in Scott's head.\n It was an antenna.\n""]"
614,"['01:01:10,467', '01:01:12,670']","["" I'm so proud of you.\n""]"
615,"['01:01:14,543', '01:01:16,510']",[' Tell us how to find you.\n']
616,"['01:01:18,516', '01:01:19,816']","["" That's why I needed\n to talk to you.\n""]"
617,"['01:01:21,657', '01:01:22,923']",[' Of course!\n']
618,"['01:01:29,938', '01:01:33,043']","["" I'm tracking your signal\n using subatomic frequencies...\n""]"
619,"['01:01:35,451', '01:01:37,151']","["" I'd narrow it\n to four and six.\n""]"
620,"['01:01:38,456', '01:01:39,826']",[' Look at us squabbling again.\n']
621,"['01:01:43,867', '01:01:46,972']","["" Our first fight in decades,\n and it's over just like that.\n""]"
622,"['01:02:03,773', '01:02:05,041']",[' Source lock.\n']
623,"['01:02:07,012', '01:02:09,782']",[' We got it!\n']
624,"['01:02:11,856', '01:02:14,525']","[' In the wasteland,\n beyond the quantum void.\n']"
625,"['01:02:15,762', '01:02:17,967']","[' especially on the human mind,\n so be careful.\n']"
626,"['01:02:20,672', '01:02:22,208']",[' You have two hours.\n']
627,"['01:02:24,014', '01:02:25,081']","["" and it'll be another century\n""]"
628,"['01:02:26,719', '01:02:28,522']","["" We'll find you.\n""]"
629,"['01:02:41,983', '01:02:43,784']",[' Nope.\n']
630,"['01:02:45,791', '01:02:46,626']",[' Perfect.\n']
631,"['01:02:55,242', '01:02:57,077']","["" All right, first you're gonna\n see all kinds of lights...\n""]"
632,"['01:02:58,282', '01:03:01,052']","["" but then it's gonna turn black\n and silent. Really silent.\n""]"
633,"['01:03:03,125', '01:03:04,325']","["" I'm just saying\n because I've been down there.\n""]"
634,"['01:03:08,969', '01:03:10,705']","[' Um, sorry.\n I have to take this.\n']"
635,"['01:03:13,646', '01:03:15,615']","["" No, I'm not,\n but you know what? Ghost is.\n""]"
636,"['01:03:17,653', '01:03:19,088']","["" - What?\n - <i>I'm sorry, I'm sorry.</i>\n""]"
637,"['01:03:20,092', '01:03:21,392']",[' And then all of a sudden\n']
638,"['01:03:22,496', '01:03:24,398']","[' Like, I hate the way\n that you load the dishwasher.\n']"
639,"['01:03:25,302', '01:03:26,336']",[' - Uh...\n - <i>But you need to go home...</i>\n']
640,"['01:03:28,108', '01:03:29,309']",[' And by the way...\n']
641,"['01:03:41,702', '01:03:43,269']",[' I feel like such a jerk.\n']
642,"['01:03:45,677', '01:03:46,842']",[' What?\n']
643,"['01:03:48,849', '01:03:50,316']",[' How?\n']
644,"['01:03:52,423', '01:03:53,090']",[' I told him to come here\n so I could help him\n']
645,"['01:03:54,795', '01:03:56,463']","[' Oh, my God!\n']"
646,"['01:03:58,001', '01:03:59,267']","[' Otherwise,\n we lose the business!\n']"
647,"['01:04:00,172', '01:04:01,271']",[' to find work these days?\n']
648,"['01:04:12,429', '01:04:13,996']",[' 90 seconds to close\n the aperture!\n']
649,"['01:04:15,769', '01:04:16,936']",[' I know!\n']
650,"['01:04:19,210', '01:04:21,912']","[' but the, um, FBI\n is coming to my place so...\n']"
651,"['01:04:25,155', '01:04:26,826']",[' Can I borrow the suit?\n']
652,"['01:04:30,097', '01:04:31,766']",[' <i>Powering on.</i>\n']
653,"['01:04:34,106', '01:04:36,242']","["" I'll come back.\n Just tell me where you'll be.\n""]"
654,"['01:04:37,945', '01:04:39,115']","["" We'll come\n and get the suit from you,\n""]"
655,"['01:04:40,385', '01:04:42,355']","[' - Hope...\n - Scott, just go!\n']"
656,"['01:05:01,929', '01:05:03,162']","["" It's us, buddy!\n""]"
657,"['01:05:05,568', '01:05:07,070']",[' He must be resting.\n']
658,"['01:05:08,240', '01:05:09,307']",[' and look under your bed?\n']
659,"['01:05:12,481', '01:05:14,050']",[' Daddy?\n']
660,"['01:05:17,925', '01:05:20,028']",[' He really lives\n like a pig these days.\n']
661,"['01:05:32,121', '01:05:34,123']",[' Spread out!\n']
662,"['01:05:35,295', '01:05:37,095']",[' You people have no shame!\n']
663,"['01:05:38,534', '01:05:39,536']","["" Yeah, I'm not buying it!\n""]"
664,"['01:05:44,413', '01:05:46,280']","["" But Daddy's super sick!\n""]"
665,"['01:05:47,652', '01:05:49,521']","["" He says he doesn't want\n anyone else to get sick!\n""]"
666,"['01:05:51,260', '01:05:53,496']","[' He barfed. Like, a lot.\n']"
667,"['01:05:55,134', '01:05:56,936']","["" I've seen worse things\n than vomit.\n""]"
668,"['01:05:59,108', '01:06:00,611']","[' - Yes!\n - Forget it, move aside!\n']"
669,"['01:06:05,422', '01:06:07,557']",[' Woo!\n']
670,"['01:06:12,971', '01:06:15,673']","["" I'm sorry,\n I'm just really sick.\n""]"
671,"['01:06:17,210', '01:06:18,612']",[' Excuse me.\n']
672,"['01:06:21,052', '01:06:22,753']",[' Sorry.\n']
673,"['01:06:30,737', '01:06:32,674']",[' You get the lab.\n']
674,"['01:06:51,246', '01:06:53,115']",[' Hank Pym...\n']
675,"['01:06:54,518', '01:06:55,686']","["" you're under arrest.\n""]"
676,"['01:06:58,726', '01:07:00,229']","["" Actually, it's not.\n""]"
677,"['01:07:01,666', '01:07:04,037']","[' ""Forever\n Bothering Individuals""?\n']"
678,"['01:07:08,179', '01:07:09,746']",[' Damn it!\n']
679,"['01:07:12,288', '01:07:14,190']","["" We got 'em sir. Pym\n and Van Dyne are in custody.\n""]"
680,"['01:07:18,365', '01:07:19,867']","["" Oh, I'm sorry, Scott.\n""]"
681,"['01:07:22,476', '01:07:24,309']","[' I just really needed a win,\n you know?\n']"
682,"['01:07:25,746', '01:07:27,583']",[' for the official end\n of your sentence!\n']
683,"['01:07:29,288', '01:07:31,125']",[' You should feel great\n about yourself!\n']
684,"['01:07:56,309', '01:07:57,476']",[' We have a man down.\n']
685,"['01:08:07,297', '01:08:08,298']",[' Hey.\n']
686,"['01:08:12,273', '01:08:12,908']",[' Sure.\n']
687,"['01:08:17,819', '01:08:20,423']",[' how long\n have you been Ant-Man again?\n']
688,"['01:08:25,833', '01:08:27,669']",[' It just sort of happened.\n']
689,"['01:08:29,708', '01:08:31,509']","["" and I'm sorry\n for risking everything.\n""]"
690,"['01:08:32,480', '01:08:33,615']","["" It's not.\n""]"
691,"['01:08:36,354', '01:08:38,625']",[' and the people that I love\n the most pay the price.\n']
692,"['01:08:39,795', '01:08:42,330']","["" Trying to help people\n isn't dumb.\n""]"
693,"['01:08:46,876', '01:08:50,280']","[' So, maybe you just need\n someone watching your back...\n']"
694,"['01:08:51,585', '01:08:52,486']","["" Well, she's made it clear\n""]"
695,"['01:08:53,989', '01:08:55,290']",[' Who?\n']
696,"['01:08:59,000', '01:09:00,366']","[' Wait, who did you think?\n']"
697,"['01:09:01,838', '01:09:03,339']",[' You?\n']
698,"['01:09:05,313', '01:09:06,545']","["" I'd be a great partner.\n""]"
699,"['01:09:08,618', '01:09:12,892']",[' Aw. You would be awesome.\n And if I let you...\n']
700,"['01:09:15,399', '01:09:16,967']",[' Fine.\n']
701,"['01:09:21,511', '01:09:22,847']",[' She reminds me of you.\n']
702,"['01:09:25,886', '01:09:27,856']",[' I think you should help her.\n']
703,"['01:09:30,895', '01:09:33,567']","["" but I don't know how I could\n help her without hurting you.\n""]"
704,"['01:09:38,845', '01:09:41,449']",[' You can do anything.\n']
705,"['01:09:51,938', '01:09:53,772']",[' Agent Woo will see you\n in an hour.\n']
706,"['01:09:55,912', '01:09:57,981']","[' Oh, you got\n somewhere else to be?\n']"
707,"['01:10:14,684', '01:10:16,588']","["" All right,\n what's our plan?\n""]"
708,"['01:10:20,529', '01:10:21,696']",[' It looks load-bearing.\n']
709,"['01:10:22,867', '01:10:24,701']",[' Then we run like hell.\n']
710,"['01:10:27,074', '01:10:28,876']",[' Roughly five times that\n in the building at large.\n']
711,"['01:10:30,515', '01:10:31,450']",[' Not great odds.\n']
712,"['01:10:33,253', '01:10:34,456']",[' Nope.\n']
713,"['01:10:37,796', '01:10:39,131']","["" She'd be so proud of you.\n""]"
714,"['01:10:47,048', '01:10:48,051']",[' One...\n']
715,"['01:10:54,863', '01:10:56,298']",[' Scott?\n']
716,"['01:10:57,837', '01:10:59,105']",[' We gotta go find that lab.\n']
717,"['01:11:02,612', '01:11:04,179']",[' Perfect.\n']
718,"['01:11:19,179', '01:11:20,680']","[' Okay, now what?\n']"
719,"['01:11:24,855', '01:11:26,024']",[' Get in!\n']
720,"['01:11:32,972', '01:11:33,974']",[' Hi.\n']
721,"['01:11:40,119', '01:11:42,055']",[' or are you two gonna keep\n staring at each other...\n']
722,"['01:11:44,296', '01:11:45,698']",[' Yeah.\n']
723,"['01:11:51,877', '01:11:53,044']","["" Yeah, they're out.\n""]"
724,"['01:11:59,192', '01:12:00,759']","[' Her suit is missing,\n and so is the van.\n']"
725,"['01:12:02,064', '01:12:03,767']","[' I mean, what the dickens?\n']"
726,"['01:12:08,677', '01:12:09,378']","["" You're welcome.\n""]"
727,"['01:12:14,055', '01:12:15,254']",[' After we lost it\n the first time...\n']
728,"['01:12:18,229', '01:12:19,899']",[' of sorts.\n']
729,"['01:12:57,140', '01:12:59,308']",[' Is it ready or not?\n']
730,"['01:13:02,985', '01:13:04,152']","[' Listen, Ava.\n']"
731,"['01:13:06,894', '01:13:08,027']",[' Maybe we should...\n']
732,"['01:13:10,967', '01:13:12,872']","["" I've got days\n until I'm dead.\n""]"
733,"['01:13:19,851', '01:13:23,089']",[' Energy readings show they\n have not used the tunnel yet.\n']
734,"['01:13:24,161', '01:13:25,428']","["" Mom's location shifts,\n and we lose her.\n""]"
735,"['01:13:28,136', '01:13:29,436']","[' You know,\n my pep-pep always said,\n']"
736,"['01:13:31,442', '01:13:32,976']","[' So, we should do that.\n']"
737,"['01:13:35,251', '01:13:37,887']","[' Two, we have to kick out\n Foster and Ghost.\n']"
738,"['01:13:40,193', '01:13:42,595']","[' That seems like it should be\n part of two. 2-A, all right?\n']"
739,"['01:13:44,301', '01:13:46,001']",[' Fight Ghost. 2-A.\n']
740,"['01:13:47,373', '01:13:48,909']",[' is fully grown\n for you to come back.\n']
741,"['01:13:49,612', '01:13:51,112']",[' Scott!\n']
742,"['01:13:52,016', '01:13:53,519']","["" I'm going to dive.\n""]"
743,"['01:13:57,996', '01:14:01,500']","[' together,\n protecting the tunnel.\n']"
744,"['01:14:05,377', '01:14:07,280']",[' Let me get her.\n']
745,"['01:14:17,668', '01:14:20,038']","[' ""Whassup?""\n']"
746,"['01:14:25,417', '01:14:26,652']","[' ""Whassup?""\n']"
747,"['01:14:30,059', '01:14:32,529']",[' I thought we could use\n some help.\n']
748,"['01:14:35,603', '01:14:37,103']",[' The ants are headed in.\n']
749,"['01:14:38,408', '01:14:39,377']","[' <i>Keep your eyes peeled,\n Scotty.</i>\n']"
750,"['01:14:43,284', '01:14:45,254']",[' Cassie gave me this\n for my birthday.\n']
751,"['01:14:47,694', '01:14:49,331']","[' Thanks, man.\n']"
752,"['01:14:52,570', '01:14:57,076']","[' I would even like a suit\n with minimal powers, you know?\n']"
753,"['01:15:15,349', '01:15:16,351']",[' What is it?\n']
754,"['01:15:23,131', '01:15:24,199']","["" It's them!\n""]"
755,"['01:15:49,182', '01:15:52,387']","[' All right, Hank. Hank?\n']"
756,"['01:15:56,197', '01:15:57,865']","["" Foster's taken care of.\n""]"
757,"['01:16:04,146', '01:16:06,182']",[' I just wanted to save Ava.\n']
758,"['01:16:08,787', '01:16:09,622']","["" She's afraid.\n""]"
759,"['01:16:13,731', '01:16:15,633']",[' I promise.\n']
760,"['01:16:20,244', '01:16:21,646']","[' Good luck, Hank.\n']"
761,"['01:16:24,686', '01:16:27,358']","["" Now, I'm gonna need you\n to step back.\n""]"
762,"['01:16:49,537', '01:16:50,936']","["" <i>Hank's in, Scott.</i>\n""]"
763,"['01:16:51,908', '01:16:53,243']","[' No, nothing yet.\n']"
764,"['01:17:03,296', '01:17:05,433']","[' Call off the ants, Scott.\n']"
765,"['01:17:30,484', '01:17:31,518']",[' Can I get a status report?\n']
766,"['01:17:36,496', '01:17:37,398']",[' Ready to dive.\n']
767,"['01:17:46,682', '01:17:47,917']","["" Don't say that.\n""]"
768,"['01:17:50,658', '01:17:51,559']","[' I love you, Hope.\n']"
769,"['01:18:11,832', '01:18:12,835']",[' Now.\n']
770,"['01:18:24,560', '01:18:25,925']",[' One of the first things\n they teach you\n']
771,"['01:18:30,069', '01:18:31,072']",[' No!\n']
772,"['01:18:37,185', '01:18:38,218']",[' Meet us\n at the rendezvous point.\n']
773,"['01:18:39,823', '01:18:40,624']","[' Oh, no.\n']"
774,"['01:18:47,002', '01:18:48,236']",[' Who?\n']
775,"['01:18:52,515', '01:18:53,548']",[' Change of plans.\n']
776,"['01:19:07,545', '01:19:09,548']","[' I want that lab, boys,\n whatever it takes.\n']"
777,"['01:19:34,230', '01:19:36,000']",[' That undercarriage is filthy!\n']
778,"['01:19:42,782', '01:19:43,816']","["" Hope, what're you doing?\n""]"
779,"['01:19:45,219', '01:19:46,385']","["" <i>Don't worry,</i>\n""]"
780,"['01:19:47,824', '01:19:49,694']","["" Wait, what're you... Oh.\n""]"
781,"['01:20:12,106', '01:20:13,641']","["" We're gonna die!\n""]"
782,"['01:20:27,936', '01:20:30,073']",[' What the hell\n are they doing up there?\n']
783,"['01:20:49,413', '01:20:51,184']",[' <i>Recalibrating.</i>\n']
784,"['01:21:01,739', '01:21:02,907']",[' <i>Recalibrating.</i>\n']
785,"['01:21:09,119', '01:21:11,155']",[' <i>Recalibrating.</i>\n']
786,"['01:21:16,435', '01:21:18,806']",[' <i>Signal restored.</i>\n']
787,"['01:21:37,109', '01:21:38,511']",[' - Take the wheel.\n - What? Wait! Whoa.\n']
788,"['01:21:51,971', '01:21:53,606']",[' Be careful up there!\n']
789,"['01:22:25,171', '01:22:26,942']","[' Oh, you got pezed!\n']"
790,"['01:22:33,354', '01:22:34,356']","["" Oh, that's not good.\n""]"
791,"['01:22:45,110', '01:22:45,912']",[' - No!\n - No!\n']
792,"['01:22:52,592', '01:22:53,627']",[' Get the lab!\n']
793,"['01:23:07,588', '01:23:10,157']",[' Hope! Wait!\n']
794,"['01:23:20,280', '01:23:21,582']","[' We got you now, Ava!\n']"
795,"['01:23:48,203', '01:23:49,470']",[' Not again!\n']
796,"['01:23:55,819', '01:23:57,321']",[' Ah! Yes!\n']
797,"['01:24:03,300', '01:24:05,170']",[' Burch got the lab.\n']
798,"['01:24:16,760', '01:24:17,762']","[' No, no, no,\n no, no, no!\n']"
799,"['01:24:38,337', '01:24:39,370']","[' <i>Scott, where are you?</i>\n']"
800,"['01:24:40,942', '01:24:42,409']","["" I'm coming,\n I'm coming, I'm coming!\n""]"
801,"['01:24:47,354', '01:24:49,623']","[' <i>Warning,\n approaching quantum void.</i>\n']"
802,"['01:26:03,872', '01:26:05,507']",[' Guys.\n']
803,"['01:26:08,716', '01:26:09,717']","["" We can't grow\n the lab without it.\n""]"
804,"['01:26:11,055', '01:26:12,521']","[' Yeah, but the van is busted.\n']"
805,"['01:26:16,666', '01:26:17,668']",[' What?\n']
806,"['01:26:25,416', '01:26:26,750']","["" The remote!\n We're missing the remote!\n""]"
807,"['01:26:31,095', '01:26:31,963']",[' Huh?\n']
808,"['01:27:04,462', '01:27:05,626']","["" Hey, I'm going down Pacific.\n""]"
809,"['01:27:06,797', '01:27:08,066']","["" I'm on my way.\n""]"
810,"['01:27:13,579', '01:27:14,581']",[' Hi.\n']
811,"['01:27:25,970', '01:27:27,071']",[' Nice.\n']
812,"['01:27:43,305', '01:27:44,972']","[' Come here, you little weasel!\n']"
813,"['01:27:49,650', '01:27:51,885']",[' I guess maybe you do.\n']
814,"['01:28:05,347', '01:28:08,754']",[' Anyone see a Southern\n gentleman carrying a building?\n']
815,"['01:28:15,837', '01:28:18,304']","[' Would you just one time,\n']"
816,"['01:28:20,645', '01:28:22,147']",[' Yes!\n']
817,"['01:28:24,654', '01:28:25,322']",[' Yes!\n']
818,"['01:28:29,396', '01:28:30,763']",[' Somebody!\n']
819,"['01:28:33,304', '01:28:35,005']",[' Not cool!\n']
820,"['01:28:37,078', '01:28:39,850']","[' Yes, yes, yes, yes!\n']"
821,"['01:28:44,159', '01:28:45,295']","["" You're a badass!\n""]"
822,"['01:28:49,703', '01:28:51,138']","[' No, no, no!\n']"
823,"['01:28:55,280', '01:28:56,947']","[' <i>Our friends, the humpbacks,</i>\n']"
824,"['01:28:58,988', '01:29:01,023']",[' <i>for a little leisure\n and a little breeding.</i>\n']
825,"['01:29:02,494', '01:29:04,964']","["" <i>And perhaps they're down below\n as we speak, doing the nasty.</i>\n""]"
826,"['01:29:06,438', '01:29:07,571']",[' In three hours.\n']
827,"['01:29:08,675', '01:29:10,878']",[' <i>but it looks like\n we got some company.</i>\n']
828,"['01:29:14,988', '01:29:17,157']","["" <i>There it is.\n There's a breach.</i>\n""]"
829,"['01:29:25,140', '01:29:27,876']",[' Hi. Sorry. Hi.\n']
830,"['01:29:30,451', '01:29:32,987']","["" Sorry, I know I'm not a whale.\n This will just take a second.\n""]"
831,"['01:29:35,261', '01:29:36,995']","[' No, no! No, no!\n']"
832,"['01:29:37,998', '01:29:41,004']",[' Come on. Let go.\n']
833,"['01:29:44,479', '01:29:46,249']","["" I'll take this now.\n""]"
834,"['01:30:05,319', '01:30:06,822']",[' <i>A message in your head.</i>\n']
835,"['01:30:10,463', '01:30:12,500']","["" <i>Daddy?\n Where's Mommy?</i>\n""]"
836,"['01:30:13,871', '01:30:14,938']","[' <i>I love you, Hank.</i>\n']"
837,"['01:30:37,251', '01:30:38,351']",[' Daddy?\n']
838,"['01:30:44,565', '01:30:45,333']","["" Why haven't you found Mom?\n""]"
839,"['01:30:52,916', '01:30:55,018']","[' Still think you have\n all the answers, Hank?\n']"
840,"['01:32:06,194', '01:32:08,164']","["" I'm so sorry...\n""]"
841,"['01:32:11,704', '01:32:13,140']",[' No.\n']
842,"['01:32:16,649', '01:32:18,151']","["" You're here now.\n""]"
843,"['01:32:23,194', '01:32:25,430']",[' I thought I was gone.\n']
844,"['01:32:28,573', '01:32:29,775']",[' how did you do that?\n']
845,"['01:32:35,753', '01:32:37,390']",[' This place...\n']
846,"['01:32:42,399', '01:32:45,604']","[' Adaptation is part of it,\n but some of it is...\n']"
847,"['01:32:49,380', '01:32:51,683']",[' <i>Lab coordinates not found.</i>\n']
848,"['01:32:54,190', '01:32:55,322']",[' I should probably tell you\n']
849,"['01:32:59,266', '01:33:01,736']",[' I got the lab. I got the lab.\n']
850,"['01:33:04,944', '01:33:07,248']",[' Move!\n']
851,"['01:33:14,797', '01:33:15,765']","["" Let's go.\n""]"
852,"['01:33:21,412', '01:33:24,251']","["" <i>It's gotta be 80-85 feet tall.</i>\n""]"
853,"['01:33:31,966', '01:33:35,238']",[' I got the lab.\n']
854,"['01:33:38,444', '01:33:39,879']","["" Oh, no. He's too big.\n""]"
855,"['01:33:44,856', '01:33:46,360']",[' Scott!\n']
856,"['01:33:48,364', '01:33:51,000']","["" I'm just gonna go to sleep now\n for five minutes.\n""]"
857,"['01:33:53,876', '01:33:55,212']",[' Five minutes!\n']
858,"['01:34:03,761', '01:34:06,332']","["" - Scott's air won't last.\n - Okay.\n""]"
859,"['01:34:22,466', '01:34:24,870']",[' Move! Move!\n']
860,"['01:34:39,466', '01:34:41,367']",[' <i>Lab at full scale.</i>\n']
861,"['01:34:42,538', '01:34:43,973']",[' <i>Ready to ascend.</i>\n']
862,"['01:35:08,023', '01:35:08,891']",[' Scott!\n']
863,"['01:35:12,131', '01:35:13,969']","[' Scott, come on, wake up!\n']"
864,"['01:35:32,773', '01:35:34,108']",[' Gotcha.\n']
865,"['01:35:45,764', '01:35:46,866']",[' Hey.\n']
866,"['01:35:50,140', '01:35:52,943']","[' Hey, Scotty!\n Hope, come in.\n']"
867,"['01:35:58,090', '01:36:00,058']","["" Where's the remote, Luis?\n""]"
868,"['01:36:02,565', '01:36:04,099']","["" I don't have it.\n I don't have it.\n""]"
869,"['01:36:06,305', '01:36:08,608']","[' <i>Adios, amigo.</i>\n']"
870,"['01:36:13,019', '01:36:14,085']","[' Thanks, guys.\n']"
871,"['01:36:22,605', '01:36:24,307']",[' Ava!\n']
872,"['01:36:28,585', '01:36:30,084']",[' Almost ready for extraction.\n']
873,"['01:36:32,725', '01:36:35,195']","["" Everything hurts.\n Don't talk to me about pain!\n""]"
874,"['01:36:36,932', '01:36:38,768']",[' What if this process\n kills Janet?\n']
875,"['01:36:40,206', '01:36:42,075']","["" All I'm saying is that she is\n a brilliant scientist.\n""]"
876,"['01:36:43,646', '01:36:46,282']","[' Oh, she will help.\n Right now!\n']"
877,"['01:36:48,288', '01:36:51,159']","["" No, no. I'm sorry,\n we can't do this.\n""]"
878,"['01:36:56,104', '01:36:58,106']",[' This is the way.\n']
879,"['01:37:31,710', '01:37:33,009']",[' She started\n the extraction.\n']
880,"['01:37:43,966', '01:37:44,969']",[' No!\n']
881,"['01:38:37,472', '01:38:38,842']",[' Are you okay?\n']
882,"['01:39:03,292', '01:39:04,594']","[' Oh, my God.\n']"
883,"['01:39:15,314', '01:39:17,550']",[' I missed you so much.\n']
884,"['01:39:22,529', '01:39:23,696']","["" It's okay.\n""]"
885,"['01:39:28,975', '01:39:30,945']","[' No more last-minute\n business trips, okay?\n']"
886,"['01:39:33,318', '01:39:34,686']","["" No, it's okay!\n""]"
887,"['01:39:36,423', '01:39:38,159']","["" - I'll be fine.\n - Dad.\n""]"
888,"['01:39:45,307', '01:39:46,978']",[' Miss Van Dyne.\n']
889,"['01:39:50,319', '01:39:51,718']","["" Well, I guess\n we've already met.\n""]"
890,"['01:39:57,131', '01:39:58,134']",[' Wait.\n']
891,"['01:40:10,091', '01:40:11,226']",[' I can feel it.\n']
892,"['01:40:17,405', '01:40:19,076']",[' It always hurts.\n']
893,"['01:40:26,657', '01:40:28,726']",[' I think I can help you.\n']
894,"['01:41:08,239', '01:41:09,841']","["" It's okay.\n""]"
895,"['01:41:14,185', '01:41:14,786']",[' Whoa.\n']
896,"['01:41:20,564', '01:41:22,201']",[' - I gotta go.\n - We gotta go!\n']
897,"['01:41:27,612', '01:41:29,748']",[' Hands in the air!\n']
898,"['01:41:32,322', '01:41:34,322']","[' You see, we see these guys.\n They trying to shoot people.\n']"
899,"['01:41:37,698', '01:41:39,901']",[' We traffic\n in stolen technology.\n']
900,"['01:41:41,739', '01:41:43,540']","["" Uh, he's in charge.\n""]"
901,"['01:41:45,381', '01:41:46,379']","["" I've also committed\n""]"
902,"['01:41:48,753', '01:41:50,757']",[' Some of them\n would shock you.\n']
903,"['01:42:00,444', '01:42:01,978']",[' We gotta get outta here.\n']
904,"['01:42:04,752', '01:42:06,921']",[' I have an idea.\n']
905,"['01:42:08,025', '01:42:09,526']",[' <i>at the intersection of\n Broadway and Laguna.</i>\n']
906,"['01:42:10,796', '01:42:12,398']","[' Go, go!\n']"
907,"['01:42:21,854', '01:42:23,687']","["" It's over, Scotty!\n""]"
908,"['01:42:26,662', '01:42:28,665']","["" Come on.\n It's the end of the line, pal.\n""]"
909,"['01:42:31,773', '01:42:34,712']","["" Just pull off that Band-Aid!\n You lost! It's okay!\n""]"
910,"['01:42:44,998', '01:42:46,568']",[' Magic.\n']
911,"['01:42:49,943', '01:42:51,680']","["" Get to Lang's, now!\n""]"
912,"['01:43:00,363', '01:43:01,698']","["" Let's go!\n""]"
913,"['01:43:11,016', '01:43:12,451']",[' We can make it.\n']
914,"['01:43:14,759', '01:43:16,928']","["" I've hurt people.\n""]"
915,"['01:43:18,768', '01:43:20,634']",[' Go. Please!\n']
916,"['01:43:22,439', '01:43:23,674']",[' Bill...\n']
917,"['01:44:09,667', '01:44:11,702']","[' Oh, hey, guys.\n']"
918,"['01:44:20,256', '01:44:22,291']","["" What's it like out there?\n""]"
919,"['01:44:25,698', '01:44:27,968']",[' Are food trucks\n still a thing?\n']
920,"['01:44:29,908', '01:44:32,946']","["" but, uh,\n I'll be seeing you again.\n""]"
921,"['01:44:35,118', '01:44:36,184']",[' Huh?\n']
922,"['01:44:38,824', '01:44:42,299']","[' Like, in general...\n']"
923,"['01:44:44,170', '01:44:45,803']","["" - I'll be there to catch you...\n - Oh.\n""]"
924,"['01:44:48,077', '01:44:50,113']",[' I thought you were\n inviting me somewhere.\n']
925,"['01:44:53,188', '01:44:55,723']","["" That's what I was wondering,\n why would you do that?\n""]"
926,"['01:44:57,195', '01:44:59,298']","["" I don't know. I thought you\n planned the evening.\n""]"
927,"['01:45:00,836', '01:45:02,003']","[' Of course,\n that would be strange.\n']"
928,"['01:45:05,011', '01:45:06,647']","[' Did you want to grab dinner,\n or something?\n']"
929,"['01:45:08,752', '01:45:10,121']",[' Yeah. Come on.\n']
930,"['01:45:20,408', '01:45:21,610']",[' Yeah!\n']
931,"['01:45:26,287', '01:45:28,656']",[' Oh!\n']
932,"['01:45:31,698', '01:45:32,299']",[' X-Con Security.\n']
933,"['01:45:35,838', '01:45:37,976']","[' Yeah, you saw that?\n']"
934,"['01:45:41,952', '01:45:43,288']","["" I'll see you Thursday,\n 9:00 AM. Okay.\n""]"
935,"['01:45:45,926', '01:45:48,163']","["" That's how you close a deal!\n""]"
936,"['01:46:18,992', '01:46:20,527']","[' So, Cassie...\n']"
937,"['01:46:22,532', '01:46:24,534']",[' I wanna help people...\n']
938,"['01:46:26,439', '01:46:27,442']",[' Really?\n']
939,"['01:46:30,849', '01:46:32,217']",[' But he said he wants you.\n']
940,"['01:46:39,298', '01:46:40,467']",[' Daddy!\n']
941,"['01:46:43,408', '01:46:45,477']","[' Move, get outta here!\n']"
942,"['01:46:47,481', '01:46:49,552']",[' Ow.\n']
943,"['01:46:51,823', '01:46:54,259']",[' Ugh. I hate that moth dust!\n']
944,"['01:49:05,355', '01:49:07,491']",[' I used to be\n a respected scientist.\n']
945,"['01:49:10,733', '01:49:12,735']","[' Now, I got this.\n']"
946,"['01:49:15,844', '01:49:18,615']",[' This is... smaller.\n']
947,"['01:49:23,292', '01:49:25,327']","[' Ah, I think it has flair.\n']"
948,"['01:49:32,176', '01:49:34,513']",[' The collection unit activates\n when you decouple it.\n']
949,"['01:49:36,184', '01:49:37,919']",[' quantum healing particles.\n']
950,"['01:49:40,694', '01:49:42,394']","["" They're cute,\n but they'll eat you.\n""]"
951,"['01:49:44,300', '01:49:45,469']","["" We won't be able to save you.\n""]"
952,"['01:49:50,947', '01:49:52,315']",[' Going subatomic in five...\n']
953,"['01:49:54,922', '01:49:56,125']",[' three...\n']
954,"['01:49:57,694', '01:49:58,496']",[' one.\n']
955,"['01:50:09,985', '01:50:12,353']","[' <i>Mic check, one, two.\n One, two.</i>\n']"
956,"['01:50:14,895', '01:50:16,294']","[' Scott, we read you.\n']"
957,"['01:50:23,244', '01:50:24,646']",[' Okay.\n']
958,"['01:50:27,354', '01:50:28,519']",[' <i>Great.</i>\n']
959,"['01:50:30,260', '01:50:32,861']","[' <i>five, four, three...</i>\n']"
960,"['01:50:38,908', '01:50:41,045']","[' Ha, ha. Very funny.\n']"
961,"['01:50:42,550', '01:50:44,721']",[' You told me yourself\n not to screw around.\n']
962,"['01:50:48,296', '01:50:49,431']",[' <i>Hope?</i>\n']
963,"['01:50:52,069', '01:50:53,271']",[' <i>Guys.</i>\n']
964,"['01:50:56,679', '01:50:58,045']","["" <i>Okay, seriously,\n don't joke around.</i>\n""]"
965,"['01:50:59,582', '01:51:00,585']",[' <i>Guys!</i>\n']
