,time,content
0,"['00:00:20,015', '00:00:25,020']","[' Subtitles by <font color=""#ff0000"">explosiveskull</font>\n Resync by <font color=""#00ffff"">GoldenBeard</font>\n']"
1,"['00:00:27,536', '00:00:30,005']",[' <i>refugee vessel</i> Statesman.\n']
2,"['00:00:34,011', '00:00:36,409']","[' <i>I repeat,\n we are under assault.</i>\n']"
3,"['00:00:39,981', '00:00:43,283']",[' <i>Requesting aid\n from any vessel within range.</i>\n']
4,"['00:00:47,289', '00:00:49,856']",[' <i>Our crew is made up\n of Asgardian families.</i>\n']
5,"['00:00:51,593', '00:00:53,560']",[' <i>This is not a warcraft.</i>\n']
6,"['00:01:08,944', '00:01:11,947']",[' Hear me and rejoice.\n']
7,"['00:01:18,053', '00:01:20,789']",[' of being saved\n by the Great Titan.\n']
8,"['00:01:27,095', '00:01:28,295']",[' No.\n']
9,"['00:01:35,504', '00:01:39,338']",[' Universal scales\n tip toward balance\n']
10,"['00:01:42,644', '00:01:44,044']",[' Smile.\n']
11,"['00:01:47,515', '00:01:49,885']",[' you have become\n Children of Thanos.\n']
12,"['00:02:09,603', '00:02:12,573']","["" To feel so desperately\n that you're right...\n""]"
13,"['00:02:24,052', '00:02:25,753']","["" It's frightening.\n""]"
14,"['00:02:31,092', '00:02:33,394']","[' But I ask you, to what end?\n']"
15,"['00:02:38,432', '00:02:40,868']",[' destiny arrives all the same.\n']
16,"['00:02:44,572', '00:02:46,440']",[' Or should I say...\n']
17,"['00:02:54,648', '00:02:55,950']",[' You talk too much.\n']
18,"['00:02:59,053', '00:03:01,355']","["" Or your brother's head.\n""]"
19,"['00:03:09,597', '00:03:10,896']","[' Oh, I do.\n']"
20,"['00:03:29,617', '00:03:30,684']","[' All right, stop!\n']"
21,"['00:03:36,457', '00:03:38,092']",[' It was destroyed on Asgard.\n']
22,"['00:03:56,911', '00:03:58,944']","[' I assure you, brother...\n']"
23,"['00:04:02,883', '00:04:06,151']","[' Your optimism is misplaced,\n Asgardian.\n']"
24,"['00:04:10,257', '00:04:11,457']",[' And for another...\n']
25,"['00:04:26,273', '00:04:29,044']",[' Let him have his fun.\n']
26,"['00:05:24,764', '00:05:27,967']",[' let the dark magic flow\n through me one last...\n']
27,"['00:05:44,751', '00:05:46,152']",[' That was a mistake.\n']
28,"['00:06:02,902', '00:06:05,605']","["" You're going to die for that.\n""]"
29,"['00:06:16,816', '00:06:18,617']",[' My humble personage...\n']
30,"['00:06:25,624', '00:06:29,126']",[' No other being\n has ever had the might...\n']
31,"['00:06:31,164', '00:06:35,935']","[' to wield not one,\n but two Infinity Stones.\n']"
32,"['00:07:23,049', '00:07:25,851']",[' There are two more stones\n on Earth.\n']
33,"['00:07:31,056', '00:07:32,722']","[' Father,\n we will not fail you.\n']"
34,"['00:07:35,260', '00:07:39,430']","["" If you're going to Earth,\n you might want a guide.\n""]"
35,"['00:07:42,267', '00:07:44,767']",[' If you consider\n failure experience.\n']
36,"['00:07:48,740', '00:07:50,373']",[' Almighty Thanos...\n']
37,"['00:07:58,950', '00:08:00,118']",[' Odinson...\n']
38,"['00:08:06,491', '00:08:08,393']",[' god of mischief...\n']
39,"['00:08:12,230', '00:08:16,134']",[' my undying fidelity.\n']
40,"['00:08:32,018', '00:08:35,185']",[' You should choose your words\n more carefully.\n']
41,"['00:08:58,276', '00:08:59,944']",[' will never be...\n']
42,"['00:09:14,058', '00:09:15,059']",[' No!\n']
43,"['00:09:56,133', '00:09:58,269']",[' No. Loki.\n']
44,"['00:10:40,177', '00:10:43,345']",[' Attachment to the material is\n detachment from the spiritual.\n']
45,"['00:10:44,915', '00:10:46,948']","["" Maybe they'll make you\n a metaphysical ham on rye.\n""]"
46,"['00:10:48,952', '00:10:50,085']",[' Dollars?\n']
47,"['00:10:52,023', '00:10:53,488']","[' Uh, buck and a half.\n']"
48,"['00:10:55,359', '00:10:57,494']","["" I wouldn't say no\n to a tuna melt.\n""]"
49,"['00:11:12,476', '00:11:13,876']","["" He's coming.\n""]"
50,"['00:11:28,025', '00:11:29,391']","["" Slow down, slow down.\n I'll spell it out for you.\n""]"
51,"['00:11:30,561', '00:11:31,493']","["" - No, I'm not.\n - You lost me.\n""]"
52,"['00:11:32,929', '00:11:34,161']",[' and in the dream\n you gotta pee.\n']
53,"['00:11:35,299', '00:11:36,264']","[' And then you\'re like,\n ""Oh, my God.\n']"
54,"['00:11:37,668', '00:11:38,933']","[' - ""Oh, someone\'s watching.""\n - Right.\n']"
55,"['00:11:40,003', '00:11:41,135']",[' And then you wake up\n and in real life\n']
56,"['00:11:42,238', '00:11:43,305']",[' - Yes.\n - Yeah.\n']
57,"['00:11:44,541', '00:11:46,575']","["" Right, that's the point\n I'm trying to make.\n""]"
58,"['00:11:51,247', '00:11:52,714']",[' It was so real.\n']
59,"['00:11:54,250', '00:11:55,383']","[' Uh, what was his name?\n']"
60,"['00:11:57,721', '00:11:59,554']",[' - So you woke up...\n - Naturally.\n']
61,"['00:12:01,357', '00:12:02,524']",[' - Expecting.\n - Yeah.\n']
62,"['00:12:03,393', '00:12:05,226']",[' I had a dream about it.\n It was so real.\n']
63,"['00:12:07,230', '00:12:09,296']","["" you wouldn't have done that.\n""]"
64,"['00:12:11,334', '00:12:13,001']","["" It's just a housing unit\n for nanoparticles.\n""]"
65,"['00:12:14,404', '00:12:15,637']","["" No, this is detachable.\n It's not a...\n""]"
66,"['00:12:17,473', '00:12:18,607']","[' I know, I had the surgery.\n']"
67,"['00:12:20,010', '00:12:21,643']","["" and future usses\n and that's it.\n""]"
68,"['00:12:23,379', '00:12:25,314']","[' - Instead of, you know...\n - Shirts.\n']"
69,"['00:12:28,484', '00:12:31,686']",[' - God.\n - You finish all my sentences.\n']
70,"['00:12:34,090', '00:12:35,757']",[' Yeah.\n']
71,"['00:12:37,660', '00:12:39,160']","["" We're gonna have\n a nice dinner tonight.\n""]"
72,"['00:12:41,297', '00:12:43,697']",[' Right? And we should have\n no more surprises. Ever.\n']
73,"['00:12:45,067', '00:12:46,302']",[' - Yes.\n - I will.\n']
74,"['00:12:49,772', '00:12:50,971']",[' Tony Stark.\n']
75,"['00:12:56,245', '00:12:59,047']","[' Oh, uh, congratulations\n on the wedding, by the way.\n']"
76,"['00:13:01,018', '00:13:03,184']",[' We need your help.\n']
77,"['00:13:04,720', '00:13:06,520']",[' the fate of the universe\n is at stake.\n']
78,"['00:13:09,625', '00:13:11,026']","[' Hey, Tony.\n']"
79,"['00:13:12,161', '00:13:13,663']",[' - Pepper.\n - Hi.\n']
80,"['00:13:20,203', '00:13:22,403']","[' At the dawn\n of the universe,\n']"
81,"['00:13:24,674', '00:13:26,540']",[' Boom.\n']
82,"['00:13:30,146', '00:13:33,015']",[' hurtling across\n the virgin universe.\n']
83,"['00:13:35,551', '00:13:38,488']",[' each control an essential\n aspect of existence.\n']
84,"['00:13:41,691', '00:13:43,025']",[' Reality.\n']
85,"['00:13:46,829', '00:13:48,163']",[' Soul.\n']
86,"['00:13:52,335', '00:13:53,536']",[' And Time.\n']
87,"['00:14:04,480', '00:14:05,779']",[' Thanos.\n']
88,"['00:14:07,282', '00:14:09,315']",[' He invades planets.\n He takes what he wants.\n']
89,"['00:14:11,554', '00:14:13,821']",[' He sent Loki.\n']
90,"['00:14:17,425', '00:14:18,527']",[' This is it.\n']
91,"['00:14:20,630', '00:14:23,229']",[' No telling. He has\n the Power and Space Stones.\n']
92,"['00:14:24,165', '00:14:25,866']",[' the strongest creature\n in the whole universe.\n']
93,"['00:14:29,404', '00:14:30,537']",[' He could destroy life\n']
94,"['00:14:32,708', '00:14:34,708']","[' Did you seriously just say\n ""hitherto undreamt of""?\n']"
95,"['00:14:36,879', '00:14:38,513']",[' Is that what it is?\n']
96,"['00:14:45,387', '00:14:46,820']","["" If Thanos needs all six,\n why don't we just\n""]"
97,"['00:14:48,456', '00:14:49,689']",[' No can do.\n']
98,"['00:14:52,494', '00:14:53,760']",[' And I swore off dairy...\n']
99,"['00:14:56,398', '00:14:57,898']",[' - Stark Raving Hazelnuts.\n - Not bad.\n']
100,"['00:14:59,534', '00:15:01,301']",[' A Hunk of Hulk of\n Burning Fudge is our favorite.\n']
101,"['00:15:02,470', '00:15:03,570']","[' Point is, things change.\n']"
102,"['00:15:06,675', '00:15:08,841']",[' And this stone may be the best\n chance we have against Thanos.\n']
103,"['00:15:09,744', '00:15:11,878']",[' it may also be\n his best chance against us.\n']
104,"['00:15:13,515', '00:15:14,581']",[' What is your job exactly?\n']
105,"['00:15:17,385', '00:15:20,153']","[' Protecting your reality,\n douchebag.\n']"
106,"['00:15:22,691', '00:15:24,657']",[' The fact is\n we have this stone.\n']
107,"['00:15:26,394', '00:15:28,795']",[' Vision is out there somewhere\n with the Mind Stone...\n']
108,"['00:15:31,399', '00:15:32,799']","["" Yeah, that's the thing.\n""]"
109,"['00:15:33,802', '00:15:36,336']","[' Two weeks ago, Vision turned\n off his transponder.\n']"
110,"['00:15:37,505', '00:15:38,838']",[' - What?\n - Yeah.\n']
111,"['00:15:40,909', '00:15:43,443']","["" I didn't lose him. He's more\n than that. He's evolving.\n""]"
112,"['00:15:47,816', '00:15:49,549']",[' Shit.\n']
113,"['00:15:50,685', '00:15:51,820']","[' Oh, great.\n']"
114,"['00:15:54,254', '00:15:55,255']",[' But...\n']
115,"['00:16:00,528', '00:16:02,829']","["" It's not that easy.\n""]"
116,"['00:16:04,799', '00:16:05,865']",[' No.\n']
117,"['00:16:08,302', '00:16:09,370']",[' Broke up?\n']
118,"['00:16:13,340', '00:16:15,275']",[' Cap and I fell out hard.\n']
119,"['00:16:18,780', '00:16:21,382']","[' Tony, listen to me.\n']"
120,"['00:16:25,486', '00:16:26,518']",[' Thanos is coming.\n']
121,"['00:16:45,606', '00:16:46,607']",[' Flip phone.\n']
122,"['00:17:08,930', '00:17:10,264']","[' moving your hair, would ya?\n']"
123,"['00:17:45,966', '00:17:47,835']",[' You okay?\n']
124,"['00:17:50,070', '00:17:51,870']","[' - Wong! Look alive!\n - Go, go! We got it!\n']"
125,"['00:17:52,940', '00:17:54,573']","["" <i>Not sure.\n I'm working on it.</i>\n""]"
126,"['00:17:56,677', '00:17:57,976']","[' in your back pocket, Doc!\n']"
127,"['00:18:26,707', '00:18:29,074']","[' Ned, hey. I need you\n to cause a distraction.\n']"
128,"['00:18:30,811', '00:18:32,510']","["" We're all gonna die!\n""]"
129,"['00:18:33,814', '00:18:35,647']","["" - What's going on?\n - Oh, my God!\n""]"
130,"['00:18:45,358', '00:18:46,994']",[' You never seen\n a spaceship before?\n']
131,"['00:19:01,741', '00:19:02,874']",[' Notify first responders.\n']
132,"['00:19:32,505', '00:19:35,441']",[' Hear me and rejoice.\n']
133,"['00:19:38,178', '00:19:40,477']",[' at the hands\n of the Children of Thanos.\n']
134,"['00:19:43,050', '00:19:45,983']",[' that your meaningless lives\n are now contributing...\n']
135,"['00:19:48,921', '00:19:51,822']",[' You better pack it up\n and get outta here.\n']
136,"['00:19:53,893', '00:19:56,427']",[' Does this chattering animal\n speak for you?\n']
137,"['00:19:58,631', '00:20:00,967']","["" You're trespassing in\n this city and on this planet.\n""]"
138,"['00:20:03,669', '00:20:04,869']",[' He exhausts me.\n']
139,"['00:20:08,608', '00:20:09,976']","[' Banner, you want a piece?\n']"
140,"['00:20:12,545', '00:20:13,911']",[' But when do I ever get\n what I want?\n']
141,"['00:20:15,681', '00:20:16,981']",[' Okay. Push!\n']
142,"['00:20:18,684', '00:20:20,217']","["" It's gonna be good\n to have you, buddy.\n""]"
143,"['00:20:21,386', '00:20:24,221']",[' Let me just... I need to\n concentrate here for a second.\n']
144,"['00:20:25,725', '00:20:27,927']",[' God!\n']
145,"['00:20:31,764', '00:20:33,197']","["" I don't know. We've sorta\n been having a thing.\n""]"
146,"['00:20:34,567', '00:20:36,087']","["" That's the thing right there.\n Let's go.\n""]"
147,"['00:20:44,310', '00:20:46,576']","["" Tony, I'm sorry.\n Either I can't or he won't.\n""]"
148,"['00:20:47,545', '00:20:50,080']","[' Hey, stand down.\n Keep an eye on him. Thank you.\n']"
149,"['00:21:19,111', '00:21:20,576']","["" Where'd that come from?\n""]"
150,"['00:21:21,646', '00:21:23,046']",[' <i>You like it?\n A little something I...</i>\n']
151,"['00:21:28,820', '00:21:30,021']","["" won't be joining us...\n""]"
152,"['00:21:41,033', '00:21:42,532']",[' It stays with me.\n']
153,"['00:21:53,144', '00:21:54,644']","[' Tony, you okay?\n']"
154,"['00:21:56,681', '00:21:57,914']",[' <i>Really good.\n Do you plan on helping out?</i>\n']
155,"['00:22:01,052', '00:22:02,120']",[' <i>Hammer.</i>\n']
156,"['00:22:12,964', '00:22:15,198']",[' Come out! Come out! Come out!\n']
157,"['00:22:21,272', '00:22:23,108']","[' What do you mean, ""no""?\n']"
158,"['00:22:30,749', '00:22:33,585']","["" - <i>Kid, where'd you come from?</i>\n - A field trip to MoMA.\n""]"
159,"['00:22:37,922', '00:22:38,988']","["" Uh, he's from space.\n""]"
160,"['00:23:07,886', '00:23:09,819']",[' Your powers are quaint.\n']
161,"['00:23:14,392', '00:23:16,359']","["" It's a simple spell\n but quite unbreakable.\n""]"
162,"['00:23:31,376', '00:23:36,778']","["" You'll find removing a\n dead man's spell troublesome.\n""]"
163,"['00:23:48,725', '00:23:49,726']",[' No!\n']
164,"['00:23:55,400', '00:23:57,035']",[' On it!\n']
165,"['00:24:10,080', '00:24:11,081']",[' Gotcha!\n']
166,"['00:24:21,225', '00:24:24,092']","["" Uh, Mr. Stark,\n I'm being beamed up.\n""]"
167,"['00:24:41,078', '00:24:42,379']",[' Oh!\n']
168,"['00:24:45,282', '00:24:47,084']","["" <i>Wong, you're invited\n to my wedding.</i>\n""]"
169,"['00:25:04,768', '00:25:06,168']",[' Unlock 17:A.\n']
170,"['00:25:20,951', '00:25:23,318']",[' But you said\n save the wizard!\n']
171,"['00:25:25,422', '00:25:27,291']","["" We're too high up.\n You're running out of air.\n""]"
172,"['00:25:47,810', '00:25:49,944']","[' Mr. Stark, it smells\n like a new car in here!\n']"
173,"['00:25:50,947', '00:25:52,468']","[' <i>- Friday, send him home.\n - Yep.</i>\n']"
174,"['00:26:03,260', '00:26:05,393']","[' <i>Boss, incoming call\n from Miss Potts.</i>\n']"
175,"['00:26:06,430', '00:26:07,495']","["" <i>Are you all right?\n What's going on?</i>\n""]"
176,"['00:26:08,565', '00:26:10,398']",[' <i>we might have to push\n our 8:30 res.</i>\n']
177,"['00:26:11,535', '00:26:13,200']","["" <i>Just 'cause\n I'll probably</i>\n""]"
178,"['00:26:15,805', '00:26:17,071']","["" <i>Tell me\n you're not on that ship.</i>\n""]"
179,"['00:26:18,342', '00:26:19,541']","["" <i>God, no, please tell me\n you're not on the ship.</i>\n""]"
180,"['00:26:21,345', '00:26:22,377']","["" I'm sorry,\n I don't know what to say.\n""]"
181,"['00:26:24,080', '00:26:26,247']",[' - Pep.\n - <i>Come back here right now.</i>\n']
182,"['00:26:27,283', '00:26:30,050']","["" <i>Boss,\n we're losing her.</i>\n""]"
183,"['00:26:40,564', '00:26:41,964']","[' Oh, my God!\n']"
184,"['00:27:02,585', '00:27:04,318']",[' Where you going?\n']
185,"['00:27:05,955', '00:27:07,890']",[' The Sanctum remains unguarded.\n']
186,"['00:27:10,593', '00:27:12,328']","["" I'm gonna make a call.\n""]"
187,"['00:28:06,382', '00:28:08,015']",[' Why are we doing this again?\n']
188,"['00:28:09,585', '00:28:10,917']",[' Someone could be dying.\n']
189,"['00:28:13,121', '00:28:15,088']","["" 'Cause we're nice.\n""]"
190,"['00:28:16,157', '00:28:18,025']",[' will give us a little\n cheddar cheese for our effort.\n']
191,"['00:28:20,429', '00:28:22,329']","["" I mean,\n if he doesn't pony up...\n""]"
192,"['00:28:23,499', '00:28:25,299']",[' - Exactly!\n - Bingo!\n']
193,"['00:28:29,538', '00:28:31,438']",[' We are arriving.\n']
194,"['00:28:32,508', '00:28:33,940']","["" don't forget\n this might be dangerous...\n""]"
195,"['00:28:41,383', '00:28:43,082']","[' Groot, put that\n thing away, now.\n']"
196,"['00:28:44,152', '00:28:45,385']",[' Groot.\n']
197,"['00:28:46,555', '00:28:47,654']",[' - Whoa!\n - Language!\n']
198,"['00:28:49,257', '00:28:51,124']","[' You got some\n acorns on you, kid.\n']"
199,"['00:28:52,628', '00:28:54,595']","["" you're a total d-hole.\n""]"
200,"['00:29:04,740', '00:29:06,374']",[' What happened?\n']
201,"['00:29:17,352', '00:29:19,154']","["" Looks like\n we're not getting paid.\n""]"
202,"['00:29:23,458', '00:29:24,692']",[' Get it off.\n']
203,"['00:29:34,369', '00:29:36,335']",[' He is not a dude.\n']
204,"['00:29:38,239', '00:29:41,574']",[' This... This is a man.\n']
205,"['00:29:44,512', '00:29:45,578']","["" I'm muscular.\n""]"
206,"['00:29:46,648', '00:29:48,214']","["" You're one sandwich\n away from fat.\n""]"
207,"['00:29:49,217', '00:29:50,750']","["" It's true, Quill.\n You have put on weight.\n""]"
208,"['00:29:54,189', '00:29:56,057']","["" Gamora, do you think I'm...\n""]"
209,"['00:30:02,096', '00:30:05,698']",[' He feels\n tremendous loss and guilt.\n']
210,"['00:30:08,570', '00:30:09,535']",[' Wow.\n']
211,"['00:30:11,739', '00:30:14,640']","["" I'm gonna get a Bowflex.\n I'm gonna commit.\n""]"
212,"['00:30:15,710', '00:30:17,343']","["" You know you can't\n eat dumbbells, right?\n""]"
213,"['00:30:18,580', '00:30:20,646']",[' are made\n of Cotati metal fibers.\n']
214,"['00:30:24,252', '00:30:25,253']",[' Wake him up.\n']
215,"['00:30:46,808', '00:30:49,209']",[' Who the hell are you guys?\n']
216,"['00:30:55,683', '00:30:57,517']",[' To bring balance\n to the universe\n']
217,"['00:31:00,588', '00:31:02,822']","[' He used to kill people\n planet by planet,\n']"
218,"['00:31:04,558', '00:31:06,191']",[' Including my own.\n']
219,"['00:31:07,795', '00:31:11,162']",[' he can do it with the snap\n of his fingers like this.\n']
220,"['00:31:13,768', '00:31:17,604']",[' Gamora\n is the daughter of Thanos.\n']
221,"['00:31:24,177', '00:31:25,477']","[' Oh, boy.\n']"
222,"['00:31:27,347', '00:31:29,283']",[' And she hates him\n as much as you do.\n']
223,"['00:31:34,621', '00:31:36,154']","[' Before my father died,\n']"
224,"['00:31:37,892', '00:31:40,425']",[' that he imprisoned in Hel.\n']
225,"['00:31:43,530', '00:31:44,897']",[' So I had to kill her.\n']
226,"['00:31:47,200', '00:31:48,402']",[' Goes round and round and...\n']
227,"['00:31:50,404', '00:31:52,771']","[' I feel your pain as well,\n because...\n']"
228,"['00:31:54,174', '00:31:55,407']","["" but I've been through a lot.\n""]"
229,"['00:31:57,277', '00:31:58,443']",[' And then I had to kill\n my father.\n']
230,"['00:32:00,180', '00:32:03,515']",[' Probably even harder\n than having to kill a sister.\n']
231,"['00:32:06,553', '00:32:08,322']","[' I need a hammer, not a spoon.\n']"
232,"['00:32:13,694', '00:32:16,394']","[' A four-digit code, maybe?\n Maybe a birthdate.\n']"
233,"['00:32:21,268', '00:32:22,469']","["" No, you're not.\n""]"
234,"['00:32:28,709', '00:32:32,211']","[' Uh... Quill, are you making\n your voice deeper?\n']"
235,"['00:32:35,782', '00:32:38,683']","["" You're imitating the god-man.\n It's weird.\n""]"
236,"['00:32:40,186', '00:32:42,188']",[' - He just did it again!\n - This is my voice.\n']
237,"['00:32:49,696', '00:32:53,230']",[' - Are you mocking me?\n - Stop it. You did it again.\n']
238,"['00:32:54,300', '00:32:55,432']",[' I need you to stop doing that.\n']
239,"['00:32:57,269', '00:32:58,703']",[' We need to stop Thanos.\n']
240,"['00:33:00,406', '00:33:01,539']","["" where he's going next.\n""]"
241,"['00:33:02,876', '00:33:04,743']",[' He must be going somewhere.\n']
242,"['00:33:06,880', '00:33:09,748']","["" It's a place.\n We've been there. It sucks.\n""]"
243,"['00:33:12,619', '00:33:15,887']","[' Thor, why would he\n go to Knowhere?\n']"
244,"['00:33:17,356', '00:33:19,556']","["" the Reality Stone's been\n safely stored there\n""]"
245,"['00:33:21,227', '00:33:22,827']","["" If it's with the\n Collector, then it's not safe.\n""]"
246,"['00:33:24,731', '00:33:26,363']",[' - Or a genius.\n - How do you know...\n']
247,"['00:33:28,935', '00:33:31,568']",[' There are six stones\n out there.\n']
248,"['00:33:33,874', '00:33:37,675']",[' because he stole it last week\n when he decimated Xandar.\n']
249,"['00:33:39,846', '00:33:42,713']",[' when he destroyed my ship and\n slaughtered half my people.\n']
250,"['00:33:44,483', '00:33:45,749']","["" They're with the Avengers.\n""]"
251,"['00:33:48,287', '00:33:49,520']",[' Like Kevin Bacon?\n']
252,"['00:33:50,823', '00:33:51,889']","["" I haven't been there\n in a while.\n""]"
253,"['00:33:54,460', '00:33:56,293']",[' No one even knows where it is.\n']
254,"['00:33:57,964', '00:33:59,663']","["" Therefore he's going\n to Knowhere.\n""]"
255,"['00:34:02,334', '00:34:03,500']","["" You're welcome.\n""]"
256,"['00:34:04,804', '00:34:08,906']",[' Wrong. Where we have to go\n is Nidavellir.\n']
257,"['00:34:10,910', '00:34:14,311']",[' Nidavellir is real? Seriously?\n']
258,"['00:34:15,948', '00:34:17,548']","[' They make the most powerful,\n horrific weapons\n']"
259,"['00:34:19,719', '00:34:21,885']","[' I would very much like\n to go there, please.\n']"
260,"['00:34:22,955', '00:34:24,054']",[' and clearly the smartest\n among you.\n']
261,"['00:34:25,091', '00:34:27,758']",[' Only Eitri the Dwarf can\n make me the weapon I need.\n']
262,"['00:34:29,061', '00:34:30,394']","["" You're very perceptive.\n""]"
263,"['00:34:31,630', '00:34:33,430']",[' Will you join me\n on my quest to Nidavellir?\n']
264,"['00:34:36,402', '00:34:38,335']","["" - Yeah. I'll go.\n - Wonderful!\n""]"
265,"['00:34:39,505', '00:34:40,704']",[' Quiet.\n']
266,"['00:34:42,374', '00:34:44,008']","[' Look, this is my ship.\n']"
267,"['00:34:46,812', '00:34:49,013']","["" Wait, what kinda weapon\n are we talkin' about here?\n""]"
268,"['00:34:51,083', '00:34:52,816']","["" Don't you think that we should\n all have a weapon like that?\n""]"
269,"['00:34:54,987', '00:34:56,319']",[' Your bodies would crumble\n']
270,"['00:34:57,590', '00:34:59,656']",[' Is it weird that I wanna do it\n even more now?\n']
271,"['00:35:00,926', '00:35:02,391']","["" If we don't go to Knowhere\n""]"
272,"['00:35:03,996', '00:35:05,763']","["" he'll be too powerful to stop.\n""]"
273,"['00:35:08,034', '00:35:09,867']",[' We got two ships\n']
274,"['00:35:11,503', '00:35:14,838']",[' So me and Groot will go\n with the pirate angel here.\n']
275,"['00:35:16,042', '00:35:17,841']",[' to try to stop Thanos.\n']
276,"['00:35:19,912', '00:35:21,945']",[' For the record...\n']
277,"['00:35:23,481', '00:35:24,681']","["" because it's where\n Thanos isn't.\n""]"
278,"['00:35:26,351', '00:35:28,453']","[' talk that way\n to your captain, Quill.\n']"
279,"['00:35:31,123', '00:35:33,957']","["" Put that game down.\n You'll rot your brain.\n""]"
280,"['00:35:40,665', '00:35:41,766']",[' Bye.\n']
281,"['00:35:58,051', '00:36:00,117']",[' Is it the stone again?\n']
282,"['00:36:02,520', '00:36:05,023']",[' What does it say?\n']
283,"['00:36:08,960', '00:36:10,862']",[' Hey.\n']
284,"['00:36:30,148', '00:36:32,917']",[' I just feel you.\n']
285,"['00:36:43,127', '00:36:45,461']",[' which would give us more time\n together before you went back.\n']
286,"['00:36:46,965', '00:36:48,097']","["" There's an 11:00.\n""]"
287,"['00:36:51,936', '00:36:53,836']","["" What if this time\n I didn't go back?\n""]"
288,"['00:36:55,440', '00:36:56,606']","["" I'd rather give it to you.\n""]"
289,"['00:36:58,810', '00:37:00,209']",[' We both made promises.\n']
290,"['00:37:02,513', '00:37:04,480']",[' Wanda.\n']
291,"['00:37:06,885', '00:37:09,051']",[' trying to see\n if this could work and...\n']
292,"['00:37:10,855', '00:37:12,889']","["" You know what, I'm just\n gonna speak for myself.\n""]"
293,"['00:37:14,859', '00:37:16,058']",[' - It works.\n - It works.\n']
294,"['00:37:19,864', '00:37:21,065']",[' Stay.\n']
295,"['00:37:28,538', '00:37:31,743']","["" Or not. If I'm overstepping...\n""]"
296,"['00:37:40,852', '00:37:43,187']",[' What the stone\n was warning me about.\n']
297,"['00:37:54,698', '00:37:56,198']","[' No, Vision.\n']"
298,"['00:37:57,668', '00:38:00,504']","["" then maybe\n going isn't the best idea.\n""]"
299,"['00:38:02,739', '00:38:04,775']",[' Vision!\n']
300,"['00:38:36,573', '00:38:38,574']","["" - Is that even possible?\n - It isn't supposed to be.\n""]"
301,"['00:38:42,112', '00:38:44,848']","["" I'm beginning to think\n we should have stayed in bed.\n""]"
302,"['00:38:57,561', '00:39:00,929']","[' Give up the stone,\n and she lives.\n']"
303,"['00:39:55,986', '00:39:57,318']",[' Come on. Come on.\n']
304,"['00:39:59,289', '00:40:01,657']",[' You gotta get up.\n Come on. Hey.\n']
305,"['00:40:05,996', '00:40:08,762']",[' Please. Please leave.\n']
306,"['00:40:11,801', '00:40:12,935']","["" - I'm staying.\n - Please.\n""]"
307,"['00:41:26,009', '00:41:28,909']","["" We don't wanna kill you,\n but we will.\n""]"
308,"['00:41:47,030', '00:41:48,929']",[' Can you stand?\n']
309,"['00:41:57,373', '00:41:59,074']","["" Let's get you on the jet.\n""]"
310,"['00:42:06,515', '00:42:10,417']","["" Stay close, check in,\n don't take any chances.\n""]"
311,"['00:42:12,022', '00:42:13,855']",[' We just wanted time.\n']
312,"['00:42:20,496', '00:42:22,097']",[' Home.\n']
313,"['00:42:52,261', '00:42:53,427']",[' <i>Zehobereians.</i>\n']
314,"['00:42:55,364', '00:42:56,963']",[' <i>Choose a side or die.</i>\n']
315,"['00:42:58,467', '00:43:00,933']",[' <i>One side\n is a revelation...</i>\n']
316,"['00:43:04,906', '00:43:06,973']","["" What's wrong, little one?\n""]"
317,"['00:43:15,149', '00:43:16,317']","["" What's your name?\n""]"
318,"['00:43:19,921', '00:43:22,024']","["" You're quite the fighter,\n Gamora.\n""]"
319,"['00:43:24,959', '00:43:25,960']",[' Let me help you.\n']
320,"['00:43:44,212', '00:43:46,545']","["" Pretty, isn't it?\n""]"
321,"['00:43:50,251', '00:43:54,055']",[' Too much to one side\n or the other...\n']
322,"['00:44:04,532', '00:44:07,801']","[' <i>Now, go in peace\n to meet your maker.</i>\n']"
323,"['00:44:13,008', '00:44:14,507']",[' Concentrate.\n']
324,"['00:44:29,657', '00:44:30,924']",[' Gamora.\n']
325,"['00:44:33,061', '00:44:35,394']",[' are the blow-off-your-junk\n kind or the gas kind?\n']
326,"['00:44:36,531', '00:44:38,264']",[' hanging a couple\n on my belt right here.\n']
327,"['00:44:39,400', '00:44:40,601']",[' I need to ask a favor.\n']
328,"['00:44:44,439', '00:44:45,571']","[' One way or another,\n']"
329,"['00:44:49,577', '00:44:52,110']",[' Which is what\n the grenades are for.\n']
330,"['00:44:56,651', '00:44:57,851']",[' If things go wrong...\n']
331,"['00:45:06,093', '00:45:08,061']",[' I want you to promise me...\n']
332,"['00:45:10,997', '00:45:11,998']",[' What?\n']
333,"['00:45:20,073', '00:45:22,307']","[' And if he finds it out,\n']"
334,"['00:45:24,344', '00:45:25,544']",[' What do you know?\n']
335,"['00:45:30,618', '00:45:32,551']","["" If it's so important...\n""]"
336,"['00:45:33,721', '00:45:34,886']",[' Only if you wanna die.\n']
337,"['00:45:38,225', '00:45:39,226']",[' Just...\n']
338,"['00:45:44,699', '00:45:47,298']","["" I mean, I'd like to.\n""]"
339,"['00:45:49,302', '00:45:50,470']",[' Swear to me.\n']
340,"['00:46:03,316', '00:46:04,317']",[' Okay.\n']
341,"['00:46:27,674', '00:46:28,773']",[' - Oh.\n - Dude.\n']
342,"['00:46:30,477', '00:46:31,478']",[' An hour.\n']
343,"['00:46:33,747', '00:46:35,313']",[' Are you serious?\n']
344,"['00:46:37,517', '00:46:40,253']",[' of standing\n so incredibly still...\n']
345,"['00:46:44,591', '00:46:45,592']",[' Watch.\n']
346,"['00:46:51,565', '00:46:53,098']",[' But my movement...\n']
347,"['00:46:56,336', '00:46:58,336']","["" that it's imperceptible.\n""]"
348,"['00:46:59,206', '00:47:01,806']","["" I'm sure I'm invisible.\n""]"
349,"['00:47:05,712', '00:47:06,713']",[' Damn it.\n']
350,"['00:47:28,568', '00:47:31,503']","["" I'm reading movement\n in the third quadrant.\n""]"
351,"['00:47:34,774', '00:47:36,342']","["" Let's put down right here.\n""]"
352,"['00:47:51,691', '00:47:53,524']",[' Everyone\n in the galaxy knows\n']
353,"['00:47:55,194', '00:47:56,828']",[' if you thought it would add\n even the slightest trinket...\n']
354,"['00:48:06,605', '00:48:10,107']","[' I know you have\n the Reality Stone, Tivan.\n']"
355,"['00:48:16,682', '00:48:18,350']",[' I told you.\n']
356,"['00:48:22,889', '00:48:25,222']",[' Why would I lie?\n']
357,"['00:48:28,260', '00:48:30,160']",[' Like suicide.\n']
358,"['00:48:32,531', '00:48:35,666']",[' Not even you would surrender\n something so precious.\n']
359,"['00:48:37,469', '00:48:40,437']","["" Then you're more of a fool\n than I took you for.\n""]"
360,"['00:48:41,574', '00:48:43,206']","[' Last chance,\n charlatan.\n']"
361,"['00:48:46,679', '00:48:48,211']",[' Today...\n']
362,"['00:48:49,315', '00:48:51,381']",[' ...he pays for the deaths\n of my wife and daughter.\n']
363,"['00:48:53,819', '00:48:55,452']","[' Not yet, not yet, not yet.\n']"
364,"['00:49:00,559', '00:49:02,893']","[' Drax, Drax, Drax.\n Listen to me.\n']"
365,"['00:49:05,431', '00:49:07,798']","[' If we get it,\n then we can stop him.\n']"
366,"['00:49:11,270', '00:49:12,469']",[' No.\n']
367,"['00:49:15,874', '00:49:17,309']",[' Sleep.\n']
368,"['00:49:30,388', '00:49:34,460']","[' Gamora, Mantis, you go right.\n']"
369,"['00:50:01,419', '00:50:03,187']",[' Why?\n']
370,"['00:50:35,753', '00:50:36,754']",[' That was quick.\n']
371,"['00:50:49,767', '00:50:52,537']","[' <i>Is that sadness\n I sense in you, daughter?</i>\n']"
372,"['00:51:05,550', '00:51:08,753']",[' <i>But one never knows for sure.</i>\n']
373,"['00:51:23,935', '00:51:26,337']","[' That is, it was.\n']"
374,"['00:51:31,676', '00:51:34,512']",[' reality can be\n whatever I want.\n']
375,"['00:51:37,648', '00:51:39,982']",[' I counted on it.\n']
376,"['00:51:47,625', '00:51:49,392']",[' Thanos!\n']
377,"['00:52:02,405', '00:52:04,439']","[' Let her go, Grimace.\n']"
378,"['00:52:06,811', '00:52:08,013']",[' I told you to go right.\n']
379,"['00:52:10,114', '00:52:11,981']",[' You let her go!\n']
380,"['00:52:13,885', '00:52:15,018']",[' No.\n']
381,"['00:52:16,419', '00:52:18,921']","[' more as a Titan-killing,\n long-term booty call.\n']"
382,"['00:52:21,092', '00:52:25,863']","["" I'm gonna blow that nutsack\n of a chin right off your face.\n""]"
383,"['00:52:38,508', '00:52:42,079']",[' You promised. You promised.\n']
384,"['00:52:47,951', '00:52:50,554']",[' You expect too much from him.\n']
385,"['00:52:59,663', '00:53:00,664']",[' Do it.\n']
386,"['00:53:06,970', '00:53:08,471']",[' Do it!\n']
387,"['00:53:18,582', '00:53:21,551']",[' I love you more than anything.\n']
388,"['00:53:40,503', '00:53:41,538']",[' I like him.\n']
389,"['00:54:14,170', '00:54:17,571']",[' Satellites lost him\n somewhere over Edinburgh.\n']
390,"['00:54:18,808', '00:54:20,875']","["" <i>with four of the world's\n most wanted criminals.</i>\n""]"
391,"['00:54:22,611', '00:54:24,145']","["" you've chosen to\n call them that, right, sir?\n""]"
392,"['00:54:25,282', '00:54:28,883']",[' <i>Your talent for horseshit\n rivals my own.</i>\n']
393,"['00:54:30,053', '00:54:32,153']","["" Vision would've been\n right here.\n""]"
394,"['00:54:35,926', '00:54:36,926']","["" That's right.\n""]"
395,"['00:54:40,931', '00:54:42,230']",[' <i>You have second thoughts?</i>\n']
396,"['00:54:49,872', '00:54:51,540']",[' Mr. Secretary.\n']
397,"['00:54:58,248', '00:55:00,081']","["" <i>I'll give you that.</i>\n""]"
398,"['00:55:02,751', '00:55:05,786']","["" <i>The world's on fire.</i>\n""]"
399,"['00:55:09,525', '00:55:11,292']","["" I'm not looking\n for forgiveness.\n""]"
400,"['00:55:15,564', '00:55:17,998']",[' Earth just lost\n her best defender.\n']
401,"['00:55:20,836', '00:55:22,771']",[' And if you wanna\n stand in our way...\n']
402,"['00:55:28,911', '00:55:29,912']",[' <i>Arrest them.</i>\n']
403,"['00:55:37,753', '00:55:39,054']","["" That's a court-martial.\n""]"
404,"['00:55:43,726', '00:55:45,592']","[' You too, Rhodey.\n']"
405,"['00:55:47,863', '00:55:50,099']",[' Wow. You guys...\n']
406,"['00:55:53,102', '00:55:54,901']","["" Must've been\n a rough couple years.\n""]"
407,"['00:55:58,008', '00:56:00,142']","[' Uh, I think\n you look great.\n']"
408,"['00:56:07,216', '00:56:09,251']","["" Yeah, I'm back.\n""]"
409,"['00:56:17,625', '00:56:18,626']",[' Nat.\n']
410,"['00:56:26,002', '00:56:27,768']","["" So we gotta assume\n they're coming back, right?\n""]"
411,"['00:56:29,039', '00:56:31,637']","["" We need all hands on deck.\n Where's Clint?\n""]"
412,"['00:56:33,108', '00:56:34,841']",[' he and Scott took a deal.\n It was too tough\n']
413,"['00:56:36,378', '00:56:37,944']","["" - Who's Scott?\n - Ant-Man.\n""]"
414,"['00:56:40,249', '00:56:41,281']","[' Okay, look.\n']"
415,"['00:56:44,353', '00:56:47,890']",[' and he is not gonna stop\n until he gets...\n']
416,"['00:56:50,926', '00:56:52,259']",[' Then we have to protect it.\n']
417,"['00:56:56,098', '00:56:57,397']","["" I've been giving\n a good deal of thought\n""]"
418,"['00:56:58,733', '00:57:00,766']",[' About its nature.\n']
419,"['00:57:03,039', '00:57:05,105']",[' I think if it were exposed\n']
420,"['00:57:07,109', '00:57:10,978']","[' something very similar to\n its own signature, perhaps...\n']"
421,"['00:57:15,217', '00:57:17,983']","[' Yeah, and you with it.\n']"
422,"['00:57:19,687', '00:57:21,754']",[' Eliminating the stone\n is the only way\n']
423,"['00:57:24,193', '00:57:26,361']","["" That's too high a price.\n""]"
424,"['00:57:37,672', '00:57:39,839']",[' Thanos threatens\n half the universe.\n']
425,"['00:57:42,411', '00:57:43,945']",[' But it should.\n']
426,"['00:57:47,982', '00:57:50,082']","[' Captain, 70 years ago,\n you laid down your life...\n']"
427,"['00:57:52,053', '00:57:54,220']","[' Tell me,\n why is this any different?\n']"
428,"['00:57:57,892', '00:57:59,225']",[' Your mind is made up\n']
429,"['00:58:01,863', '00:58:05,464']","[' Jarvis, Ultron,\n Tony, me, the stone.\n']"
430,"['00:58:07,335', '00:58:09,235']",[' all of them\n learning from one another.\n']
431,"['00:58:11,172', '00:58:14,373']","["" I'm saying that\n if we take out the stone...\n""]"
432,"['00:58:15,977', '00:58:17,810']",[' Perhaps the best parts.\n']
433,"['00:58:19,847', '00:58:21,881']","[' Not me, not here.\n']"
434,"['00:58:23,384', '00:58:24,850']",[' and somewhere fast.\n']
435,"['00:58:26,220', '00:58:27,388']",[' have your old rooms back.\n']
436,"['00:58:46,806', '00:58:48,073']",[' The Kingsguard\n']
437,"['00:58:49,443', '00:58:51,443']",[' And the Border Tribe?\n']
438,"['00:58:53,347', '00:58:55,780']",[' Send word\n to the Jabari as well.\n']
439,"['00:59:00,087', '00:59:02,354']",[' And what of this one?\n']
440,"['00:59:04,925', '00:59:07,961']",[' But the White Wolf\n has rested long enough.\n']
441,"['00:59:33,086', '00:59:34,422']",[' On its way.\n']
442,"['00:59:57,310', '00:59:59,312']",[' I have never failed him.\n']
443,"['01:00:07,588', '01:00:09,320']",[' with the Time Stone\n still attached\n']
444,"['01:00:11,592', '01:00:14,261']",[' there would be judgment.\n']
445,"['01:00:28,241', '01:00:29,242']",[' the stone.\n']
446,"['01:00:43,189', '01:00:44,389']","["" loyal piece of outerwear,\n aren't you?\n""]"
447,"['01:00:47,060', '01:00:48,426']",[' What the...\n']
448,"['01:00:50,130', '01:00:51,162']","["" - I was gonna go home.\n - I don't wanna hear it.\n""]"
449,"['01:00:52,599', '01:00:53,498']",[' - about you on the way...\n - And now I gotta hear it.\n']
450,"['01:00:54,567', '01:00:57,135']","[' And this suit is ridiculously\n intuitive, by the way.\n']"
451,"['01:00:58,271', '01:01:01,239']","["" So, if anything, it's kinda\n your fault that I'm here.\n""]"
452,"['01:01:02,642', '01:01:04,208']","["" And now, I'm here in space.\n""]"
453,"['01:01:06,879', '01:01:09,080']","["" This isn't Coney Island.\n This isn't a field trip.\n""]"
454,"['01:01:10,216', '01:01:12,050']","["" You hear me? Don't pretend\n you thought this through.\n""]"
455,"['01:01:13,153', '01:01:14,951']",[' You could not have possibly\n thought this through.\n']
456,"['01:01:16,489', '01:01:18,158']","["" if there's no neighborhood.\n""]"
457,"['01:01:21,461', '01:01:22,928']","["" but you know\n what I'm trying to say.\n""]"
458,"['01:01:28,934', '01:01:30,001']","["" See him down there?\n He's in trouble.\n""]"
459,"['01:01:31,070', '01:01:32,205']",[' - Go.\n - Um...\n']
460,"['01:01:34,507', '01:01:37,941']","[' Okay. Did you ever see\n this really old movie, <i>Aliens?</i>\n']"
461,"['01:01:44,351', '01:01:48,051']",[' They were originally designed\n for microsurgery.\n']
462,"['01:01:55,194', '01:01:58,029']","["" could end your friend's life\n in an instant.\n""]"
463,"['01:01:59,666', '01:02:02,402']",[' <i>Saving his life is more\n of a professional courtesy.</i>\n']
464,"['01:02:06,939', '01:02:09,006']",[' Your powers\n are inconsequential\n']
465,"['01:02:10,510', '01:02:12,211']","["" Yeah, but the kid's\n seen more movies.\n""]"
466,"['01:02:44,209', '01:02:45,978']","["" Hey,\n we haven't officially met.\n""]"
467,"['01:02:50,282', '01:02:51,748']",[' We gotta turn\n this ship around.\n']
468,"['01:02:54,119', '01:02:55,552']","[' No, I want to protect\n the stone.\n']"
469,"['01:02:56,989', '01:02:58,522']","["" Now, go ahead. I'm listening.\n""]"
470,"['01:03:01,427', '01:03:03,760']",[' Who just saved\n your magical ass? Me.\n']
471,"['01:03:04,630', '01:03:05,796']",[' how you fit your head\n into that helmet.\n']
472,"['01:03:08,634', '01:03:10,367']",[' I tried to bench you.\n You refused.\n']
473,"['01:03:12,438', '01:03:14,171']","[' And due to that fact,\n']"
474,"['01:03:15,574', '01:03:17,441']",[' billions of miles from Earth\n with no backup.\n']
475,"['01:03:19,511', '01:03:20,577']",[' The adults are talking.\n']
476,"['01:03:23,449', '01:03:25,282']","[' What is he, your ward?\n']"
477,"['01:03:26,685', '01:03:28,718']","["" - I'm Peter, by the way.\n - Doctor Strange.\n""]"
478,"['01:03:31,457', '01:03:33,590']","["" I'm Spider-Man, then.\n""]"
479,"['01:03:35,260', '01:03:36,393']","["" Thing's on autopilot.\n""]"
480,"['01:03:38,297', '01:03:40,232']",[' Fly us home?\n']
481,"['01:03:44,369', '01:03:45,702']",[' Can you get us home?\n']
482,"['01:03:48,340', '01:03:50,709']","["" I'm thinking I'm not\n so sure we should.\n""]"
483,"['01:03:53,110', '01:03:55,679']",[' can we bring\n the Time Stone to Thanos.\n']
484,"['01:03:57,081', '01:03:58,014']","["" what's at stake here.\n""]"
485,"['01:04:00,619', '01:04:03,553']",[' that Thanos has been\n inside my head for six years.\n']
486,"['01:04:05,289', '01:04:07,056']","["" and now he's back.\n""]"
487,"['01:04:09,126', '01:04:10,259']","["" So I'm not so sure\n""]"
488,"['01:04:12,296', '01:04:16,131']","[' but you saw what they did,\n what they can do.\n']"
489,"['01:04:18,436', '01:04:21,370']",[' So I say we take\n the fight to him.\n']
490,"['01:04:24,141', '01:04:25,677']",[' Do you concur?\n']
491,"['01:04:31,783', '01:04:34,149']",[' But you have to understand...\n']
492,"['01:04:35,754', '01:04:38,454']",[' or the kid\n or the Time Stone...\n']
493,"['01:04:42,193', '01:04:46,395']","["" I can't, because the universe\n depends on it.\n""]"
494,"['01:04:50,535', '01:04:52,136']","["" We're straight.\n""]"
495,"['01:04:55,874', '01:04:57,108']","["" You're an Avenger now.\n""]"
496,"['01:05:47,925', '01:05:49,725']",[' I always hated that chair.\n']
497,"['01:05:52,496', '01:05:56,434']","["" Even so, I'd hoped you'd\n sit in it one day.\n""]"
498,"['01:05:59,570', '01:06:00,936']",[' This ship.\n']
499,"['01:06:07,310', '01:06:09,513']",[' You told me that too.\n']
500,"['01:06:16,787', '01:06:18,756']",[' For almost 20 years.\n']
501,"['01:06:24,629', '01:06:25,896']",[' I saved you.\n']
502,"['01:06:31,902', '01:06:35,671']",[' No. We were happy\n on my home planet.\n']
503,"['01:06:37,407', '01:06:39,307']",[' scrounging for scraps.\n']
504,"['01:06:42,278', '01:06:44,713']","["" I'm the one who stopped that.\n""]"
505,"['01:06:46,717', '01:06:48,917']",[' The children born...\n']
506,"['01:06:52,555', '01:06:53,758']","["" It's a paradise.\n""]"
507,"['01:06:58,528', '01:07:01,562']",[' A small price to pay\n for salvation.\n']
508,"['01:07:02,699', '01:07:04,799']","["" Little one,\n it's a simple calculus.\n""]"
509,"['01:07:08,271', '01:07:12,607']","[' If life is left unchecked,\n life will cease to exist.\n']"
510,"['01:07:13,810', '01:07:15,311']","["" You don't know that!\n""]"
511,"['01:07:19,616', '01:07:23,787']","["" At least, I'm the only one\n with the will to act on it.\n""]"
512,"['01:07:28,925', '01:07:33,329']",[' you had that same will...\n']
513,"['01:07:38,035', '01:07:39,269']",[' Daughter.\n']
514,"['01:07:44,274', '01:07:46,876']",[' Everything I hate about myself\n you taught me.\n']
515,"['01:07:49,312', '01:07:51,514']",[' made you the fiercest woman\n in the galaxy.\n']
516,"['01:08:00,623', '01:08:03,491']","["" I'm sorry I disappointed you.\n""]"
517,"['01:08:07,296', '01:08:09,666']","["" But not because\n you didn't find it.\n""]"
518,"['01:08:16,506', '01:08:18,307']",[' And you lied.\n']
519,"['01:08:43,700', '01:08:45,099']","["" Don't do this.\n""]"
520,"['01:08:46,535', '01:08:49,436']",[' your sister snuck aboard\n this ship to kill me.\n']
521,"['01:08:50,506', '01:08:52,742']",[' And very nearly succeeded.\n']
522,"['01:08:56,478', '01:08:57,679']",[' To talk.\n']
523,"['01:09:13,629', '01:09:16,496']",[' I swear to you on my life.\n']
524,"['01:09:22,838', '01:09:24,638']",[' <i>Accessing memory files.</i>\n']
525,"['01:09:26,043', '01:09:28,842']","["" <i>He's finally ready,\n and he's going for the stones.</i>\n""]"
526,"['01:09:30,047', '01:09:31,112']",[' <i>He will!</i>\n']
527,"['01:09:33,415', '01:09:35,816']",[' <i>Because I found the map\n to the Soul Stone...</i>\n']
528,"['01:09:43,692', '01:09:45,527']","["" You're strong.\n""]"
529,"['01:09:51,034', '01:09:52,701']","["" You're generous.\n""]"
530,"['01:09:56,972', '01:09:59,639']",[' But I never taught you to lie.\n']
531,"['01:10:04,513', '01:10:08,951']",[' Where is the Soul Stone?\n']
532,"['01:10:45,587', '01:10:47,055']",[' The stone is on Vormir.\n']
533,"['01:10:54,730', '01:10:56,129']",[' I am Groot.\n']
534,"['01:10:57,498', '01:10:58,899']","["" We're not looking.\n What's there to see?\n""]"
535,"['01:11:01,169', '01:11:02,568']",[' I am Groot.\n']
536,"['01:11:03,671', '01:11:05,504']",[' out into space\n and go in the cup again.\n']
537,"['01:11:06,607', '01:11:08,775']","[' Yes, they taught it on Asgard.\n It was an elective.\n']"
538,"['01:11:09,945', '01:11:12,078']","["" You'll know when we're close.\n""]"
539,"['01:11:13,815', '01:11:15,984']",[' the blazing power\n of a neutron star.\n']
540,"['01:11:21,622', '01:11:23,424']","["" It's truly awesome.\n""]"
541,"['01:11:37,571', '01:11:39,738']","[' So, dead brother, huh?\n']"
542,"['01:11:42,010', '01:11:43,911']","["" Well, he's been dead before.\n""]"
543,"['01:11:48,283', '01:11:50,883']",[' And you said\n your sister and your dad?\n']
544,"['01:11:52,820', '01:11:54,954']","[' But still got a mom, though?\n']"
545,"['01:11:56,291', '01:11:57,589']",[' A best friend?\n']
546,"['01:12:02,163', '01:12:05,499']","["" You sure you're up to this\n particular murder mission?\n""]"
547,"['01:12:09,203', '01:12:12,938']","[' Rage and vengeance,\n anger, loss, regret...\n']"
548,"['01:12:14,675', '01:12:15,808']",[' They really clear the mind.\n']
549,"['01:12:18,046', '01:12:20,746']","["" Yeah, but this Thanos\n we're talkin' about...\n""]"
550,"['01:12:23,117', '01:12:25,284']","["" - Well, he's never fought me.\n - Yeah, he has.\n""]"
551,"['01:12:27,621', '01:12:29,555']","["" And I'm getting a new hammer,\n don't forget.\n""]"
552,"['01:12:35,863', '01:12:38,897']","["" You know, I'm 1,500 years old.\n""]"
553,"['01:12:41,068', '01:12:43,102']","["" And every one of them\n would've rather killed me,\n""]"
554,"['01:12:44,839', '01:12:47,906']","["" I'm only alive\n because fate wants me alive.\n""]"
555,"['01:12:50,878', '01:12:52,911']","["" and he'll be the latest\n to feel my vengeance.\n""]"
556,"['01:12:54,815', '01:12:56,148']",[' Mmm-hmm.\n']
557,"['01:13:01,255', '01:13:03,090']","["" If I'm wrong, then...\n""]"
558,"['01:13:19,807', '01:13:21,173']",[' I could lose a lot.\n']
559,"['01:13:27,114', '01:13:28,115']",[' Okay.\n']
560,"['01:13:33,387', '01:13:35,287']","["" you're gonna need more\n than one stupid eyeball.\n""]"
561,"['01:13:37,757', '01:13:40,359']",[' Some jerk lost a bet with me\n on Contraxia.\n']
562,"['01:13:41,761', '01:13:42,995']","[' No, he gave me 100 credits.\n']"
563,"['01:13:47,901', '01:13:49,168']","[' Thank you, sweet rabbit.\n']"
564,"['01:13:52,806', '01:13:54,208']",[' Huh?\n']
565,"['01:13:57,344', '01:14:00,145']","["" I would've washed that.\n""]"
566,"['01:14:04,018', '01:14:05,085']","["" Hey, we're here!\n""]"
567,"['01:14:10,324', '01:14:11,658']",[' Everything seems dark.\n']
568,"['01:14:29,075', '01:14:30,377']","["" Something's wrong.\n""]"
569,"['01:14:33,947', '01:14:35,181']",[' And the rings are frozen.\n']
570,"['01:14:57,937', '01:14:59,804']",[' at forging\n than they are cleaning.\n']
571,"['01:15:06,479', '01:15:08,146']",[' in a junk pile\n in the middle of space.\n']
572,"['01:15:13,353', '01:15:16,187']","[' You said Thanos\n had a gauntlet, right?\n']"
573,"['01:15:17,457', '01:15:19,691']",[' It look\n anything like that?\n']
574,"['01:15:24,964', '01:15:26,366']",[' Go back to the pod.\n']
575,"['01:15:32,405', '01:15:33,406']",[' Stop!\n']
576,"['01:15:36,109', '01:15:37,110']",[' Thor?\n']
577,"['01:15:42,215', '01:15:45,383']",[' You were supposed\n to protect us.\n']
578,"['01:15:48,221', '01:15:50,390']",[' Asgard is destroyed.\n']
579,"['01:16:09,275', '01:16:12,278']",[' 300 dwarves\n lived on this ring.\n']
580,"['01:16:19,117', '01:16:20,486']",[' I made what he wanted.\n']
581,"['01:16:31,163', '01:16:33,832']",[' Then he killed\n everyone anyway.\n']
582,"['01:16:38,804', '01:16:40,506']","[' ""Your life is yours,"" he said.\n']"
583,"['01:16:46,878', '01:16:48,880']","["" Eitri, this isn't about\n your hands.\n""]"
584,"['01:16:51,517', '01:16:53,183']","[' every axe, hammer, sword...\n']"
585,"['01:16:56,255', '01:16:58,321']","[' Now, I know it feels\n like all hope is lost.\n']"
586,"['01:17:00,325', '01:17:05,097']","[' But together, you and I,\n we can kill Thanos.\n']"
587,"['01:17:48,073', '01:17:50,242']",[' I need you\n to meet me on Titan.\n']
588,"['01:17:58,116', '01:17:59,416']","["" I think we're here.\n""]"
589,"['01:18:03,588', '01:18:05,288']",[' Get your hand\n inside the steering gimbal.\n']
590,"['01:18:08,059', '01:18:09,225']","[' - You understand?\n - Yep, got it.\n']"
591,"['01:18:10,529', '01:18:12,290']","[' - move at the same time.\n - Okay, okay. Ready.\n']"
592,"['01:18:18,102', '01:18:19,304']",[' Turn! Turn! Turn!\n']
593,"['01:18:51,703', '01:18:53,472']",[' That was close.\n']
594,"['01:18:56,575', '01:18:58,708']","[' Let me just say, if aliens\n']"
595,"['01:19:00,645', '01:19:01,678']","["" and I eat one of you,\n I'm sorry.\n""]"
596,"['01:19:04,415', '01:19:06,148']",[' out of you for the rest\n of the trip. You understand?\n']
597,"['01:19:15,059', '01:19:16,127']",[' Thanos!\n']
598,"['01:19:40,384', '01:19:42,953']","[' Stay down, clown.\n']"
599,"['01:19:56,133', '01:19:59,069']",[' Everybody stay where\n you are. Chill the eff out.\n']
600,"['01:20:03,041', '01:20:04,373']",[' Where is Gamora?\n']
601,"['01:20:07,211', '01:20:10,179']","["" I'll do you one better.\n Why is Gamora?\n""]"
602,"['01:20:12,183', '01:20:13,449']","["" I'm gonna French fry\n this little freak.\n""]"
603,"['01:20:17,053', '01:20:19,655']","[' Do it, Quill! I can take it.\n']"
604,"['01:20:21,792', '01:20:24,158']","["" Oh, yeah? You don't wanna tell\n me where she is? That's fine.\n""]"
605,"['01:20:25,262', '01:20:27,262']","["" and I'll beat it\n out of Thanos myself.\n""]"
606,"['01:20:28,332', '01:20:29,264']","[' Wait, what, Thanos?\n']"
607,"['01:20:32,135', '01:20:33,802']",[' What master do you serve?\n']
608,"['01:20:35,271', '01:20:36,640']","[' What am I supposed to say,\n ""Jesus""?\n']"
609,"['01:20:38,509', '01:20:39,408']","["" I'm not from Earth,\n I'm from Missouri.\n""]"
610,"['01:20:41,378', '01:20:42,544']",[' What are you hassling us for?\n']
611,"['01:20:44,748', '01:20:47,248']",[' With Thanos?\n']
612,"['01:20:50,053', '01:20:52,588']","[' He took my girl.\n Wait, who are you?\n']"
613,"['01:20:54,424', '01:20:56,792']","["" You're the ones\n Thor told us about.\n""]"
614,"['01:20:58,261', '01:20:59,227']",[' Yeah.\n']
615,"['01:21:02,098', '01:21:03,634']",[' Where is he now?\n']
616,"['01:21:20,718', '01:21:22,085']","["" It's a mold.\n""]"
617,"['01:21:24,654', '01:21:27,622']",[' Meant to be\n the greatest in Asgard.\n']
618,"['01:21:30,660', '01:21:32,228']",[' Did it have a name?\n']
619,"['01:21:35,131', '01:21:36,232']","["" That's a bit much.\n""]"
620,"['01:21:41,204', '01:21:43,373']","["" You'll have to restart\n the forge.\n""]"
621,"['01:21:49,212', '01:21:51,714']","[' Rabbit, fire up the pod.\n']"
622,"['01:21:57,554', '01:21:59,453']","["" It's eight degrees\n off its axis.\n""]"
623,"['01:22:02,892', '01:22:06,694']","["" Yeah, we got one advantage.\n He's coming to us.\n""]"
624,"['01:22:09,532', '01:22:10,865']",[' Or at least\n the beginnings of one.\n']
625,"['01:22:12,402', '01:22:13,701']","[' pin him down,\n get what we need.\n']"
626,"['01:22:15,505', '01:22:17,204']",[' We just want the gauntlet.\n']
627,"['01:22:19,576', '01:22:21,842']","["" In the middle of this, while\n I'm breaking it down? Huh?\n""]"
628,"['01:22:23,680', '01:22:26,213']","[' I stopped listening after\n you said, ""We need a plan.""\n']"
629,"['01:22:27,283', '01:22:30,418']","[' See, ""not winging it""\n isn\'t really what they do.\n']"
630,"['01:22:32,154', '01:22:33,754']","[' Kick names, take ass.\n']"
631,"['01:22:41,731', '01:22:43,531']","[' All right, just get over here,\n please.\n']"
632,"['01:22:45,602', '01:22:47,737']","[' ""Mr. Lord."" Star-Lord is fine.\n']"
633,"['01:22:51,874', '01:22:53,708']","["" 'Cause if all we come at him\n with is a plucky attitude...\n""]"
634,"['01:22:56,278', '01:22:57,745']","["" We don't know what it means.\n""]"
635,"['01:23:00,550', '01:23:03,249']","[' Except it sucks,\n so let me do the plan...\n']"
636,"['01:23:05,320', '01:23:07,420']",[' Tell him about the dance-off\n to save the universe.\n']
637,"['01:23:09,659', '01:23:10,825']","[' Like in <i>Footloose,</i> the movie?\n']"
638,"['01:23:12,762', '01:23:14,494']",[' Is it still the greatest movie\n in history?\n']
639,"['01:23:15,732', '01:23:16,831']","["" Don't encourage this,\n all right?\n""]"
640,"['01:23:18,333', '01:23:19,867']",[' - from Flash Gordon here.\n - Flash Gordon?\n']
641,"['01:23:21,638', '01:23:23,370']","["" Don't forget, I'm half human.\n""]"
642,"['01:23:25,975', '01:23:27,307']","["" that's 100% you.\n""]"
643,"['01:23:28,577', '01:23:29,812']",[' Excuse me.\n']
644,"['01:23:35,684', '01:23:37,920']","[' Strange, we all right?\n']"
645,"['01:23:49,464', '01:23:51,698']","[' - Hi.\n - Hey, what was that?\n']"
646,"['01:23:56,338', '01:23:57,837']",[' To see all\n the possible outcomes\n']
647,"['01:24:00,509', '01:24:01,908']",[' How many did you see?\n']
648,"['01:24:05,847', '01:24:07,382']",[' How many did we win?\n']
649,"['01:24:35,044', '01:24:38,246']",[' The stone\n had better be up there.\n']
650,"['01:25:02,904', '01:25:07,709']","[' Welcome, Thanos, son of Alars.\n']"
651,"['01:25:13,314', '01:25:14,581']",[' You know us?\n']
652,"['01:25:19,621', '01:25:21,355']",[' Where is the Soul Stone?\n']
653,"['01:25:24,391', '01:25:27,495']",[' it extracts a terrible price.\n']
654,"['01:25:32,801', '01:25:35,336']",[' We all think that at first.\n']
655,"['01:25:53,687', '01:25:56,089']",[' How is it you know\n this place so well?\n']
656,"['01:26:00,929', '01:26:03,829']",[' I even held one in my hand.\n']
657,"['01:26:08,004', '01:26:12,041']",[' Guiding others to a treasure\n I cannot possess.\n']
658,"['01:26:24,718', '01:26:26,821']",[' As does what you fear.\n']
659,"['01:26:29,590', '01:26:31,157']",[' The price.\n']
660,"['01:26:36,864', '01:26:40,935']",[' You might say it has\n a certain wisdom.\n']
661,"['01:26:44,438', '01:26:48,007']",[' To ensure that\n whoever possesses it...\n']
662,"['01:26:51,612', '01:26:55,547']",[' the stone demands a sacrifice.\n']
663,"['01:26:57,518', '01:26:59,551']","[' In order to take the stone,\n']"
664,"['01:27:04,825', '01:27:06,060']",[' A soul...\n']
665,"['01:27:23,777', '01:27:26,047']","[' All my life,\n I dreamed of a day...\n']"
666,"['01:27:29,783', '01:27:31,852']",[' when you got\n what you deserved.\n']
667,"['01:27:39,927', '01:27:41,494']",[' But now...\n']
668,"['01:27:50,503', '01:27:52,505']",[' and you call it mercy.\n']
669,"['01:28:00,114', '01:28:04,684']","[' You asked it for a prize,\n and it told you no.\n']"
670,"['01:28:09,024', '01:28:10,925']",[' And do you wanna know why?\n']
671,"['01:28:14,527', '01:28:16,031']",[' No one.\n']
672,"['01:28:27,573', '01:28:28,574']",[' Really?\n']
673,"['01:28:31,511', '01:28:33,479']","["" They're not for him.\n""]"
674,"['01:28:50,264', '01:28:51,798']","["" This isn't love.\n""]"
675,"['01:28:57,804', '01:28:59,939']",[' I cannot do that again.\n']
676,"['01:29:28,002', '01:29:30,303']","["" I'm sorry, little one.\n""]"
677,"['01:31:13,071', '01:31:16,072']","[' Drop to 2600, heading 0-3-0.\n']"
678,"['01:31:17,409', '01:31:20,312']","["" Or we're gonna land\n a lot faster than you want to.\n""]"
679,"['01:31:37,462', '01:31:38,862']",[' to the rest of the world...\n']
680,"['01:31:41,166', '01:31:43,266']",[' And what did you imagine?\n']
681,"['01:31:44,703', '01:31:46,304']",[' Maybe even a Starbucks.\n']
682,"['01:32:02,120', '01:32:03,786']","["" Yeah, he's a king.\n""]"
683,"['01:32:06,925', '01:32:09,092']",[' What are you doing?\n']
684,"['01:32:11,229', '01:32:13,762']",[' So how big of an assault\n should we expect?\n']
685,"['01:32:16,902', '01:32:17,967']",[' How we looking?\n']
686,"['01:32:20,006', '01:32:23,939']","[' the Border Tribe,\n the Dora Milaje, and...\n']"
687,"['01:32:29,780', '01:32:31,048']","[' How you been, Buck?\n']"
688,"['01:32:46,198', '01:32:47,297']",[' Whoa.\n']
689,"['01:32:49,934', '01:32:53,168']","[' Right, we had to attach\n each neuron non-sequentially.\n']"
690,"['01:32:55,105', '01:32:57,209']",[' the synapses\n to work collectively?\n']
691,"['01:33:02,013', '01:33:03,379']","["" I'm sure you did your best.\n""]"
692,"['01:33:05,483', '01:33:09,051']","[' Yes, but there are more than\n two trillion neurons here.\n']"
693,"['01:33:12,490', '01:33:13,757']","[' It will take time, brother.\n']"
694,"['01:33:16,428', '01:33:17,859']",[' As long as you can give me.\n']
695,"['01:33:41,385', '01:33:43,821']","[' Hey, Cap, we got\n a situation here.\n']"
696,"['01:33:54,832', '01:33:56,999']","["" <i>Yeah, don't\n start celebrating yet, guys.</i>\n""]"
697,"['01:34:18,122', '01:34:19,189']","["" It's too late.\n""]"
698,"['01:34:22,092', '01:34:23,925']","[' Vision, get your ass\n back on the table.\n']"
699,"['01:34:25,329', '01:34:28,997']","["" Wanda, as soon as that stone's\n out of his head...\n""]"
700,"['01:34:30,334', '01:34:31,533']",[' I will.\n']
701,"['01:34:35,172', '01:34:36,540']",[' And get this man a shield.\n']
702,"['01:34:48,218', '01:34:49,584']",[' <i>you get the scientifics here.</i>\n']
703,"['01:34:52,156', '01:34:53,522']","["" <i>you're gonna need something\n a lot bigger</i>\n""]"
704,"['01:34:54,891', '01:34:57,058']",[' - Leave that to me.\n - <i>Leave it to you?</i>\n']
705,"['01:35:08,505', '01:35:09,571']",[' <i>Fire the engines!</i>\n']
706,"['01:36:01,257', '01:36:03,092']","[' Well done, boy.\n']"
707,"['01:36:26,716', '01:36:28,249']",[' Damn it.\n']
708,"['01:36:30,020', '01:36:31,419']",[' <i>The mechanism\n is crippled.</i>\n']
709,"['01:36:33,023', '01:36:34,188']","["" I can't heat the metal.\n""]"
710,"['01:36:35,992', '01:36:38,294']","[' A few minutes,\n maybe more. Why?\n']"
711,"['01:36:41,464', '01:36:42,696']","["" That's suicide.\n""]"
712,"['01:36:55,076', '01:36:56,043']","[' How we looking, Bruce?\n']"
713,"['01:37:01,217', '01:37:03,350']","[' Wow! This is amazing, man.\n']"
714,"['01:37:09,157', '01:37:11,327']","["" <i>I'm okay. I'm okay.</i>\n""]"
715,"['01:37:13,796', '01:37:14,996']",[' breaking through\n the tree line.\n']
716,"['01:38:07,516', '01:38:09,817']","["" Where's your other friend?\n""]"
717,"['01:38:13,321', '01:38:16,289']",[' Thanos will have that stone.\n']
718,"['01:38:17,793', '01:38:20,360']",[' You are in Wakanda now.\n']
719,"['01:38:27,135', '01:38:29,102']",[' We have blood to spare.\n']
720,"['01:38:42,651', '01:38:43,716']",[' Not exactly.\n']
721,"['01:39:15,182', '01:39:16,749']",[' Looks like we pissed her off.\n']
722,"['01:40:05,332', '01:40:06,866']",[' You see the teeth\n on those things?\n']
723,"['01:40:07,936', '01:40:09,297']","["" You're gonna get\n your wings singed.\n""]"
724,"['01:40:22,951', '01:40:24,083']",[' <i>and get in behind us...</i>\n']
725,"['01:40:26,453', '01:40:28,420']","["" Then we better keep 'em\n in front of us.\n""]"
726,"['01:40:31,993', '01:40:33,694']",[' We open the barrier.\n']
727,"['01:40:40,467', '01:40:42,434']","[' <i>Requesting\n confirmation, My King.</i>\n']"
728,"['01:40:44,304', '01:40:45,671']",[' On my signal.\n']
729,"['01:40:48,842', '01:40:52,379']",[' Then it will be\n the noblest ending in history.\n']
730,"['01:41:19,273', '01:41:20,274']",[' Now!\n']
731,"['01:41:52,006', '01:41:53,772']","["" I've barely begun, brother.\n""]"
732,"['01:42:02,683', '01:42:04,716']","[' Allfathers, give me strength.\n']"
733,"['01:42:06,687', '01:42:09,690']","["" You're about to take\n the full force of a star.\n""]"
734,"['01:42:12,726', '01:42:14,895']",[' Only if I die.\n']
735,"['01:42:16,730', '01:42:19,532']","["" That's what killing you means.\n""]"
736,"['01:43:39,846', '01:43:41,814']",[' Thor! Say something. Come on.\n']
737,"['01:43:49,488', '01:43:50,855']","["" I think he's dying.\n""]"
738,"['01:43:54,193', '01:43:55,661']","["" Where's the handle?\n""]"
739,"['01:45:09,868', '01:45:12,038']","["" There's too many of 'em!\n""]"
740,"['01:45:45,203', '01:45:47,270']",[' Bring me Thanos!\n']
741,"['01:46:24,709', '01:46:26,711']","["" You're much more of a Thanos.\n""]"
742,"['01:46:33,351', '01:46:35,920']",[' This day\n extracts a heavy toll.\n']
743,"['01:46:40,191', '01:46:41,793']",[' You may regret that.\n']
744,"['01:46:44,030', '01:46:45,562']",[' with the Master\n of the Mystic Arts.\n']
745,"['01:46:52,137', '01:46:54,906']",[' Let me guess. Your home?\n']
746,"['01:47:03,248', '01:47:04,782']",[' And it was beautiful.\n']
747,"['01:47:09,987', '01:47:13,022']","[' Too many mouths,\n not enough to go around.\n']"
748,"['01:47:17,228', '01:47:19,162']",[' Genocide.\n']
749,"['01:47:24,701', '01:47:27,403']",[' They called me a madman.\n']
750,"['01:47:32,377', '01:47:34,578']","["" Congratulations,\n you're a prophet.\n""]"
751,"['01:47:36,347', '01:47:38,847']",[' Who wants to murder trillions.\n']
752,"['01:47:43,053', '01:47:47,825']",[' They would all cease to exist.\n I call that mercy.\n']
753,"['01:47:52,763', '01:47:54,996']","["" I'd finally rest...\n""]"
754,"['01:47:59,236', '01:48:03,738']",[' The hardest choices require\n the strongest wills.\n']
755,"['01:48:09,847', '01:48:10,848']",[' Our?\n']
756,"['01:48:18,388', '01:48:20,791']","[' Yeah, if your goal\n was to piss him off.\n']"
757,"['01:49:00,297', '01:49:03,066']","["" Don't let him close his fist.\n""]"
758,"['01:49:08,938', '01:49:09,939']",[' More magic.\n']
759,"['01:49:12,309', '01:49:13,310']",[' Magic with a...\n']
760,"['01:49:53,350', '01:49:54,782']","[' Well, well.\n']"
761,"['01:49:55,952', '01:49:57,785']","["" It would've been\n a waste of parts!\n""]"
762,"['01:50:45,601', '01:50:46,967']","["" <i>Is he under?\n Don't let up.</i>\n""]"
763,"['01:50:49,605', '01:50:51,972']","[' Parker, help! Get over here.\n']"
764,"['01:50:59,615', '01:51:00,948']",[' We gotta open\n his fingers to get it off.\n']
765,"['01:51:02,118', '01:51:03,398']","[' For the record,\n this was my plan.\n']"
766,"['01:51:06,922', '01:51:08,589']",[' Where is Gamora?\n']
767,"['01:51:10,892', '01:51:13,160']","[' No, bullshit!\n']"
768,"['01:51:15,464', '01:51:16,898']",[' He is in anguish.\n']
769,"['01:51:19,535', '01:51:22,436']",[' He... He mourns.\n']
770,"['01:51:26,908', '01:51:27,976']",[' Gamora.\n']
771,"['01:51:33,215', '01:51:35,316']",[' He took her to Vormir.\n']
772,"['01:51:38,119', '01:51:39,522']","["" But she didn't.\n""]"
773,"['01:51:45,494', '01:51:49,064']","["" Don't, don't. Don't engage.\n We almost got this off!\n""]"
774,"['01:51:53,636', '01:51:56,472']","["" Asshole,\n tell me you didn't do it!\n""]"
775,"['01:52:02,177', '01:52:03,577']","["" No, you didn't.\n""]"
776,"['01:52:09,284', '01:52:10,684']","["" - No, you didn't!\n - Quill!\n""]"
777,"['01:52:13,288', '01:52:14,521']","[' <i>Hey, stop! Stop!</i>\n']"
778,"['01:52:19,961', '01:52:20,962']","[' Oh, God.\n']"
779,"['01:53:25,693', '01:53:28,494']",[' Come on! Get some! Get some!\n']
780,"['01:53:30,632', '01:53:33,366']",[' - How much for the gun?\n - Not for sale.\n']
781,"['01:53:37,172', '01:53:39,238']","["" Oh, I'll get that arm.\n""]"
782,"['01:53:49,384', '01:53:50,618']","["" Noticed you've copied\n my beard.\n""]"
783,"['01:53:56,056', '01:53:57,991']",[' I am Groot.\n']
784,"['01:54:20,414', '01:54:22,550']","[' Fall back! Fall back, now!\n']"
785,"['01:54:34,328', '01:54:35,429']","["" I'm doing it.\n""]"
786,"['01:55:01,823', '01:55:04,725']","["" She's on the field. Take it.\n""]"
787,"['01:55:41,328', '01:55:43,428']",[' Somebody get to Vision!\n']
788,"['01:55:50,571', '01:55:53,572']","["" He'll die alone. As will you.\n""]"
789,"['01:56:21,200', '01:56:22,901']","["" <i>Oh, no, you don't.</i>\n""]"
790,"['01:56:24,605', '01:56:27,171']","["" This suit's already kicked\n the crap outta the Hulk.\n""]"
791,"['01:56:31,778', '01:56:34,548']","[' <i>Guys!\n Vision needs backup, now!</i>\n']"
792,"['01:56:38,284', '01:56:40,351']",[' I know you like making your\n entrance at the last second.\n']
793,"['01:56:47,426', '01:56:48,862']",[' Hulk! Hulk!\n']
794,"['01:56:51,898', '01:56:54,365']",[' No!\n']
795,"['01:56:57,303', '01:56:58,471']","["" I'll do it myself!\n""]"
796,"['01:57:13,552', '01:57:15,285']",[' <i>See ya!</i>\n']
797,"['01:57:40,312', '01:57:42,214']","[' I thought you were formidable,\n machine.\n']"
798,"['01:57:54,293', '01:57:55,494']",[' Get outta here!\n']
799,"['01:58:18,651', '01:58:20,386']",[' That was really gross.\n']
800,"['01:58:50,050', '01:58:52,018']","["" We don't trade lives, Captain.\n""]"
801,"['01:59:05,663', '01:59:07,665']","["" I'm sorry I can't remember\n anybody's names.\n""]"
802,"['01:59:56,548', '01:59:59,484']",[' Yet you never once used\n your greatest weapon.\n']
803,"['02:00:11,796', '02:00:15,498']","["" You throw another moon at me,\n and I'm gonna lose it.\n""]"
804,"['02:00:16,768', '02:00:17,836']",[' You know me?\n']
805,"['02:00:20,071', '02:00:23,374']","["" You're not the only one\n cursed with knowledge.\n""]"
806,"['02:00:28,047', '02:00:29,048']",[' Come on!\n']
807,"['02:01:43,022', '02:01:44,855']","[' You have my respect, Stark.\n']"
808,"['02:01:55,166', '02:01:57,434']",[' I hope they remember you.\n']
809,"['02:02:14,618', '02:02:15,619']",[' Spare his life...\n']
810,"['02:02:22,693', '02:02:23,927']",[' No tricks.\n']
811,"['02:03:21,118', '02:03:22,886']",[' One to go.\n']
812,"['02:03:43,106', '02:03:44,607']",[' Did we just lose?\n']
813,"['02:03:53,749', '02:03:55,951']","["" We're in the endgame now.\n""]"
814,"['02:04:25,247', '02:04:27,081']",[' What? What is it?\n']
815,"['02:04:41,263', '02:04:44,300']","[' Everyone, on my position.\n We have incoming.\n']"
816,"['02:05:14,697', '02:05:15,698']",[' Cap.\n']
817,"['02:05:19,902', '02:05:22,371']",[' Eyes up. Stay sharp.\n']
818,"['02:05:49,064', '02:05:50,430']","["" It's time.\n""]"
819,"['02:05:51,766', '02:05:54,067']","["" They can't stop him, Wanda,\n but we can.\n""]"
820,"['02:05:55,737', '02:05:56,936']",[' You have the power\n to destroy the stone.\n']
821,"['02:05:58,007', '02:05:59,207']","[' You must do it. Wanda, please.\n']"
822,"['02:06:04,413', '02:06:05,845']","["" I can't.\n""]"
823,"['02:06:07,916', '02:06:09,118']",[' You can.\n']
824,"['02:06:15,257', '02:06:16,858']","["" It's not fair.\n""]"
825,"['02:06:21,463', '02:06:23,032']","["" It's all right.\n""]"
826,"['02:06:35,176', '02:06:37,012']",[' I just feel you.\n']
827,"['02:08:11,172', '02:08:12,440']","["" It's all right.\n""]"
828,"['02:08:47,240', '02:08:49,343']","[' I understand, my child.\n']"
829,"['02:08:54,214', '02:08:56,149']",[' You could never.\n']
830,"['02:09:05,660', '02:09:08,362']",[' But now is no time to mourn.\n']
831,"['02:09:38,025', '02:09:39,026']",[' No!\n']
832,"['02:10:39,719', '02:10:41,555']","["" you'd die for that.\n""]"
833,"['02:11:00,339', '02:11:01,708']",[' You should...\n']
834,"['02:11:09,448', '02:11:10,449']",[' No!\n']
835,"['02:11:52,658', '02:11:54,159']",[' Did you do it?\n']
836,"['02:12:05,437', '02:12:07,106']",[' What did it cost?\n']
837,"['02:12:22,488', '02:12:24,123']",[' What did you do?\n']
838,"['02:12:40,439', '02:12:41,740']","["" Where'd he go?\n""]"
839,"['02:12:49,180', '02:12:50,814']","["" Where'd he go?\n""]"
840,"['02:13:26,885', '02:13:29,786']","[' Up, General. Up!\n']"
841,"['02:13:46,371', '02:13:47,904']",[' I am Groot.\n']
842,"['02:13:50,441', '02:13:52,510']","[' No, no, no!\n']"
843,"['02:14:09,594', '02:14:10,728']",[' Sam!\n']
844,"['02:14:25,743', '02:14:27,912']","["" Something's happening.\n""]"
845,"['02:14:48,666', '02:14:49,932']","[' Steady, Quill.\n']"
846,"['02:14:55,373', '02:14:56,374']",[' Tony.\n']
847,"['02:15:07,919', '02:15:08,920']",[' Mr. Stark?\n']
848,"['02:15:16,828', '02:15:17,727']","["" You're all right.\n""]"
849,"['02:15:19,031', '02:15:20,665']","["" I don't know...\n""]"
850,"['02:15:23,601', '02:15:25,500']","["" I don't want to go, sir.\n Please.\n""]"
851,"['02:15:32,710', '02:15:34,311']","["" I'm sorry.\n""]"
852,"['02:16:15,385', '02:16:18,555']",[' What is this?\n What the hell is happening?\n']
853,"['02:27:33,425', '02:27:35,025']",[' <i>Still no word\n from Stark?</i>\n']
854,"['02:27:36,360', '02:27:37,461']","["" <i>We're watching every satellite</i>\n""]"
855,"['02:27:39,631', '02:27:41,731']",[' What is it?\n']
856,"['02:27:44,335', '02:27:46,402']",[' Same energy signature\n as New York?\n']
857,"['02:27:49,273', '02:27:50,439']","["" Tell Klein\n we'll meet him at...\n""]"
858,"['02:28:05,189', '02:28:06,424']",[' They okay?\n']
859,"['02:28:18,669', '02:28:20,271']",[' Call Control.\n']
860,"['02:28:22,841', '02:28:24,042']",[' Nick.\n']
861,"['02:28:41,526', '02:28:42,660']","[' Oh, no.\n']"
862,[],[]
