,time,content
0,"['00:00:27,300', '00:00:31,095']",[' <i>The Tesseract has awakened.</i>\n']
1,"['00:00:37,341', '00:00:40,538']","[' They would wield its power,\n']"
2,"['00:00:47,821', '00:00:50,779']",[' <i>He is ready to lead</i>\n']
3,"['00:00:57,742', '00:01:00,017']",[' <i>A world will be his.</i>\n']
4,"['00:01:03,422', '00:01:09,054']","[' <i>And the humans,\n what can they do but burn?</i>\n']"
5,"['00:01:23,903', '00:01:26,098']",[' <i>the evacuation order\n has been confirmed.</i>\n']
6,"['00:01:58,305', '00:02:01,456']","["" That's the problem, sir. We don't know.\n""]"
7,"['00:02:07,825', '00:02:09,622']","["" NASA didn't authorise Selvig\n to go to test phase.\n""]"
8,"['00:02:12,105', '00:02:13,060']",[' Spontaneous event.\n']
9,"['00:02:14,506', '00:02:15,495']",[' Where are the energy levels now?\n']
10,"['00:02:17,986', '00:02:19,135']",[' How long to get everyone out?\n']
11,"['00:02:20,826', '00:02:22,020']",[' Do better.\n']
12,"['00:02:25,026', '00:02:26,345']",[' We should tell them\n to go back to sleep?\n']
13,"['00:02:28,866', '00:02:31,096']",[' there may not be\n a minimum safe distance.\n']
14,"['00:02:32,346', '00:02:33,939']",[' the Phase 2 prototypes\n are shipped out.\n']
15,"['00:02:36,267', '00:02:37,905']","[' Until such time as the world ends,\n']"
16,"['00:02:40,907', '00:02:42,226']",[' Clear out the tech below.\n']
17,"['00:02:45,027', '00:02:46,062']","[' Yes, sir.\n']"
18,"['00:02:50,547', '00:02:51,502']","[' Talk to me, Doctor.\n']"
19,"['00:02:54,748', '00:02:56,340']",[' Is there anything we know for certain?\n']
20,"['00:02:58,908', '00:03:01,581']","["" - Is that supposed to be funny?\n - No, it's not funny at all.\n""]"
21,"['00:03:05,348', '00:03:06,303']",[' I assume you pulled the plug.\n']
22,"['00:03:08,348', '00:03:11,260']","[' We turn off the power,\n she turns it back on.\n']"
23,"['00:03:12,708', '00:03:15,985']","[' We prepared for this, Doctor.\n Harnessing energy from space.\n']"
24,"['00:03:17,629', '00:03:18,857']",[' My calculations are far from complete.\n']
25,"['00:03:22,029', '00:03:23,667']","[' Nothing harmful,\n low levels of gamma radiation.\n']"
26,"['00:03:26,509', '00:03:27,862']","["" Where's Agent Barton?\n""]"
27,"['00:03:30,509', '00:03:32,466']","[' Up in his nest, as usual.\n']"
28,"['00:03:36,430', '00:03:37,545']",[' <i>I gave you this detail</i>\n']
29,"['00:03:39,390', '00:03:40,709']","[' Well, I see better from a distance.\n']"
30,"['00:03:43,230', '00:03:45,266']","["" Doctor, it's spiking again.\n""]"
31,"['00:03:46,990', '00:03:48,548']","["" And Selvig's clean.\n""]"
32,"['00:03:51,430', '00:03:53,149']","["" If there was any tampering,\n sir, it wasn't at this end.\n""]"
33,"['00:03:56,511', '00:04:00,186']","[' Yeah, the Cube is a doorway to\n the other end of space, right?\n']"
34,"['00:04:03,911', '00:04:05,185']",[' Not yet.\n']
35,"['00:05:51,037', '00:05:52,152']",[' You have heart.\n']
36,"['00:06:24,638', '00:06:25,787']",[' I still need that.\n']
37,"['00:06:27,599', '00:06:28,748']",[' Of course it does.\n']
38,"['00:06:32,639', '00:06:35,312']","[' I am Loki, of Asgard\n']"
39,"['00:06:38,479', '00:06:39,832']","[' Loki,\n']"
40,"['00:06:41,759', '00:06:44,114']",[' We have no quarrel with your people.\n']
41,"['00:06:47,720', '00:06:49,312']",[' Are you planning to step on us?\n']
42,"['00:06:53,800', '00:06:55,631']",[' of a world made free.\n']
43,"['00:06:57,160', '00:06:58,434']",[' Freedom.\n']
44,"['00:07:01,680', '00:07:04,956']","[' Once you accept that, in your heart,\n']"
45,"['00:07:11,361', '00:07:13,716']","[' Yeah, you say ""peace,""\n']"
46,"['00:07:15,881', '00:07:18,270']","[' Sir, Director Fury is stalling.\n']"
47,"['00:07:19,881', '00:07:21,519']",[' and drop a hundred feet of rock on us.\n']
48,"['00:07:24,161', '00:07:25,230']",[' Like the pharaohs of old.\n']
49,"['00:07:27,522', '00:07:29,638']","["" We've got maybe two minutes\n before this goes critical.\n""]"
50,"['00:07:46,083', '00:07:47,118']",[' I need these vehicles.\n']
51,"['00:07:56,163', '00:07:57,357']",[' <i>Hill!</i>\n']
52,"['00:07:59,683', '00:08:00,957']",[' <i>Barton has turned.</i>\n']
53,"['00:08:51,126', '00:08:53,242']","["" Okay, let's go. No, leave it. Go!\n""]"
54,"['00:10:39,291', '00:10:40,566']",[' <i>Director?</i>\n']
55,"['00:10:42,532', '00:10:44,727']",[' The Tesseract is with a hostile force.\n']
56,"['00:10:47,612', '00:10:49,409']",[' A lot of men still under.\n']
57,"['00:10:51,452', '00:10:52,567']",[' <i>Sound a general call.</i>\n']
58,"['00:10:54,532', '00:10:55,487']",[' looking for that briefcase.\n']
59,"['00:10:56,892', '00:11:00,044']","[' Coulson, get back to base.\n This is a Level Seven.\n']"
60,"['00:11:02,813', '00:11:04,212']",[' we are at war.\n']
61,"['00:11:42,455', '00:11:46,004']",[' This is not how I wanted this evening\n to go.\n']
62,"['00:11:47,895', '00:11:48,930']",[' Believe me\n']
63,"['00:11:50,975', '00:11:52,772']",[' Who are you working for?\n']
64,"['00:11:56,535', '00:11:57,934']",[' Does he think\n']
65,"['00:12:00,536', '00:12:01,935']",[' to move our cargo?\n']
66,"['00:12:07,816', '00:12:09,693']",[' Solohob\n']
67,"['00:12:14,216', '00:12:18,210']",[' Your outdated information betrays you.\n']
68,"['00:12:23,977', '00:12:28,175']",[' and she turns out to be\n simply another pretty face.\n']
69,"['00:12:34,497', '00:12:36,647']","["" Tell Lermentov we don't need him\n""]"
70,"['00:12:41,298', '00:12:43,812']",[' Tell him he is out.\n']
71,"['00:12:48,538', '00:12:50,210']",[' ...you may have to write it down.\n']
72,"['00:13:03,539', '00:13:04,767']",[' You listen carefully\n']
73,"['00:13:07,619', '00:13:09,655']",[' <i>We have an F-22\n exactly eight miles out.</i>\n']
74,"['00:13:12,579', '00:13:14,535']",[' <i>before you can make the lobby.</i>\n']
75,"['00:13:22,980', '00:13:24,208']",[' <i>This takes precedence.</i>\n']
76,"['00:13:26,140', '00:13:27,858']",[' This moron is giving me everything.\n']
77,"['00:13:32,140', '00:13:33,459']","["" Look, you can't pull me\n out of this right now.\n""]"
78,"['00:13:36,061', '00:13:37,494']","["" Barton's been compromised.\n""]"
79,"['00:14:22,383', '00:14:23,338']",[' Where is Barton now?\n']
80,"['00:14:25,143', '00:14:27,816']","["" We think so. I'll brief you on\n everything when you get back.\n""]"
81,"['00:14:30,223', '00:14:33,181']","[' Coulson, you know that Stark trusts me\n about as far as he can throw me.\n']"
82,"['00:15:00,465', '00:15:01,420']",[' Who are you?\n']
83,"['00:15:03,025', '00:15:05,414']",[' There is sickness here!\n']
84,"['00:15:08,145', '00:15:09,373']","["" My father's not waking up!\n""]"
85,"['00:15:11,385', '00:15:12,420']","["" but his eyes won't open.\n""]"
86,"['00:15:14,986', '00:15:16,021']",[' My father...\n']
87,"['00:15:23,106', '00:15:24,300']",[' Please.\n']
88,"['00:15:52,788', '00:15:54,016']","[' You know, for a man\n']"
89,"['00:15:55,588', '00:15:58,705']",[' you picked a hell of a place to settle.\n']
90,"['00:16:02,708', '00:16:05,097']",[' Then what is it? Yoga?\n']
91,"['00:16:09,828', '00:16:13,708']",[' I assume the whole place\n is surrounded.\n']
92,"['00:16:16,669', '00:16:18,625']",[' And your actress buddy?\n']
93,"['00:16:21,109', '00:16:22,303']",[' I did.\n']
94,"['00:16:23,709', '00:16:24,778']",[' Natasha Romanoff.\n']
95,"['00:16:29,469', '00:16:32,064']","["" Because that's not going to\n work out for everyone.\n""]"
96,"['00:16:36,310', '00:16:37,743']",[' S.H.I.E.L.D.\n']
97,"['00:16:40,590', '00:16:42,148']","[' We never lost you, Doctor.\n']"
98,"['00:16:43,510', '00:16:45,228']",[' Even helped keep some other\n interested parties\n']
99,"['00:16:46,870', '00:16:47,825']",[' Why?\n']
100,"['00:16:50,431', '00:16:51,989']",[' But now we need you to come in.\n']
101,"['00:16:54,911', '00:16:56,947']","["" I'll persuade you.\n""]"
102,"['00:17:03,831', '00:17:05,389']","["" You've been more than a year\n without an incident.\n""]"
103,"['00:17:10,192', '00:17:12,706']","["" Well, I don't every time get what I want.\n""]"
104,"['00:17:16,632', '00:17:19,624']","[' Well, those I actively try to avoid.\n']"
105,"['00:17:22,112', '00:17:24,387']",[' is the Tesseract.\n']
106,"['00:17:29,993', '00:17:32,063']","[' What does Fury want me to do,\n swallow it?\n']"
107,"['00:17:35,433', '00:17:39,426']","["" It emits a gamma signature\n that's too weak for us to trace.\n""]"
108,"['00:17:42,633', '00:17:45,306']","["" If there was, that's where I'd be.\n""]"
109,"['00:17:48,153', '00:17:49,348']","["" Not that he's told me.\n""]"
110,"['00:17:52,274', '00:17:53,593']",[' Talk to Fury. He needs you on this.\n']
111,"['00:17:54,834', '00:17:55,789']","["" No one's going to put you in a...\n""]"
112,"['00:18:00,954', '00:18:03,468']","["" I'm sorry. That was mean.\n""]"
113,"['00:18:07,634', '00:18:10,468']","["" Why don't we do this the easy way\n""]"
114,"['00:18:12,075', '00:18:15,829']","["" and the other guy\n doesn't make a mess.\n""]"
115,"['00:18:18,795', '00:18:20,069']",[' Natasha?\n']
116,"['00:18:27,436', '00:18:28,915']","["" <i>We're good here.</i>\n""]"
117,"['00:18:34,236', '00:18:36,704']","[' <i>This is out of line, Director.</i>\n']"
118,"['00:18:39,636', '00:18:42,946']","[' You ever been in a war,\n Councilman? In a firefight?\n']"
119,"['00:18:46,036', '00:18:49,268']","["" <i>You're saying that this Asgard\n is declaring war on our planet?</i>\n""]"
120,"['00:18:52,117', '00:18:54,790']","["" <i>He can't be working alone.\n What about the other one?</i>\n""]"
121,"['00:18:56,037', '00:18:57,993']",[' Our intelligence says\n Thor is not a hostile\n']
122,"['00:18:59,317', '00:19:01,035']","["" We can't depend on him to help, either.\n""]"
123,"['00:19:02,237', '00:19:04,751']",[' <i>Which is why you\n should be focusing on Phase 2.</i>\n']
124,"['00:19:06,358', '00:19:09,395']","["" Phase 2 isn't ready. Our enemy is.\n""]"
125,"['00:19:11,318', '00:19:13,513']",[' <i>The Avengers Initiative was shut down.</i>\n']
126,"['00:19:15,638', '00:19:16,707']","["" <i>We've seen the list.</i>\n""]"
127,"['00:19:19,158', '00:19:20,716']","["" <i>and you're going to leave\n the fate of the human race</i>\n""]"
128,"['00:19:22,198', '00:19:24,029']","["" I'm not leaving anything to anyone.\n""]"
129,"['00:19:26,599', '00:19:29,193']","[' These people may be isolated,\n unbalanced even\n']"
130,"['00:19:33,679', '00:19:34,907']",[' <i>You believe?</i>\n']
131,"['00:19:39,239', '00:19:42,436']","["" No, it's won by soldiers.\n""]"
132,"['00:20:03,200', '00:20:04,679']",[' <i>I got to put her in the water!</i>\n']
133,"['00:20:11,401', '00:20:12,834']","[' <i>Oh, my God.</i>\n']"
134,"['00:20:38,162', '00:20:39,834']",[' Trouble sleeping?\n']
135,"['00:20:45,163', '00:20:48,917']","[' Then you should be out,\n celebrating, seeing the world.\n']"
136,"['00:20:57,443', '00:20:59,195']","[' I wake up, they say we won.\n']"
137,"['00:21:01,923', '00:21:04,154']","["" We've made some mistakes\n along the way.\n""]"
138,"['00:21:07,644', '00:21:08,793']","[' Are you here with a mission, sir?\n']"
139,"['00:21:10,004', '00:21:11,596']",[' Trying to get me back in the world?\n']
140,"['00:21:18,164', '00:21:20,075']","["" HYDRA's secret weapon.\n""]"
141,"['00:21:22,404', '00:21:23,474']",[' when he was looking for you.\n']
142,"['00:21:25,845', '00:21:29,804']",[' The Tesseract could be the key\n to unlimited sustainable energy.\n']
143,"['00:21:35,365', '00:21:36,480']",[' Who took it from you?\n']
144,"['00:21:38,245', '00:21:40,759']","["" He's not from around here.\n""]"
145,"['00:21:43,326', '00:21:44,475']","["" if you're in.\n""]"
146,"['00:21:47,446', '00:21:48,481']",[' than you already know.\n']
147,"['00:21:52,046', '00:21:53,638']","["" Ten bucks says you're wrong.\n""]"
148,"['00:21:56,766', '00:21:59,041']",[' waiting for you back at your apartment.\n']
149,"['00:22:03,287', '00:22:04,436']",[' that we ought to know now?\n']
150,"['00:22:38,328', '00:22:41,082']",[' <i>Good to go on this end.\n The rest is up to you.</i>\n']
151,"['00:22:42,689', '00:22:43,644']",[' <i>Are we off the grid?</i>\n']
152,"['00:22:46,009', '00:22:47,408']",[' of self-sustaining clean energy.\n']
153,"['00:22:49,609', '00:22:50,758']",[' <i>and it actually works.</i>\n']
154,"['00:22:52,849', '00:22:53,804']",[' Light her up.\n']
155,"['00:23:00,250', '00:23:02,810']","[' Like Christmas, but with more me.\n']"
156,"['00:23:04,890', '00:23:05,879']",[' <i>You need to do some press.</i>\n']
157,"['00:23:07,610', '00:23:09,043']","["" <i>I'm working on the zoning\n for the next three buildings.</i>\n""]"
158,"['00:23:11,530', '00:23:12,519']",[' <i>Enjoy the moment.</i>\n']
159,"['00:23:17,050', '00:23:19,849']","[' <i>Sir, Agent Coulson of\n S.H.I.E.L.D. Is on the line.</i>\n']"
160,"['00:23:22,011', '00:23:23,239']","["" I'm actually out.\n""]"
161,"['00:23:32,891', '00:23:35,530']","[' Grow a spine, Jarvis. I got a date.\n']"
162,"['00:23:42,932', '00:23:45,002']",[' Of course they are.\n I was directly involved.\n']
163,"['00:23:46,492', '00:23:48,369']",[' How does it feel to be a genius?\n']
164,"['00:23:50,932', '00:23:55,244']",[' What do you mean?\n All this came from you.\n']
165,"['00:23:59,133', '00:24:01,328']",[' Give yourself some credit. Please.\n']
166,"['00:24:03,453', '00:24:05,728']",[' Give yourself 12% of the credit.\n']
167,"['00:24:07,373', '00:24:08,442']",[' An argument can be made for 15.\n']
168,"['00:24:10,293', '00:24:11,806']","[' Well, I did do all the heavy lifting.\n']"
169,"['00:24:13,973', '00:24:16,123']","[' And, sorry, but the security snafu?\n']"
170,"['00:24:17,814', '00:24:19,805']",[' - My private elevator...\n - You mean our elevator?\n']
171,"['00:24:22,774', '00:24:25,004']","["" I'm going to pay for that\n comment about percentages\n""]"
172,"['00:24:27,534', '00:24:28,683']","["" It's not going to be that subtle.\n""]"
173,"['00:24:30,334', '00:24:32,689']","[' The next building is gonna\n say ""Potts"" on the tower.\n']"
174,"['00:24:35,094', '00:24:37,130']",[' Call your mom. Can you bunk over?\n']
175,"['00:24:38,735', '00:24:41,010']","["" <i>I'm afraid my protocols\n are being overridden.</i>\n""]"
176,"['00:24:43,375', '00:24:45,605']",[' You have reached the life\n model decoy of Tony Stark.\n']
177,"['00:24:47,935', '00:24:49,653']",[' Then leave it urgently.\n']
178,"['00:24:52,415', '00:24:55,009']",[' - Mr Stark.\n - Phil! Come in.\n']
179,"['00:24:56,255', '00:24:57,245']","["" I can't stay.\n""]"
180,"['00:24:58,816', '00:25:00,374']","["" Come on in. We're celebrating.\n""]"
181,"['00:25:02,496', '00:25:04,373']",[' We need you to look this over\n as soon as possible.\n']
182,"['00:25:05,776', '00:25:07,175']","["" That's fine, because\n I love to be handed things.\n""]"
183,"['00:25:09,976', '00:25:11,409']",[' Thank you.\n']
184,"['00:25:14,816', '00:25:15,771']",[' every other Thursday.\n']
185,"['00:25:17,017', '00:25:18,211']",[' Is this about the Avengers?\n']
186,"['00:25:20,577', '00:25:23,011']","[' The Avengers Initiative\n was scrapped, I thought.\n']"
187,"['00:25:24,737', '00:25:25,692']","["" I didn't know that either.\n""]"
188,"['00:25:28,737', '00:25:29,931']","["" don't play well with others.\n""]"
189,"['00:25:31,297', '00:25:32,855']","["" This isn't about personality\n profiles any more.\n""]"
190,"['00:25:35,457', '00:25:36,413']",[' Half a mo.\n']
191,"['00:25:43,938', '00:25:45,451']",[' I was having 12% of a moment.\n']
192,"['00:25:49,178', '00:25:51,055']","[' How would you know if it\'s...\n Why is he ""Phil""?\n']"
193,"['00:25:53,138', '00:25:54,617']",[' This is\n']
194,"['00:26:03,299', '00:26:04,618']","["" I'm going to take the jet to DC tonight.\n""]"
195,"['00:26:05,859', '00:26:08,054']",[' You have homework.\n You have a lot of homework.\n']
196,"['00:26:10,499', '00:26:11,818']","["" - Lf you didn't?\n - Yeah.\n""]"
197,"['00:26:15,140', '00:26:18,291']","[' Well, then...\n']"
198,"['00:26:28,580', '00:26:29,649']",[' Work hard.\n']
199,"['00:26:34,301', '00:26:36,940']",[' - I can drop you.\n - Fantastic.\n']
200,"['00:26:38,141', '00:26:39,733']",[' about the cellist. Is that still a thing?\n']
201,"['00:26:41,221', '00:26:44,213']",[' What? Boo!\n']
202,"['00:26:57,822', '00:27:01,337']","[' So, this Dr Banner was trying\n to replicate the serum they used on me?\n']"
203,"['00:27:03,222', '00:27:04,780']","["" You were the world's first superhero.\n""]"
204,"['00:27:08,222', '00:27:09,496']","["" Erskine's original formula.\n""]"
205,"['00:27:12,222', '00:27:13,622']",[' Not so much.\n']
206,"['00:27:18,503', '00:27:20,937']","["" He's like a smart person.\n""]"
207,"['00:27:24,383', '00:27:26,692']","["" it's an honour to meet you officially.\n""]"
208,"['00:27:29,023', '00:27:30,741']",[' I watched you while you were sleeping.\n']
209,"['00:27:34,824', '00:27:37,975']",[' while you were\n unconscious from the ice.\n']
210,"['00:27:40,504', '00:27:42,381']",[' to have you on board this...\n']
211,"['00:27:44,744', '00:27:47,497']","[' Oh, you are. Absolutely.\n']"
212,"['00:27:50,664', '00:27:52,098']",[' I had a little design input.\n']
213,"['00:27:53,705', '00:27:56,094']","["" Aren't the stars and stripes a little\n""]"
214,"['00:27:59,305', '00:28:01,375']","["" With everything that's happening\n""]"
215,"['00:28:03,985', '00:28:07,295']",[' people might just need\n a little old-fashioned.\n']
216,"['00:28:41,547', '00:28:43,185']",[' Let them gird themselves.\n']
217,"['00:28:45,227', '00:28:46,342']",[' Battle?\n']
218,"['00:28:50,308', '00:28:53,027']","[' Glorious, not lengthy.\n']"
219,"['00:28:57,068', '00:28:59,457']",[' You question us?\n']
220,"['00:29:01,868', '00:29:04,223']",[' he who put the sceptre in your hand?\n']
221,"['00:29:07,428', '00:29:10,182']","[' when you were cast out, defeated?\n']"
222,"['00:29:12,389', '00:29:14,505']","[' The rightful king of Asgard,\n']"
223,"['00:29:16,589', '00:29:19,103']",[' Your ambition is little\n']
224,"['00:29:22,149', '00:29:24,060']",[' We look beyond the Earth\n']
225,"['00:29:27,549', '00:29:28,902']","["" You don't have the Tesseract yet.\n""]"
226,"['00:29:34,030', '00:29:36,498']","[' But until I open the doors,\n']"
227,"['00:29:40,910', '00:29:42,628']",[' you are but words.\n']
228,"['00:29:48,350', '00:29:50,262']","[' If you fail,\n']"
229,"['00:29:55,631', '00:29:59,829']","[' there will be no realm, no barren moon,\n']"
230,"['00:30:04,711', '00:30:07,350']",[' You think you know pain?\n']
231,"['00:30:40,993', '00:30:41,982']","["" Stow the captain's gear.\n""]"
232,"['00:30:44,553', '00:30:47,546']","[' Agent Romanoff, Captain Rogers.\n']"
233,"['00:30:49,154', '00:30:50,109']",[' They need you on the bridge.\n']
234,"['00:30:51,874', '00:30:52,909']",[' See you there.\n']
235,"['00:30:58,834', '00:31:01,302']",[' I thought Coulson was gonna swoon.\n']
236,"['00:31:04,474', '00:31:05,623']",[' Trading cards?\n']
237,"['00:31:09,595', '00:31:10,823']",[' Dr Banner.\n']
238,"['00:31:14,515', '00:31:15,664']",[' They told me you would be coming.\n']
239,"['00:31:18,115', '00:31:19,912']",[' Is that the only word on me?\n']
240,"['00:31:23,915', '00:31:26,396']","[' It must be strange for you, all of this.\n']"
241,"['00:31:29,836', '00:31:32,304']","[' Gentlemen, you might want\n to step inside in a minute.\n']"
242,"['00:31:36,356', '00:31:37,835']","[' <i>Flight crew, secure the deck.</i>\n']"
243,"['00:31:44,196', '00:31:45,151']",[' Really?\n']
244,"['00:32:14,198', '00:32:16,473']","[' No, no, this is much worse.\n']"
245,"['00:32:47,880', '00:32:50,189']",[' Increase collective to 8.0%.\n']
246,"['00:32:57,400', '00:32:58,833']",[' Increase output to capacity.\n']
247,"['00:33:01,240', '00:33:02,639']",[' We are clear.\n']
248,"['00:33:04,481', '00:33:08,918']",[' S.H.I.E.L.D. Emergency\n Protocol 193.6 in effect.\n']
249,"['00:33:11,961', '00:33:12,916']","["" Let's vanish.\n""]"
250,"['00:33:30,562', '00:33:31,677']",[' Reflection panels engaged.\n']
251,"['00:33:45,443', '00:33:46,512']","[' Doctor, thank you for coming.\n']"
252,"['00:33:50,443', '00:33:52,957']","[' So, how long am I staying?\n']"
253,"['00:33:55,003', '00:33:56,152']","["" you're in the wind.\n""]"
254,"['00:33:58,243', '00:33:59,915']","["" We're sweeping every\n wirelessly accessible\n""]"
255,"['00:34:01,564', '00:34:03,282']","[' Cell phones, laptops...\n']"
256,"['00:34:07,164', '00:34:08,358']","["" That's still not gonna find them in time.\n""]"
257,"['00:34:09,724', '00:34:11,601']",[' How many spectrometers\n do you have access to?\n']
258,"['00:34:13,564', '00:34:15,202']",[' Tell them to put\n the spectrometers on the roof\n']
259,"['00:34:16,924', '00:34:19,996']","["" I'll rough out a tracking algorithm,\n basic cluster recognition.\n""]"
260,"['00:34:22,845', '00:34:24,563']",[' Do you have somewhere\n for me to work?\n']
261,"['00:34:26,045', '00:34:28,195']","[' could you show Dr Banner\n to his laboratory, please?\n']"
262,"['00:34:31,965', '00:34:33,683']",[' Put it over there.\n']
263,"['00:34:37,845', '00:34:40,679']","[' S.H.I.E.L.D. Has no shortage\n of enemies, Doctor.\n']"
264,"['00:34:42,326', '00:34:43,281']","[' Yeah, iridium.\n']"
265,"['00:34:46,166', '00:34:47,724']","["" It's very hard to get hold of.\n""]"
266,"['00:34:49,606', '00:34:50,925']","["" Well, I didn't know.\n""]"
267,"['00:34:52,486', '00:34:54,681']",[' The Tesseract has shown me so much.\n']
268,"['00:34:57,086', '00:34:58,041']",[' I know.\n']
269,"['00:35:01,607', '00:35:02,960']",[' My next target.\n']
270,"['00:35:07,447', '00:35:09,199']",[' I need a distraction.\n']
271,"['00:35:17,927', '00:35:20,362']","["" I mean, if it's not too much trouble.\n""]"
272,"['00:35:24,488', '00:35:26,001']","["" It's a vintage set.\n""]"
273,"['00:35:30,848', '00:35:31,883']",[' Near mint.\n']
274,"['00:35:33,608', '00:35:36,122']",[' We got a hit. A 67% match.\n']
275,"['00:35:39,129', '00:35:40,084']",[' Location?\n']
276,"['00:35:43,369', '00:35:44,563']","["" He's not exactly hiding.\n""]"
277,"['00:35:46,169', '00:35:47,124']","["" you're up.\n""]"
278,"['00:38:21,657', '00:38:22,885']",[' I said\n']
279,"['00:38:35,898', '00:38:39,129']",[' Is not this simpler?\n']
280,"['00:38:45,898', '00:38:48,970']","["" It's the unspoken truth of humanity,\n""]"
281,"['00:38:51,978', '00:38:55,608']","["" The bright lure of freedom\n diminishes your life's joy\n""]"
282,"['00:39:00,059', '00:39:01,378']",[' for identity.\n']
283,"['00:39:06,779', '00:39:08,337']","[' In the end,\n']"
284,"['00:39:17,860', '00:39:19,737']",[' Not to men like you.\n']
285,"['00:39:23,420', '00:39:26,173']",[' There are always men like you.\n']
286,"['00:39:31,300', '00:39:32,654']",[' Let him be an example.\n']
287,"['00:39:41,861', '00:39:44,898']","[' and saw a man standing\n above everybody else,\n']"
288,"['00:39:46,701', '00:39:48,578']",[' The soldier.\n']
289,"['00:39:52,302', '00:39:53,496']","["" I'm not the one who's out of time.\n""]"
290,"['00:40:18,823', '00:40:20,336']",[' Kneel.\n']
291,"['00:40:23,823', '00:40:25,051']","["" The guy's all over the place.\n""]"
292,"['00:40:46,704', '00:40:48,695']","[' <i>Make your move, Reindeer Games.</i>\n']"
293,"['00:40:59,265', '00:41:00,493']",[' Mr Stark.\n']
294,"['00:41:09,185', '00:41:10,744']",[' <i>Is he saying anything?</i>\n']
295,"['00:41:12,426', '00:41:14,257']","["" <i>Just get him here. We're low on time.</i>\n""]"
296,"['00:41:18,506', '00:41:20,383']","[' What, Rock of Ages\n giving up so easily?\n']"
297,"['00:41:22,346', '00:41:23,745']",[' This guy packs a wallop.\n']
298,"['00:41:28,386', '00:41:29,900']","["" What's your thing, Pilates?\n""]"
299,"['00:41:31,187', '00:41:32,142']","["" It's like calisthenics.\n""]"
300,"['00:41:34,427', '00:41:35,985']",[' doing time as a Capsicle.\n']
301,"['00:41:39,547', '00:41:42,300']","["" Yeah, there's a lot of things\n Fury doesn't tell you.\n""]"
302,"['00:41:48,107', '00:41:50,576']","["" What's the matter? Are you\n scared of a little lightning?\n""]"
303,"['00:42:10,269', '00:42:11,384']",[' What are you doing?\n']
304,"['00:42:25,389', '00:42:27,061']",[' Another Asgardian?\n']
305,"['00:42:29,230', '00:42:31,698']","["" <i>If he frees Loki or kills him,\n the Tesseract's lost.</i>\n""]"
306,"['00:42:33,870', '00:42:36,065']",[' <i>I have a plan. Attack.</i>\n']
307,"['00:42:43,750', '00:42:44,705']","["" I don't see how I can.\n""]"
308,"['00:42:47,871', '00:42:49,099']","["" There's only one God, ma'am.\n""]"
309,"['00:43:06,351', '00:43:07,671']",[' Where is the Tesseract?\n']
310,"['00:43:09,312', '00:43:10,912']",[' Do I look to be in a gaming mood?\n']
311,"['00:43:13,352', '00:43:15,308']","[' With the Bifrost gone,\n how much dark energy\n']"
312,"['00:43:18,352', '00:43:19,671']",[' to your precious Earth?\n']
313,"['00:43:26,433', '00:43:27,786']",[' Did you mourn?\n']
314,"['00:43:30,273', '00:43:33,071']",[' Your father.\n']
315,"['00:43:40,073', '00:43:42,223']",[' We were raised together.\n']
316,"['00:43:45,434', '00:43:46,583']",[' Do you remember none of that?\n']
317,"['00:43:50,114', '00:43:53,026']",[' Living in the shade of your greatness.\n']
318,"['00:43:56,354', '00:43:58,265']","[' I, who was, and should be, king!\n']"
319,"['00:44:00,594', '00:44:02,346']",[' for your imagined slights?\n']
320,"['00:44:06,875', '00:44:10,265']","["" And you're doing\n a marvellous job with that.\n""]"
321,"['00:44:12,715', '00:44:14,433']",[' while you idly fret.\n']
322,"['00:44:16,915', '00:44:18,394']",[' You think yourself above them?\n']
323,"['00:44:20,595', '00:44:22,950']","[' Then you miss the truth\n of ruling, brother.\n']"
324,"['00:44:30,076', '00:44:32,715']","["" I've seen worlds\n you've never known about!\n""]"
325,"['00:44:37,276', '00:44:39,153']","[' I have seen the true power\n of the Tesseract,\n']"
326,"['00:44:40,516', '00:44:42,188']",[' Who showed you this power?\n']
327,"['00:44:44,797', '00:44:46,515']",[' - I am a king!\n - Not here!\n']
328,"['00:44:48,077', '00:44:50,511']",[' You give up this poisonous dream!\n']
329,"['00:44:59,197', '00:45:00,266']","["" I don't have it.\n""]"
330,"['00:45:04,118', '00:45:06,348']","["" But I've sent it off, I know not where.\n""]"
331,"['00:45:11,078', '00:45:12,227']","["" I'm listening.\n""]"
332,"['00:45:22,799', '00:45:24,312']","["" Then don't take my stuff.\n""]"
333,"['00:45:28,479', '00:45:29,434']",[' Shakespeare in the Park?\n']
334,"['00:45:33,999', '00:45:36,638']","[' This is beyond you, metal man.\n']"
335,"['00:45:39,079', '00:45:42,311']","["" He gives up the Cube,\n he's all yours. Until then,\n""]"
336,"['00:45:45,360', '00:45:46,918']",[' <i>Tourist.</i>\n']
337,"['00:46:21,642', '00:46:24,440']",[' Power at 400% capacity.\n']
338,"['00:47:23,965', '00:47:25,114']",[' Hey!\n']
339,"['00:47:32,445', '00:47:34,083']","["" Now, I don't know\n what you plan on doing here.\n""]"
340,"['00:47:36,685', '00:47:39,120']",[' Then prove it. Put that hammer down.\n']
341,"['00:47:40,446', '00:47:41,845']",[' <i>Bad call. He loves his hammer.</i>\n']
342,"['00:48:11,767', '00:48:13,359']","[' Are we done, here?\n']"
343,"['00:49:02,810', '00:49:04,528']","[' if you try to escape,\n']"
344,"['00:49:16,971', '00:49:20,759']","["" it's 30,000 feet straight down\n in a steel trap.\n""]"
345,"['00:49:25,291', '00:49:27,805']","[' Ant, boot.\n']"
346,"['00:49:33,571', '00:49:36,086']","[' Not built, I think, for me.\n']"
347,"['00:49:38,972', '00:49:40,769']","["" Oh, I've heard.\n""]"
348,"['00:49:43,812', '00:49:45,370']","["" <i>Makes play he's still a man.</i>\n""]"
349,"['00:49:48,772', '00:49:51,730']",[' <i>that you call on such\n lost creatures to defend you?</i>\n']
350,"['00:49:54,372', '00:49:56,091']",[' You threaten my world with war.\n']
351,"['00:49:58,533', '00:50:02,162']","["" You talk about peace,\n and you kill because it's fun.\n""]"
352,"['00:50:05,453', '00:50:07,284']",[' You might not be glad that you did.\n']
353,"['00:50:14,974', '00:50:17,568']","[' To have the Tesseract, to have power,\n']"
354,"['00:50:20,654', '00:50:22,531']",[' And for what?\n']
355,"['00:50:28,014', '00:50:31,131']",[' And then to be reminded\n what real power is.\n']
356,"['00:50:47,175', '00:50:48,574']","["" He really grows on you, doesn't he?\n""]"
357,"['00:50:50,815', '00:50:54,126']","["" So, Thor, what's his play?\n""]"
358,"['00:50:56,976', '00:50:59,774']","["" They're not of Asgard,\n nor any world known.\n""]"
359,"['00:51:02,376', '00:51:03,889']","[' They will win him the Earth,\n']"
360,"['00:51:05,936', '00:51:07,608']",[' An army\n']
361,"['00:51:09,616', '00:51:11,925']","["" So, he's building another portal.\n""]"
362,"['00:51:13,537', '00:51:14,492']",[' Selvig?\n']
363,"['00:51:17,097', '00:51:19,133']","[' Loki has him under some kind of spell,\n']"
364,"['00:51:20,937', '00:51:22,450']",[' I want to know why Loki let us take him.\n']
365,"['00:51:24,017', '00:51:25,655']","["" I don't think\n we should be focusing on Loki.\n""]"
366,"['00:51:27,697', '00:51:28,925']",[' You could smell crazy on him.\n']
367,"['00:51:31,337', '00:51:33,454']","[' Loki is beyond reason,\n but he is of Asgard.\n']"
368,"['00:51:35,098', '00:51:36,895']",[' He killed 80 people in two days.\n']
369,"['00:51:38,858', '00:51:41,053']","["" I think it's about the mechanics.\n""]"
370,"['00:51:43,338', '00:51:44,293']","["" It's a stabilising agent.\n""]"
371,"['00:51:45,818', '00:51:47,297']","["" I'll fly you to Portland.\n""]"
372,"['00:51:49,178', '00:51:50,975']","["" It means the portal\n won't collapse on itself\n""]"
373,"['00:51:53,099', '00:51:56,250']","["" No hard feelings, Point Break.\n You've got a mean swing.\n""]"
374,"['00:51:58,819', '00:52:01,128']","[' and stay open as long, as Loki wants.\n']"
375,"['00:52:05,579', '00:52:06,728']",[' <i>That man is playing Galaga.</i>\n']
376,"['00:52:12,860', '00:52:14,179']",[' How does Fury even see these?\n']
377,"['00:52:15,580', '00:52:17,138']",[' Sounds exhausting.\n']
378,"['00:52:19,500', '00:52:22,173']",[' Agent Barton can get\n his hands on pretty easily.\n']
379,"['00:52:23,900', '00:52:27,256']",[' is a power source\n of high-energy density.\n']
380,"['00:52:30,780', '00:52:33,614']",[' When did you become an expert\n in thermonuclear astrophysics?\n']
381,"['00:52:35,261', '00:52:38,333']","["" The packet, Selvig's notes,\n the extraction theory papers.\n""]"
382,"['00:52:39,661', '00:52:42,334']",[' Does Loki need any particular\n kind of power source?\n']
383,"['00:52:45,341', '00:52:46,740']",[' just to break through\n the Coulomb barrier.\n']
384,"['00:52:49,261', '00:52:50,331']",[' the quantum tunnelling effect.\n']
385,"['00:52:51,662', '00:52:54,017']",[' he could achieve heavy ion fusion\n at any reactor on the planet.\n']
386,"['00:52:56,742', '00:52:58,619']",[' Is that what just happened?\n']
387,"['00:53:00,942', '00:53:03,854']",[' Your work on antielectron\n collisions is unparalleled.\n']
388,"['00:53:05,982', '00:53:07,938']",[' and turn into an enormous\n green rage-monster.\n']
389,"['00:53:10,623', '00:53:13,012']",[' Dr Banner is only here\n to track the Cube.\n']
390,"['00:53:14,663', '00:53:15,778']",[' I would start with that stick of his.\n']
391,"['00:53:17,023', '00:53:18,251']",[' but it works an awful lot\n like a HYDRA weapon.\n']
392,"['00:53:21,583', '00:53:23,255']",[' And I would like to know\n how Loki used it\n']
393,"['00:53:25,103', '00:53:26,821']",[' into his personal flying monkeys.\n']
394,"['00:53:28,783', '00:53:29,739']",[' I do.\n']
395,"['00:53:35,304', '00:53:36,578']","[' Shall we play, Doctor?\n']"
396,"['00:53:51,825', '00:53:53,338']",[' The gamma readings\n are definitely consistent\n']
397,"['00:53:55,825', '00:53:57,383']","["" But it's going to take weeks to process.\n""]"
398,"['00:53:58,865', '00:54:00,093']","[' and direct route to the Homer cluster,\n']"
399,"['00:54:04,385', '00:54:06,262']",[' All I packed was a toothbrush.\n']
400,"['00:54:09,026', '00:54:10,982']","[' Top ten floors, all R&D.\n']"
401,"['00:54:12,906', '00:54:15,295']","[' Thanks, but the last time\n I was in New York,\n']"
402,"['00:54:18,146', '00:54:19,898']","[' Well, I promise\n a stress-free environment.\n']"
403,"['00:54:23,266', '00:54:24,699']",[' - Hey!\n - Nothing?\n']
404,"['00:54:25,986', '00:54:26,941']","["" Jury's out.\n""]"
405,"['00:54:28,267', '00:54:29,222']","["" What's your secret?\n""]"
406,"['00:54:30,907', '00:54:31,976']",[' Is everything a joke to you?\n']
407,"['00:54:33,347', '00:54:35,019']",[' Threatening the safety\n of everyone on this ship\n']
408,"['00:54:36,467', '00:54:37,422']","[' No offence, Doc.\n']"
409,"['00:54:39,107', '00:54:41,826']","["" if I couldn't handle pointy things.\n""]"
410,"['00:54:44,547', '00:54:46,139']","[' And you need to focus\n on the problem, Mr Stark.\n']"
411,"['00:54:47,828', '00:54:50,501']",[' Why did Fury call us in?\n Why now? Why not before?\n']
412,"['00:54:52,428', '00:54:54,100']","["" I can't do the equation unless\n I have all the variables.\n""]"
413,"['00:54:56,028', '00:54:59,065']","[' He\'s a spy. Captain, he\'s ""the"" spy.\n']"
414,"['00:55:00,988', '00:55:02,421']","["" It's bugging him, too. Isn't it?\n""]"
415,"['00:55:06,749', '00:55:07,704']",[' Doctor?\n']
416,"['00:55:15,309', '00:55:17,300']","["" Loki's jab at Fury about the Cube.\n""]"
417,"['00:55:18,949', '00:55:21,144']",[' I think that was meant for you.\n']
418,"['00:55:24,789', '00:55:25,824']",[' it was still all over the news.\n']
419,"['00:55:29,230', '00:55:30,424']",[' building in New York?\n']
420,"['00:55:34,230', '00:55:36,539']","[' That building will run itself\n for, what, a year?\n']"
421,"['00:55:38,550', '00:55:40,427']","["" I'm kind of the only name\n in clean energy right now.\n""]"
422,"['00:55:42,310', '00:55:44,778']","["" So, why didn't S.H.I.E.L.D. Bring him in\n on the Tesseract project?\n""]"
423,"['00:55:46,711', '00:55:47,985']",[' in the first place?\n']
424,"['00:55:51,071', '00:55:53,141']","["" finishes breaking into all of\n S.H.I.E.L.D.'s secure files.\n""]"
425,"['00:55:54,351', '00:55:56,262']",[' Jarvis has been running it\n since I hit the bridge.\n']
426,"['00:55:58,031', '00:55:59,146']",[' S.H.I.E.L.D. Has ever tried to hide.\n']
427,"['00:56:00,351', '00:56:02,148']","["" Yet you're confused about why\n they didn't want you around.\n""]"
428,"['00:56:05,112', '00:56:06,625']","[' Historically, not awesome.\n']"
429,"['00:56:09,072', '00:56:10,585']",[' This is a man who means to start a war\n']
430,"['00:56:13,432', '00:56:15,787']",[' We have orders.\n We should follow them.\n']
431,"['00:56:19,352', '00:56:21,627']","["" And you're all about style, aren't you?\n""]"
432,"['00:56:22,872', '00:56:24,386']","[' which one is,\n A, wearing a spangly outfit,\n']"
433,"['00:56:25,913', '00:56:30,065']","[' Steve, tell me none of this\n smells a little funky to you.\n']"
434,"['00:56:46,074', '00:56:47,905']","["" That's the guy\n my dad never shut up about?\n""]"
435,"['00:56:51,834', '00:56:53,472']","["" The guy's not wrong about Loki.\n""]"
436,"['00:56:55,394', '00:56:57,988']","["" What he's got is an Acme dynamite kit.\n""]"
437,"['00:56:59,994', '00:57:02,189']","["" And I'm going to be there when it does.\n""]"
438,"['00:57:06,595', '00:57:07,823']","["" Or you'll be suiting up\n with the rest of us.\n""]"
439,"['00:57:12,915', '00:57:16,112']","["" I'm exposed. Like a nerve.\n""]"
440,"['00:57:18,035', '00:57:20,708']","["" I've got a cluster of shrapnel\n trying every second\n""]"
441,"['00:57:22,876', '00:57:24,832']",[' This stops it.\n']
442,"['00:57:28,356', '00:57:29,948']",[' not just armour.\n']
443,"['00:57:33,276', '00:57:35,551']",[' - But you can control it.\n - Because I learned how.\n']
444,"['00:57:36,956', '00:57:40,153']","[' Hey, I read all about your accident.\n']"
445,"['00:57:43,597', '00:57:45,952']","["" So you're saying that the Hulk...\n""]"
446,"['00:57:50,117', '00:57:51,186']","["" That's nice.\n""]"
447,"['00:57:56,917', '00:57:58,748']","["" I guess we'll find out.\n""]"
448,"['00:58:02,118', '00:58:03,995']",[' And you just might.\n']
449,"['00:59:02,241', '00:59:03,913']",[' we moved Jane Foster.\n']
450,"['00:59:06,441', '00:59:09,831']",[' She was asked to consult there\n very suddenly yesterday.\n']
451,"['00:59:14,441', '00:59:15,430']","["" She'll be safe.\n""]"
452,"['00:59:18,601', '00:59:20,558']","["" It's no accident, Loki taking Erik Selvig.\n""]"
453,"['00:59:24,122', '00:59:25,191']",[' Erik is a good man.\n']
454,"['00:59:28,082', '00:59:29,993']",[' You changed his life.\n']
455,"['00:59:33,562', '00:59:35,598']",[' They were better as they were.\n']
456,"['00:59:38,282', '00:59:41,832']","[' but we come here,\n battling like bilge snipe.\n']"
457,"['00:59:43,843', '00:59:46,755']","[' You know, huge, scaly, big antlers.\n']"
458,"['00:59:49,363', '00:59:51,160']","[' Well, they are repulsive.\n']"
459,"['01:00:01,964', '01:00:05,161']","["" When I first came to Earth,\n Loki's rage followed me here,\n""]"
460,"['01:00:07,644', '01:00:09,362']","[' And now, again.\n']"
461,"['01:00:15,844', '01:00:17,755']","["" War hasn't started yet.\n""]"
462,"['01:00:20,685', '01:00:21,913']",[' where the Tesseract is?\n']
463,"['01:00:25,285', '01:00:29,801']","["" It's not just power he craves,\n it's vengeance, upon me.\n""]"
464,"['01:00:33,005', '01:00:35,121']",[' A lot of guys think that\n']
465,"['01:00:38,886', '01:00:40,319']",[' What are you asking me to do?\n']
466,"['01:00:44,006', '01:00:44,995']",[' Loki is a prisoner.\n']
467,"['01:00:47,486', '01:00:48,999']",[' that wants to be here?\n']
468,"['01:01:04,167', '01:01:05,759']","["" But you figured I'd come.\n""]"
469,"['01:01:08,767', '01:01:12,043']","[' After whatever tortures\n Fury can concoct,\n']"
470,"['01:01:16,608', '01:01:18,200']",[' And I would cooperate.\n']
471,"['01:01:20,368', '01:01:22,279']","["" I would say I've expanded his mind.\n""]"
472,"['01:01:27,448', '01:01:28,676']","["" once you're king of the mountain,\n""]"
473,"['01:01:34,328', '01:01:36,047']","[' Is this love, Agent Romanoff?\n']"
474,"['01:01:42,609', '01:01:44,406']",[' Tell me.\n']
475,"['01:01:54,009', '01:01:57,764']","[' Well, I made a name for myself.\n']"
476,"['01:02:00,890', '01:02:04,405']","["" I didn't care who I used it for, or on.\n""]"
477,"['01:02:09,850', '01:02:12,648']",[' Agent Barton was sent to kill me.\n']
478,"['01:02:17,011', '01:02:19,923']",[' And what will you do\n if I vow to spare him?\n']
479,"['01:02:21,691', '01:02:23,488']","[' No, but I like this.\n']"
480,"['01:02:27,771', '01:02:29,762']",[' Regimes fall every day.\n']
481,"['01:02:32,451', '01:02:33,406']",[' Or I was.\n']
482,"['01:02:36,692', '01:02:39,525']","["" It's really not that complicated.\n""]"
483,"['01:02:44,532', '01:02:46,011']",[' Can you?\n']
484,"['01:02:52,052', '01:02:53,771']","["" Dreykov's daughter,\n""]"
485,"['01:02:57,893', '01:03:00,282']",[' the hospital fire?\n']
486,"['01:03:03,493', '01:03:06,451']","["" Your ledger is dripping. It's gushing red\n""]"
487,"['01:03:09,093', '01:03:10,412']",[' will change anything?\n']
488,"['01:03:13,214', '01:03:15,364']",[' This is a child at prayer.\n']
489,"['01:03:17,494', '01:03:19,962']",[' <i>You lie and kill</i>\n']
490,"['01:03:25,974', '01:03:29,011']","[' <i>You pretend to be separate,\n to have your own code,</i>\n']"
491,"['01:03:32,855', '01:03:35,164']",[' <i>But they are part of you.</i>\n']
492,"['01:03:39,495', '01:03:42,851']","["" I won't touch Barton,\n not until I make him kill you.\n""]"
493,"['01:03:45,255', '01:03:47,530']",[' in every way he knows you fear.\n']
494,"['01:03:50,735', '01:03:54,046']","["" and when he screams, I'll split his skull.\n""]"
495,"['01:03:58,696', '01:04:00,209']","["" You're a monster.\n""]"
496,"['01:04:04,616', '01:04:06,129']",[' You brought the monster.\n']
497,"['01:04:11,537', '01:04:12,652']","["" That's your play.\n""]"
498,"['01:04:14,697', '01:04:16,289']",[' Loki means to unleash the Hulk.\n']
499,"['01:04:17,937', '01:04:18,972']",[' Send Thor as well.\n']
500,"['01:04:21,977', '01:04:24,047']",[' for your cooperation.\n']
501,"['01:04:32,778', '01:04:35,167']",[' Kind of been wondering\n the same thing about you.\n']
502,"['01:04:37,218', '01:04:38,731']","["" We are. The model's locked\n""]"
503,"['01:04:40,218', '01:04:41,173']","[' When we get a hit,\n']"
504,"['01:04:43,298', '01:04:47,370']","[' Yeah, then you get your\n Cube back. No muss, no fuss.\n']"
505,"['01:04:50,699', '01:04:53,418']",[' Phase 2 is S.H.I.E.L.D. Uses\n the Cube to make weapons.\n']
506,"['01:04:55,339', '01:04:57,933']","[' Rogers, we gathered everything\n related to the Tesseract.\n']"
507,"['01:04:59,579', '01:05:00,534']","["" I'm sorry, Nick.\n""]"
508,"['01:05:02,979', '01:05:04,173']","[' I was wrong, Director.\n']"
509,"['01:05:05,419', '01:05:06,408']",[' Did you know about this?\n']
510,"['01:05:07,939', '01:05:09,213']","[' from this environment, Doctor?\n']"
511,"['01:05:11,540', '01:05:12,655']",[' Loki is manipulating you.\n']
512,"['01:05:14,420', '01:05:16,012']","["" You didn't come here because\n I bat my eyelashes at you.\n""]"
513,"['01:05:17,340', '01:05:18,568']",[' because suddenly\n you get a little twitchy.\n']
514,"['01:05:20,380', '01:05:23,929']",[' Is using the Tesseract\n to build weapons of mass destruction.\n']
515,"['01:05:26,860', '01:05:27,815']",[' Me?\n']
516,"['01:05:31,141', '01:05:34,178']",[' who had a grudge match\n that levelled a small town.\n']
517,"['01:05:36,541', '01:05:39,977']","[' but we are hopelessly,\n hilariously, outgunned.\n']"
518,"['01:05:42,381', '01:05:44,258']","["" But you're not the only people\n out there, are you?\n""]"
519,"['01:05:46,381', '01:05:49,419']","["" The world's filling up with\n people who can't be matched,\n""]"
520,"['01:05:51,342', '01:05:52,411']",[' Like you controlled the Cube?\n']
521,"['01:05:53,862', '01:05:56,330']","[' is what drew Loki to it, and his allies.\n']"
522,"['01:05:57,902', '01:06:00,462']",[' that the Earth is ready\n for a higher form of war.\n']
523,"['01:06:01,742', '01:06:02,697']",[' You forced our hand.\n']
524,"['01:06:03,902', '01:06:04,857']",[' A nuclear deterrent.\n']
525,"['01:06:07,022', '01:06:09,298']","[' Remind me again how\n you made your fortune, Stark.\n']"
526,"['01:06:11,823', '01:06:13,381']",[' Hold on. How is this now about me?\n']
527,"['01:06:14,703', '01:06:16,500']",[' I thought humans were\n more evolved than this.\n']
528,"['01:06:19,503', '01:06:21,300']",[' You treat your champions\n with such mistrust.\n']
529,"['01:06:22,943', '01:06:24,740']",[' S.H.I.E.L.D. Monitors potential threats.\n']
530,"['01:06:26,223', '01:06:27,178']",[' We all are.\n']
531,"['01:06:28,784', '01:06:30,263']",[' Are you above or below angry bees?\n']
532,"['01:06:32,544', '01:06:33,738']",[' Threat! Verbal threat. I feel threatened.\n']
533,"['01:06:43,304', '01:06:46,102']","[' <i>Transport Six-Six-Bravo,\n please relay confirm codes.</i>\n']"
534,"['01:06:48,425', '01:06:50,416']",[' <i>What is your haul? Over.</i>\n']
535,"['01:07:01,065', '01:07:03,181']","[' You speak of control,\n yet you court chaos.\n']"
536,"['01:07:05,065', '01:07:06,259']","[' I mean, what are we, a team?\n']"
537,"['01:07:09,346', '01:07:11,223']","["" We're a time bomb.\n""]"
538,"['01:07:13,226', '01:07:14,978']","["" Why shouldn't the guy\n let off a little steam?\n""]"
539,"['01:07:17,266', '01:07:19,382']","["" I'm starting to want you to make me.\n""]"
540,"['01:07:23,106', '01:07:24,505']","[' Take that off, what are you?\n']"
541,"['01:07:27,707', '01:07:30,744']",[' I know guys with none of that\n worth ten of you.\n']
542,"['01:07:31,947', '01:07:34,097']",[' The only thing you really\n fight for is yourself.\n']
543,"['01:07:37,467', '01:07:39,856']",[' to lay down on a wire and let\n the other guy crawl over you.\n']
544,"['01:07:44,547', '01:07:46,664']",[' Always a way out.\n']
545,"['01:07:48,108', '01:07:49,939']",[' but you better stop pretending\n to be a hero.\n']
546,"['01:07:52,548', '01:07:54,504']","["" You're a laboratory experiment, Rogers.\n""]"
547,"['01:08:22,349', '01:08:25,069']","["" Put on the suit. Let's go a few rounds.\n""]"
548,"['01:08:29,470', '01:08:30,425']","[' Yeah, this is a team.\n']"
549,"['01:08:31,870', '01:08:32,939']",[' Dr Banner back to his...\n']
550,"['01:08:34,790', '01:08:36,189']",[' The cell was just in case...\n']
551,"['01:08:37,910', '01:08:40,708']","["" But you can't. I know, I tried.\n""]"
552,"['01:08:46,231', '01:08:50,509']","[' So, I put a bullet in my mouth,\n and the other guy spit it out.\n']"
553,"['01:08:52,351', '01:08:55,070']",[' I focused on helping\n other people. I was good.\n']
554,"['01:08:57,431', '01:08:58,750']",[' and put everyone here at risk.\n']
555,"['01:09:00,991', '01:09:02,743']",[' You want to know how I stay calm?\n']
556,"['01:09:08,272', '01:09:09,546']",[' put down the sceptre.\n']
557,"['01:09:19,872', '01:09:20,827']","[' Sorry, kids,\n']"
558,"['01:09:22,752', '01:09:23,708']",[' You located the Tesseract?\n']
559,"['01:09:24,913', '01:09:26,949']",[' The Tesseract belongs on Asgard.\n No human is a match for it.\n']
560,"['01:09:28,473', '01:09:29,428']","["" Put on the suit, let's find out.\n""]"
561,"['01:09:30,913', '01:09:31,868']",[' Put on the suit.\n']
562,"['01:09:51,074', '01:09:52,029']",[' Put on the suit.\n']
563,"['01:09:56,034', '01:09:57,706']",[' <i>All hands to stations.</i>\n']
564,"['01:10:03,515', '01:10:04,709']",[' Number three engine is down.\n']
565,"['01:10:05,915', '01:10:07,030']",[' - Can they get it running?\n - Fire in engine three!\n']
566,"['01:10:08,235', '01:10:09,793']",[' Turbine looks mostly intact\n']
567,"['01:10:11,835', '01:10:13,188']","["" while we're in the air.\n""]"
568,"['01:10:15,875', '01:10:17,786']","["" Somebody's got to get outside\n and patch that engine.\n""]"
569,"['01:10:19,675', '01:10:22,827']","[' <i>Coulson, initiate defensive lockdown\n in the detention section</i>\n']"
570,"['01:10:24,036', '01:10:25,105']",[' Romanoff?\n']
571,"['01:10:32,476', '01:10:33,670']","["" We're okay, right?\n""]"
572,"['01:10:47,037', '01:10:48,675']","[' Detention, wait for cameras to go dark.\n']"
573,"['01:10:52,197', '01:10:53,630']","["" Let's go, Level 4.\n""]"
574,"['01:11:05,078', '01:11:06,193']",[' Doctor?\n']
575,"['01:11:09,718', '01:11:13,233']",[' You got to fight it.\n This is just what Loki wants.\n']
576,"['01:11:15,678', '01:11:16,633']",[' Are you hurt?\n']
577,"['01:11:22,039', '01:11:24,678']","[' I swear on my life,\n I will get you out of this.\n']"
578,"['01:11:26,239', '01:11:28,230']",[' Your life?\n']
579,"['01:12:20,402', '01:12:23,431']","[' Bring the carrier about\n to a 1-8-0, heading south!\n']"
580,"['01:12:25,482', '01:12:27,393']","["" Navigation's recalibrating\n after the engine failure.\n""]"
581,"['01:12:29,922', '01:12:32,038']","[' - Yes, sir.\n - Then put it on the left.\n']"
582,"['01:12:33,882', '01:12:35,873']","[' One more turbine goes down,\n and we drop.\n']"
583,"['01:12:42,483', '01:12:43,598']",[' Stark!\n']
584,"['01:12:47,923', '01:12:49,356']",[' <i>Good.</i>\n']
585,"['01:12:52,563', '01:12:54,155']",[' I got to get this\n superconducting coolant system\n']
586,"['01:12:55,363', '01:12:56,762']","[' before I can access the rotors,\n']"
587,"['01:13:01,084', '01:13:02,563']",[' <i>I need you to get to that\n engine control panel</i>\n']
588,"['01:13:18,005', '01:13:19,484']",[' <i>What does it look like in there?</i>\n']
589,"['01:13:22,725', '01:13:24,397']","["" Well, you're not wrong.\n""]"
590,"['01:14:28,448', '01:14:29,403']",[' Try to think!\n']
591,"['01:14:41,049', '01:14:42,448']","["" What's our next move?\n""]"
592,"['01:14:43,649', '01:14:45,765']","["" <i>this thing won't\n re-engage without a jump.</i>\n""]"
593,"['01:14:47,329', '01:14:49,001']","["" If that thing gets up to\n speed, you'll get shredded.\n""]"
594,"['01:14:51,169', '01:14:52,522']",[' long enough to disengage\n maglev and that could...\n']
595,"['01:14:55,210', '01:14:56,279']",[' You see that red lever?\n']
596,"['01:14:59,690', '01:15:01,408']",[' Stand by it. Wait for my word.\n']
597,"['01:15:56,653', '01:15:57,642']",[' Grenade!\n']
598,"['01:16:13,574', '01:16:15,530']",[' <i>Hostiles are in S.H.I.E.L.D. Gear.</i>\n']
599,"['01:16:24,654', '01:16:26,770']",[' <i>We have the Hulk and Thor\n on Research Level 4.</i>\n']
600,"['01:16:28,494', '01:16:30,530']","[' Sir, the Hulk will tear this place apart!\n']"
601,"['01:16:32,775', '01:16:36,768']","[' Escort 6-0, proceed to\n Wishbone and engage hostile.\n']"
602,"['01:16:38,255', '01:16:39,574']",[' <i>Copy.</i>\n']
603,"['01:16:56,456', '01:16:57,411']",[' <i>Target engaged.</i>\n']
604,"['01:18:15,660', '01:18:17,776']","["" They're not getting through\n here, so what the hell...\n""]"
605,"['01:18:45,661', '01:18:47,732']",[' We are in an uncontrolled descent.\n']
606,"['01:18:50,182', '01:18:51,934']","["" <i>It's Barton. He took out our systems.</i>\n""]"
607,"['01:18:54,582', '01:18:56,459']",[' <i>Does anybody copy?</i>\n']
608,"['01:18:59,742', '01:19:01,141']",[' I copy.\n']
609,"['01:19:06,663', '01:19:08,062']","[' Yeah, I noticed.\n']"
610,"['01:19:44,184', '01:19:46,779']",[' Are you ever not going to fall for that?\n']
611,"['01:20:31,227', '01:20:32,706']",[' Should we test that?\n']
612,"['01:20:40,827', '01:20:42,260']",[' You like this?\n']
613,"['01:20:47,468', '01:20:49,618']","["" Even I don't know what it does.\n""]"
614,"['01:20:53,508', '01:20:54,907']",[' No!\n']
615,"['01:22:33,233', '01:22:34,905']","["" You're going to lose.\n""]"
616,"['01:22:39,273', '01:22:41,663']","["" It's in your nature.\n""]"
617,"['01:22:46,114', '01:22:49,663']",[' Your floating fortress falls from the sky.\n']
618,"['01:22:51,994', '01:22:53,985']",[' You lack conviction.\n']
619,"['01:23:02,315', '01:23:03,955']","["" So, that's what it does.\n""]"
620,"['01:23:35,436', '01:23:36,391']","[' Cap, hit the lever.\n']"
621,"['01:23:39,357', '01:23:40,392']",[' Lever\n']
622,"['01:23:53,077', '01:23:54,146']",[' <i>Help!</i>\n']
623,"['01:24:29,759', '01:24:31,397']",[' The god rabbited.\n']
624,"['01:24:33,039', '01:24:34,597']",[' Eyes on me.\n']
625,"['01:24:36,319', '01:24:37,753']",[' Not an option.\n']
626,"['01:24:42,440', '01:24:44,396']",[' This was never gonna work\n']
627,"['01:24:47,040', '01:24:48,519']",[' to...\n']
628,"['01:25:19,522', '01:25:21,160']",[' <i>A medical team is on\n its way to your location.</i>\n']
629,"['01:25:25,762', '01:25:27,320']",[' <i>They called it.</i>\n']
630,"['01:25:47,883', '01:25:49,919']",[' I guess he never did\n get you to sign them.\n']
631,"['01:25:55,003', '01:25:57,962']","[' Our communications,\n the location of the Cube,\n']"
632,"['01:26:01,644', '01:26:03,475']",[' I got nothing for you.\n']
633,"['01:26:09,324', '01:26:12,202']",[' Maybe I had that coming.\n']
634,"['01:26:18,605', '01:26:21,802']",[' we were going to build\n an arsenal with the Tesseract.\n']
635,"['01:26:25,165', '01:26:28,077']",[' because I was playing\n something even riskier.\n']
636,"['01:26:37,646', '01:26:40,843']",[' called the Avengers Initiative.\n']
637,"['01:26:44,166', '01:26:46,600']",[' of remarkable people\n']
638,"['01:26:51,406', '01:26:55,400']","[' To see if they could work together\n when we needed them to,\n']"
639,"['01:27:01,367', '01:27:05,997']",[' Phil Coulson died\n still believing in that idea.\n']
640,"['01:27:17,608', '01:27:19,087']","[' Well,\n']"
641,"['01:27:41,969', '01:27:44,358']",[' <i>You fell out of the sky.</i>\n']
642,"['01:27:59,370', '01:28:02,282']","["" There's nobody around here to get hurt.\n""]"
643,"['01:28:06,370', '01:28:07,359']",[' Lucky.\n']
644,"['01:28:09,170', '01:28:10,683']",[' You were awake when you fell.\n']
645,"['01:28:14,771', '01:28:16,329']",[' Right through the ceiling.\n']
646,"['01:28:20,371', '01:28:21,440']",[' Here.\n']
647,"['01:28:24,971', '01:28:27,280']",[' to a regular-size feller.\n']
648,"['01:28:31,732', '01:28:32,926']",[' Are you an alien?\n']
649,"['01:28:34,932', '01:28:36,206']","[' From outer space, an alien.\n']"
650,"['01:28:38,132', '01:28:41,124']","["" Well, then, son, you've got a condition.\n""]"
651,"['01:28:56,973', '01:28:58,964']",[' You know that?\n']
652,"['01:29:03,933', '01:29:06,686']","["" I've got no window.\n""]"
653,"['01:29:09,653', '01:29:11,406']","["" You got to level out.\n It's going to take time.\n""]"
654,"['01:29:14,894', '01:29:18,011']",[' Have you ever had someone\n take your brain and play?\n']
655,"['01:29:25,814', '01:29:28,089']","["" Do you know what it's like\n to be unmade?\n""]"
656,"['01:29:39,135', '01:29:40,124']",[' Why am I back?\n']
657,"['01:29:42,655', '01:29:45,374']",[' Cognitive recalibration.\n']
658,"['01:29:48,215', '01:29:49,251']",[' Thanks.\n']
659,"['01:29:55,696', '01:29:56,731']",[' How many agents did I...\n']
660,"['01:29:58,376', '01:30:00,492']","["" Don't do that to yourself, Clint.\n""]"
661,"['01:30:02,816', '01:30:05,330']","[' This is monsters and magic,\n']"
662,"['01:30:07,136', '01:30:08,616']","[' Loki, did he get away?\n']"
663,"['01:30:10,017', '01:30:12,167']","["" I don't suppose you know where.\n""]"
664,"['01:30:14,137', '01:30:15,809']","["" I didn't ask.\n""]"
665,"['01:30:21,657', '01:30:22,612']",[' Today.\n']
666,"['01:30:24,657', '01:30:25,851']","[' Yeah? Who\'s ""we""?\n']"
667,"['01:30:29,018', '01:30:30,292']","[' Well,\n']"
668,"['01:30:34,138', '01:30:36,732']","[' I would sleep better, I suppose.\n']"
669,"['01:30:41,658', '01:30:43,057']","["" But you don't.\n""]"
670,"['01:30:47,739', '01:30:52,290']",[' Now you want to wade into a war. Why?\n']
671,"['01:30:56,579', '01:30:58,888']","["" He didn't. I just...\n""]"
672,"['01:31:05,979', '01:31:07,891']","["" I've been compromised.\n""]"
673,"['01:31:14,940', '01:31:16,931']",[' I would like to wipe it out.\n']
674,"['01:31:33,861', '01:31:35,214']",[' No.\n']
675,"['01:31:40,901', '01:31:42,254']","["" I'm sorry.\n""]"
676,"['01:31:45,782', '01:31:46,817']",[' He was an idiot.\n']
677,"['01:31:49,222', '01:31:50,575']",[' For taking on Loki alone.\n']
678,"['01:31:52,462', '01:31:54,896']",[' He was out of his league.\n He should have waited.\n']
679,"['01:31:56,142', '01:31:57,655']","["" Sometimes there isn't a way out, Tony.\n""]"
680,"['01:31:59,942', '01:32:01,375']",[' Is this the first time you lost a soldier?\n']
681,"['01:32:07,503', '01:32:09,175']","["" I'm not marching to Fury's fife.\n""]"
682,"['01:32:10,543', '01:32:12,659']","["" He's got the same blood\n on his hands that Loki does.\n""]"
683,"['01:32:14,223', '01:32:16,339']",[' and get this done.\n']
684,"['01:32:17,543', '01:32:18,498']",[' If we can put together a list...\n']
685,"['01:32:19,743', '01:32:20,732']","["" That's not the point.\n""]"
686,"['01:32:23,263', '01:32:25,095']",[' He hit us all right where we live. Why?\n']
687,"['01:32:26,304', '01:32:28,101']","[' Yeah, divide and conquer is great\n']"
688,"['01:32:30,704', '01:32:32,183']","["" That's what he wants.\n""]"
689,"['01:32:34,824', '01:32:35,893']",[' He wants an audience.\n']
690,"['01:32:38,304', '01:32:41,102']","[' Yeah, that was just previews.\n This is opening night.\n']"
691,"['01:32:43,784', '01:32:45,298']","[' He wants flowers, he wants parades.\n']"
692,"['01:32:50,745', '01:32:52,258']",[' Son of a bitch.\n']
693,"['01:33:04,186', '01:33:05,665']","["" - Go where?\n - I'll tell you on the way.\n""]"
694,"['01:33:08,266', '01:33:09,460']",[' I can.\n']
695,"['01:33:14,306', '01:33:15,261']",[' Yeah.\n']
696,"['01:33:43,308', '01:33:44,536']","["" Hey, you guys aren't\n authorised to be in here.\n""]"
697,"['01:33:48,868', '01:33:49,823']",[' Sir.\n']
698,"['01:33:51,628', '01:33:53,107']","[' Those cards,\n']"
699,"['01:34:03,669', '01:34:05,182']",[' They needed the push.\n']
700,"['01:34:11,189', '01:34:12,463']",[' They found him.\n']
701,"['01:34:16,949', '01:34:19,099']","[' - I want eyes on everything.\n - Yes, sir.\n']"
702,"['01:34:33,910', '01:34:37,585']",[' <i>but the device\n is already self-sustaining.</i>\n']
703,"['01:34:40,430', '01:34:41,659']","["" It's too late!\n""]"
704,"['01:34:46,031', '01:34:48,386']",[' She wants to show us something!\n']
705,"['01:34:50,591', '01:34:52,070']",[' <i>Okay.</i>\n']
706,"['01:35:00,752', '01:35:02,549']","["" <i>It's unbreachable.</i>\n""]"
707,"['01:35:05,552', '01:35:06,507']",[' <i>Plan B.</i>\n']
708,"['01:35:09,752', '01:35:11,902']","["" Then skip the spinning rims.\n We're on the clock.\n""]"
709,"['01:35:34,833', '01:35:37,108']","["" Actually, I'm planning to threaten you.\n""]"
710,"['01:35:38,753', '01:35:40,107']",[' Yeah.\n']
711,"['01:35:41,394', '01:35:43,908']","["" and you've got\n the glow stick of destiny.\n""]"
712,"['01:35:46,994', '01:35:48,063']","["" Stalling me won't change anything.\n""]"
713,"['01:35:50,354', '01:35:51,673']",[' No drink? Are you sure?\n']
714,"['01:35:54,274', '01:35:58,028']",[' The Chitauri are coming.\n Nothing will change that.\n']
715,"['01:36:00,355', '01:36:01,993']",[' The Avengers.\n']
716,"['01:36:06,355', '01:36:07,913']","[' ""Earth\'s mightiest heroes""- type thing.\n']"
717,"['01:36:09,955', '01:36:10,944']",[' Yeah.\n']
718,"['01:36:12,315', '01:36:13,270']","["" I'll give you that one.\n""]"
719,"['01:36:15,635', '01:36:18,024']","[' Your brother, the demigod,\n']"
720,"['01:36:23,236', '01:36:26,273']","[' A man with breathtaking\n anger-management issues,\n']"
721,"['01:36:29,956', '01:36:32,789']","["" you've managed to piss off\n every single one of them.\n""]"
722,"['01:36:33,996', '01:36:35,907']",[' Not a great plan.\n']
723,"['01:36:38,117', '01:36:39,516']","[' and they will,\n']"
724,"['01:36:40,957', '01:36:41,912']",[' I have an army.\n']
725,"['01:36:43,637', '01:36:44,956']",[' I thought the beast had wandered off.\n']
726,"['01:36:47,037', '01:36:50,871']",[' There is no version of this\n where you come out on top.\n']
727,"['01:36:53,357', '01:36:55,268']","["" but it's all on you.\n""]"
728,"['01:36:57,238', '01:37:00,230']","["" you can be damn well sure\n we'll avenge it.\n""]"
729,"['01:37:05,238', '01:37:06,956']",[' when they are so busy fighting you?\n']
730,"['01:37:15,198', '01:37:17,918']","["" Well, performance issues,\n it's not uncommon.\n""]"
731,"['01:37:21,279', '01:37:24,074']","[' Jarvis, anytime now.\n']"
732,"['01:37:28,519', '01:37:29,838']",[' Deploy!\n']
733,"['01:37:57,401', '01:38:00,234']","["" <i>And there's one other\n person you pissed off.</i>\n""]"
734,"['01:38:25,322', '01:38:26,755']",[' Right.\n']
735,"['01:39:37,486', '01:39:38,714']",[' Loki!\n']
736,"['01:39:40,926', '01:39:41,915']","["" You can't.\n""]"
737,"['01:39:43,966', '01:39:45,684']",[' There is only\n']
738,"['01:39:47,006', '01:39:48,075']",[' So be it.\n']
739,"['01:40:11,087', '01:40:13,124']",[' What? Did you stop for drive-through?\n']
740,"['01:40:32,209', '01:40:33,483']","[' <i>Sir, we have more incoming.</i>\n']"
741,"['01:40:41,889', '01:40:43,686']",[' - Nat?\n - I see him.\n']
742,"['01:42:17,574', '01:42:19,166']","[' Stark, are you seeing this?\n']"
743,"['01:42:22,374', '01:42:23,693']","["" Where's Banner?\n Has he shown up yet?\n""]"
744,"['01:42:24,934', '01:42:25,923']",[' Just keep me posted.\n']
745,"['01:42:30,855', '01:42:32,652']",[' Look at this!\n']
746,"['01:42:34,695', '01:42:38,404']",[' You think this madness\n will end with your rule?\n']
747,"['01:42:41,415', '01:42:42,609']","["" It's too late to stop it.\n""]"
748,"['01:42:52,776', '01:42:54,812']",[' Sentiment.\n']
749,"['01:43:24,817', '01:43:25,772']",[' Loki.\n']
750,"['01:43:43,898', '01:43:45,776']","["" We got this. It's good. Go.\n""]"
751,"['01:43:47,339', '01:43:48,294']","[' Captain,\n']"
752,"['01:44:18,700', '01:44:20,338']",[' Just like Budapest all over again.\n']
753,"['01:44:38,821', '01:44:39,776']","["" It's going to be an hour\n""]"
754,"['01:44:41,261', '01:44:42,979']",[' National Guard?\n']
755,"['01:44:45,582', '01:44:46,537']",[' Do we?\n']
756,"['01:44:48,982', '01:44:50,415']","["" There are people inside and\n they're going to be running\n""]"
757,"['01:44:51,822', '01:44:53,653']",[' You take them to the basements\n or through the subway.\n']
758,"['01:44:55,422', '01:44:57,936']",[' I need a perimeter as far back as 39th.\n']
759,"['01:45:13,103', '01:45:14,252']",[' I need men in those buildings.\n']
760,"['01:45:16,503', '01:45:18,971']","["" We're going to set up a perimeter\n all the way down to 39th Street.\n""]"
761,"['01:45:30,584', '01:45:32,381']",[' <i>What the hell was step two?</i>\n']
762,"['01:46:01,785', '01:46:03,617']",[' The power surrounding the Cube\n is impenetrable.\n']
763,"['01:46:06,386', '01:46:07,944']",[' - How do we do this?\n - As a team.\n']
764,"['01:46:09,826', '01:46:10,815']","[' Yeah? Well, get in line.\n']"
765,"['01:46:12,026', '01:46:13,300']","["" Loki's going to keep\n this fight focused on us,\n""]"
766,"['01:46:14,546', '01:46:16,138']","[' Without him,\n these things could run wild.\n']"
767,"['01:46:26,147', '01:46:29,776']","[' So, this all seems horrible.\n']"
768,"['01:46:31,827', '01:46:32,782']",[' Sorry.\n']
769,"['01:46:35,587', '01:46:37,896']","[' <i>- Stark, we got him.\n - Banner?</i>\n']"
770,"['01:46:39,347', '01:46:41,942']","["" Then tell him to suit up.\n I'm bringing the party to you.\n""]"
771,"['01:46:57,668', '01:46:58,623']",[' Dr Banner.\n']
772,"['01:47:03,029', '01:47:05,384']","["" That's my secret, Captain.\n""]"
773,"['01:47:19,229', '01:47:20,788']",[' <i>Hold on!</i>\n']
774,"['01:47:57,431', '01:47:58,626']",[' Guys.\n']
775,"['01:48:00,032', '01:48:01,147']","[' All right, listen up.\n']"
776,"['01:48:04,072', '01:48:05,346']","[' Barton, I want you on that roof.\n']"
777,"['01:48:07,392', '01:48:08,711']","[' Stark, you got the perimeter.\n']"
778,"['01:48:10,072', '01:48:11,551']",[' you turn it back or you turn it to ash.\n']
779,"['01:48:12,952', '01:48:13,987']","[' <i>Better clench up, Legolas.</i>\n']"
780,"['01:48:19,833', '01:48:20,948']",[' Slow them down.\n']
781,"['01:48:25,353', '01:48:26,911']","[' You and me,\n we stay here on the ground.\n']"
782,"['01:48:28,153', '01:48:29,108']",[' And Hulk...\n']
783,"['01:49:24,156', '01:49:25,225']",[' Sir.\n']
784,"['01:49:31,876', '01:49:34,993']","[' Stark, you got a lot of strays\n sniffing your tail.\n']"
785,"['01:49:38,837', '01:49:40,987']","["" Well, they can't bank worth a damn.\n""]"
786,"['01:49:42,357', '01:49:43,631']",[' I will roger that.\n']
787,"['01:50:13,518', '01:50:15,077']",[' Nice call.\n']
788,"['01:50:16,479', '01:50:19,152']",[' <i>Thor is taking on\n a squadron down on Sixth.</i>\n']
789,"['01:50:59,281', '01:51:00,839']","[' Captain, none of this\n is going to mean a damn thing\n']"
790,"['01:51:02,281', '01:51:03,873']","["" Our biggest guns couldn't touch it.\n""]"
791,"['01:51:08,001', '01:51:09,878']","["" If you want to get up there,\n you're going to need a ride.\n""]"
792,"['01:51:13,041', '01:51:14,031']","[' I could use a boost, though.\n']"
793,"['01:51:17,922', '01:51:20,356']","["" Yeah. It's gonna be fun.\n""]"
794,"['01:51:48,203', '01:51:49,875']",[' Less! Less!\n']
795,"['01:53:12,168', '01:53:13,840']","["" <i>They've cornered\n a lot of civilians in there.</i>\n""]"
796,"['01:53:35,089', '01:53:36,807']",[' Everyone! Clear out!\n']
797,"['01:54:07,210', '01:54:08,929']",[' <i>the Council has made a decision.</i>\n']
798,"['01:54:11,811', '01:54:13,324']","["" But given that\n it's a stupid-ass decision,\n""]"
799,"['01:54:14,931', '01:54:18,128']","["" <i>Director, you're closer\n than any of our subs.</i>\n""]"
800,"['01:54:19,331', '01:54:21,925']","[' That is the island of Manhattan,\n Councilman.\n']"
801,"['01:54:24,171', '01:54:26,048']",[' I will not order a nuclear strike\n']
802,"['01:54:27,691', '01:54:30,001']","["" <i>If we don't hold them here,\n we lose everything.</i>\n""]"
803,"['01:54:36,372', '01:54:38,010']",[' You.\n']
804,"['01:54:42,692', '01:54:43,647']","[' Nat, what are you doing?\n']"
805,"['01:54:50,573', '01:54:51,528']",[' I got him.\n']
806,"['01:55:18,294', '01:55:20,649']","[' You are, all of you, beneath me!\n']"
807,"['01:55:23,534', '01:55:24,967']",[' And I will not be bullied by...\n']
808,"['01:55:44,015', '01:55:45,414']",[' The sceptre...\n']
809,"['01:55:49,496', '01:55:52,215']","["" Loki's sceptre. The energy.\n""]"
810,"['01:55:54,056', '01:55:56,012']","["" but you can't protect against yourself.\n""]"
811,"['01:55:57,216', '01:55:58,410']","["" You didn't know what you were doing.\n""]"
812,"['01:56:03,536', '01:56:06,370']",[' I built in a safety\n to cut their power source.\n']
813,"['01:56:09,017', '01:56:11,485']",[' It may be able to close the portal.\n']
814,"['01:56:27,058', '01:56:30,767']","[' <i>Sir, we will lose power\n before we penetrate that shell.</i>\n']"
815,"['01:56:40,418', '01:56:42,693']","["" <i>I wouldn't consider him a role model.</i>\n""]"
816,"['01:57:51,302', '01:57:53,258']",[' <i>Override order 7-Alpha- 1- 1.</i>\n']
817,"['01:57:56,702', '01:57:58,693']","[' Sir, we have a bird in motion!\n']"
818,"['01:58:01,222', '01:58:02,451']",[' We need to shut it down!\n']
819,"['01:58:33,984', '01:58:36,054']","[' Stark, do you hear me?\n']"
820,"['01:58:38,744', '01:58:40,063']",[' <i>How long?</i>\n']
821,"['01:58:42,305', '01:58:43,863']",[' <i>The payload will wipe out Midtown.</i>\n']
822,"['01:58:46,065', '01:58:47,657']",[' <i>I just did.</i>\n']
823,"['01:59:01,426', '01:59:04,418']","[' <i>Detonation in\n 2 minutes, 30 seconds, mark.</i>\n']"
824,"['01:59:29,187', '01:59:30,176']","[' What, are you getting sleepy?\n']"
825,"['01:59:42,988', '01:59:44,706']",[' I can close it.\n']
826,"['01:59:46,908', '01:59:47,977']",[' I can shut the portal down.\n']
827,"['01:59:50,188', '01:59:51,382']","[' Stark, these things are still coming.\n']"
828,"['01:59:52,588', '01:59:54,419']","["" It's gonna blow in less than a minute.\n""]"
829,"['02:00:12,349', '02:00:14,624']","["" <i>Stark, you know that's a one-way trip.</i>\n""]"
830,"['02:00:16,189', '02:00:20,103']","[' <i>Sir, shall I try Miss Potts?</i>\n']"
831,"['02:00:24,030', '02:00:26,305']",[' <i>The streets of New York City\n have become a battleground.</i>\n']
832,"['02:00:29,150', '02:00:30,549']","[' <i>but clearly, it is outmatched.</i>\n']"
833,"['02:00:32,990', '02:00:35,788']",[' <i>I have never seen anything like this.</i>\n']
834,"['02:00:37,470', '02:00:41,066']","["" <i>but we do know that\n billionaire Tony Stark's Iron Man...</i>\n""]"
835,"['02:01:59,515', '02:02:00,584']",[' Close it.\n']
836,"['02:02:25,356', '02:02:26,914']","["" He's not slowing down.\n""]"
837,"['02:03:12,358', '02:03:13,712']",[' What the hell?\n']
838,"['02:03:18,479', '02:03:20,674']",[' Please tell me nobody kissed me.\n']
839,"['02:03:28,639', '02:03:29,867']","[' All right, yay!\n']"
840,"['02:03:31,999', '02:03:35,072']","["" Let's just not come in tomorrow.\n Let's just take a day.\n""]"
841,"['02:03:37,840', '02:03:40,035']","["" There's a shawarma joint\n about two blocks from here.\n""]"
842,"['02:03:42,160', '02:03:43,559']","["" We're not finished yet.\n""]"
843,"['02:04:11,121', '02:04:13,272']","["" If it's all the same to you,\n""]"
844,"['02:04:25,602', '02:04:27,558']",[' <i>Despite the devastation\n of what has been confirmed</i>\n']
845,"['02:04:29,442', '02:04:30,921']",[' <i>the extraordinary heroics</i>\n']
846,"['02:04:33,043', '02:04:34,522']","[' <i>has been to many a cause\n not only for comfort,</i>\n']"
847,"['02:04:35,723', '02:04:38,032']","["" <i>It's just really great knowing\n they're out there.</i>\n""]"
848,"['02:04:40,003', '02:04:41,152']","[' <i>I love you, Thor!</i>\n']"
849,"['02:04:43,043', '02:04:44,317']",[' <i>And then the air goes...</i>\n']
850,"['02:04:45,883', '02:04:46,872']","["" <i>I don't know.</i>\n""]"
851,"['02:04:49,483', '02:04:52,442']","["" <i>It just seems that there's\n a lot they're not telling us.</i>\n""]"
852,"['02:04:55,964', '02:04:57,795']","[' <i>These so-called ""heroes""</i>\n']"
853,"['02:04:59,284', '02:05:01,354']",[' <i>for the destruction done to this city.</i>\n']
854,"['02:05:03,644', '02:05:06,354']",[' <i>Tough questions are being asked\n about the Avengers themselves.</i>\n']
855,"['02:05:07,564', '02:05:08,883']",[' <i>and equally sudden disappearance...</i>\n']
856,"['02:05:13,645', '02:05:16,682']",[' <i>Captain America saved my life.</i>\n']
857,"['02:05:22,205', '02:05:23,638']",[' <i>I would just...</i>\n']
858,"['02:05:28,965', '02:05:30,399']",[' <i>Where are the Avengers?</i>\n']
859,"['02:05:32,966', '02:05:35,036']","["" I'd say they've earned\n a leave of absence.\n""]"
860,"['02:05:36,806', '02:05:38,956']",[' <i>The Tesseract is where it belongs.</i>\n']
861,"['02:05:41,726', '02:05:43,205']","["" <i>That's not your call.</i>\n""]"
862,"['02:05:44,446', '02:05:46,596']","["" I just didn't argue with the god that did.\n""]"
863,"['02:05:48,566', '02:05:50,125']","[' <i>and the war criminal, Loki,</i>\n']"
864,"['02:05:52,007', '02:05:54,475']",[' <i>I think he will be.</i>\n']
865,"['02:06:10,088', '02:06:12,443']",[' <i>letting the Avengers\n loose on this world.</i>\n']
866,"['02:06:14,048', '02:06:17,563']","[' <i>They surely are,\n and the whole world knows it.</i>\n']"
867,"['02:06:20,968', '02:06:22,959']",[' <i>Was that the point of all this?</i>\n']
868,"['02:06:27,368', '02:06:28,768']",[' <i>A promise.</i>\n']
869,"['02:06:39,689', '02:06:41,600']","["" They've gone their separate ways.\n""]"
870,"['02:06:45,249', '02:06:47,080']","[' If we get into a situation like this again,\n']"
871,"['02:06:48,810', '02:06:49,765']","["" They'll come back.\n""]"
872,"['02:06:52,970', '02:06:53,925']",[' I am.\n']
873,"['02:06:57,650', '02:06:59,766']","["" Because we'll need them to.\n""]"
874,"['02:09:47,979', '02:09:52,131']",[' They are not the cowering\n wretches we were promised.\n']
875,"['02:09:55,939', '02:10:02,129']","[' They are unruly,\n and therefore cannot be ruled.\n']"
876,[],[]
