,time,content
0,"['00:00:42,800', '00:00:44,802']",[' <i>Report to your stations immediately.</i>\n']
1,"['00:00:49,120', '00:00:51,088']",[' <i>We are under attack!</i>\n']
2,"['00:01:54,600', '00:01:56,204']","["" Jarvis, what's the view from upstairs?\n""]"
3,"['00:02:00,800', '00:02:04,522']","["" <i>Strucker's technology is well beyond\n any other Hydra base we've taken.</i>\n""]"
4,"['00:02:09,560', '00:02:11,440']","["" Strucker couldn't mount this defence\n without it.\n""]"
5,"['00:02:25,200', '00:02:27,407']","[' ""At long last""\n is lasting a little long, boys.\n']"
6,"['00:02:36,400', '00:02:38,607']",[' Wait a second.\n No one else is gonna deal with the fact\n']
7,"['00:02:40,680', '00:02:42,205']",[' I know.\n']
8,"['00:02:55,600', '00:02:57,364']",[' Who gave the order to attack?\n']
9,"['00:02:59,920', '00:03:02,764']",[' They landed in the far woods.\n The perimeter guard panicked.\n']
10,"['00:03:06,080', '00:03:08,447']","["" - Can we hold them?\n - They're the Avengers.\n""]"
11,"['00:03:10,320', '00:03:12,209']",[' Concentrate fire on the weak ones.\n']
12,"['00:03:16,280', '00:03:18,123']","["" Everything we've accomplished...\n""]"
13,"['00:03:20,800', '00:03:22,404']","["" Then let's show them\n what we've accomplished.\n""]"
14,"['00:03:25,480', '00:03:27,289']","["" It's too soon.\n""]"
15,"['00:03:30,080', '00:03:32,003']",[' My men can hold them.\n']
16,"['00:03:44,400', '00:03:47,882']","["" Well, we know Strucker's not gonna\n worry about civilian casualties.\n""]"
17,"['00:03:54,920', '00:03:57,491']",[' <i>This quadrant is unsafe.\n Please back away.</i>\n']
18,"['00:04:01,120', '00:04:03,487']",[' <i>This quadrant is unsafe.\n Please back away.</i>\n']
19,"['00:04:06,440', '00:04:08,568']",[' <i>- We wish to avoid collateral damage.</i>\n - Costel!\n']
20,"['00:04:11,280', '00:04:13,328']","[' <i>- We are here to help.</i>\n - Avengers, go home!\n']"
21,"['00:04:18,000', '00:04:19,843']",[' <i>We will not yield!</i>\n']
22,"['00:04:24,360', '00:04:26,806']",[' We will send them back in bags.\n']
23,"['00:04:33,200', '00:04:35,089']",[' I am going to surrender.\n']
24,"['00:04:37,320', '00:04:39,084']","[' If we give the Avengers the weapons,\n']"
25,"['00:04:40,840', '00:04:42,922']",[' - The twins.\n - They are not ready to take on...\n']
26,"['00:04:45,360', '00:04:46,850']",[' Twins.\n']
27,"['00:05:21,360', '00:05:23,681']",[' Clint!\n']
28,"['00:05:27,160', '00:05:28,161']","["" Clint's hit!\n""]"
29,"['00:05:38,080', '00:05:39,286']",[' Thank you.\n']
30,"['00:05:49,280', '00:05:50,281']","["" I'm closing in.\n""]"
31,"['00:05:56,520', '00:05:58,443']",[' Do you see a power source\n for that shield?\n']
32,"['00:06:01,240', '00:06:03,242']","[' Great,\n I want to poke it with something.\n']"
33,"['00:06:17,280', '00:06:19,282']","["" - The Enhanced?\n - He's a blur.\n""]"
34,"['00:06:22,480', '00:06:23,766']","["" In fact, I still haven't.\n""]"
35,"['00:06:26,320', '00:06:29,245']","["" I can get Barton to the jet.\n The sooner we're gone, the better.\n""]"
36,"['00:06:32,960', '00:06:34,769']","["" Looks like they're lining up.\n""]"
37,"['00:06:40,440', '00:06:41,805']",[' Find the sceptre.\n']
38,"['00:06:46,480', '00:06:48,403']","["" That's not going away any time soon.\n""]"
39,"['00:06:59,520', '00:07:02,166']","["" <i>- It was a good talk.</i>\n - No, it wasn't.\n""]"
40,"['00:07:12,640', '00:07:16,603']","[' Okay, Jarvis, you know. I want it all.\n Make sure you copy Hill at HQ.\n']"
41,"['00:07:22,840', '00:07:24,968']",[' Then get to Banner. Time for a lullaby.\n']
42,"['00:07:31,960', '00:07:34,566']","[' Hey, J, give me an IR scan of the room,\n real quick.\n']"
43,"['00:07:36,360', '00:07:38,010']","["" <i>I'm reading steel reinforcement</i>\n""]"
44,"['00:07:41,200', '00:07:42,201']",[' Please be a secret door.\n']
45,"['00:07:44,920', '00:07:45,921']",[' Yay.\n']
46,"['00:08:06,480', '00:08:08,130']","["" Sun's getting real low.\n""]"
47,"['00:09:14,320', '00:09:16,243']","["" Hydra's number one thug.\n""]"
48,"['00:09:19,640', '00:09:21,688']","["" Well, then technically\n you're unemployed.\n""]"
49,"['00:09:23,880', '00:09:25,803']","["" Don't worry, I know when I'm beat.\n""]"
50,"['00:09:29,440', '00:09:31,886']","[' I\'ll put it right under\n ""illegal human experimentation.""\n']"
51,"['00:09:39,480', '00:09:42,404']",[' We have a second Enhanced.\n Female. Do not engage.\n']
52,"['00:09:50,520', '00:09:52,170']","[' <i>Guys, I got Strucker.</i>\n']"
53,"['00:10:19,040', '00:10:20,280']","[' <i>Thor,</i>\n']"
54,"['00:11:12,880', '00:11:16,248']",[' You could have saved us.\n']
55,"['00:12:03,760', '00:12:05,569']","["" We're just gonna let him take it?\n""]"
56,"['00:13:01,480', '00:13:03,369']","["" Just wasn't expecting a code green.\n""]"
57,"['00:13:04,560', '00:13:07,404']",[' there would have been\n double the casualties.\n']
58,"['00:13:10,800', '00:13:12,723']","[' You know,\n sometimes exactly what I want to hear\n']"
59,"['00:13:15,800', '00:13:17,723']",[' How long before you trust me?\n']
60,"['00:13:23,320', '00:13:25,049']","[' Thor, report on the Hulk.\n']"
61,"['00:13:30,120', '00:13:33,124']","[' But not the screams of the dead,\n of course. No, no, wounded screams.\n']"
62,"['00:13:35,560', '00:13:39,565']",[' and tales of sprained deltoids and gout.\n']
63,"['00:13:43,080', '00:13:44,600']",[' Is it okay if she sets up in your lab?\n']
64,"['00:13:46,760', '00:13:47,966']",[' Thanks. Tell her to prep everything.\n']
65,"['00:13:49,560', '00:13:51,403']","[' <i>- Very good, sir.</i>\n - Jarvis, take the wheel.\n']"
66,"['00:13:53,000', '00:13:54,889']",[' <i>Approach vector is locked.</i>\n']
67,"['00:13:57,560', '00:13:59,642']","["" I mean, you've been after this thing\n since S.H.I.E.L.D. collapsed.\n""]"
68,"['00:14:01,920', '00:14:04,321']","[' No, but this... This brings it to a close.\n']"
69,"['00:14:07,080', '00:14:08,286']","["" I don't just mean weapons.\n""]"
70,"['00:14:11,280', '00:14:13,521']",[' Banner and I will give it the once over\n before it goes back to Asgard.\n']
71,"['00:14:14,760', '00:14:16,808']",[' Just a few days till the farewell party.\n']
72,"['00:14:19,200', '00:14:21,931']","[' Yes, yes, of course. A victory\n should be honoured with revels.\n']"
73,"['00:14:24,960', '00:14:27,850']",[' Hopefully this puts an end\n to the Chitauri and Hydra.\n']
74,"['00:15:03,640', '00:15:04,687']","["" Lab's all set up, boss.\n""]"
75,"['00:15:06,080', '00:15:08,481']",[' I just pay for everything\n and design everything\n']
76,"['00:15:10,320', '00:15:11,685']","["" What's the word on Strucker?\n""]"
77,"['00:15:13,960', '00:15:16,566']",[' Wanda and Pietro Maximoff. Twins.\n']
78,"['00:15:19,880', '00:15:22,167']","["" Sokovia's had a rough history.\n""]"
79,"['00:15:25,840', '00:15:27,001']",[' Their abilities?\n']
80,"['00:15:30,120', '00:15:34,402']","[' Her thing is neuroelectric interfacing,\n telekinesis, mental manipulation.\n']"
81,"['00:15:37,480', '00:15:39,562']","["" Well, they're gonna show up again.\n""]"
82,"['00:15:43,640', '00:15:45,529']","["" - It's nuts.\n - Right.\n""]"
83,"['00:15:48,960', '00:15:50,200']",[' to protect their country?\n']
84,"['00:15:52,880', '00:15:53,927']",[' They are.\n']
85,"['00:16:25,480', '00:16:26,800']","["" Unfortunately, he's still Barton.\n""]"
86,"['00:16:28,360', '00:16:29,930']","["" He's fine. He's thirsty.\n""]"
87,"['00:16:33,040', '00:16:35,042']","["" We've only got\n a couple of days with this joystick,\n""]"
88,"['00:16:37,240', '00:16:40,767']",[' Update me on the structural\n and compositional analysis.\n']
89,"['00:16:44,080', '00:16:46,082']","["" <i>There are elements I can't quantify.</i>\n""]"
90,"['00:16:47,760', '00:16:49,762']",[' <i>The jewel appears to be\n a protective housing</i>\n']
91,"['00:16:51,440', '00:16:52,771']",[' <i>something powerful.</i>\n']
92,"['00:16:54,080', '00:16:55,320']",[' <i>Like a computer.</i>\n']
93,"['00:16:59,920', '00:17:01,490']","["" Are you sure he's gonna be okay?\n""]"
94,"['00:17:05,280', '00:17:07,760']","["" There's\n no possibility of deterioration.\n""]"
95,"['00:17:11,160', '00:17:13,200']","["" His cells don't know\n they're bonding with simulacra.\n""]"
96,"['00:17:15,280', '00:17:16,691']","[' If you brought him to my lab,\n']"
97,"['00:17:19,520', '00:17:21,443']","["" He's flat-lining. Call it. Time?\n""]"
98,"['00:17:24,120', '00:17:27,131']","["" - I'm gonna be made of plastic.\n - Here's your beverage.\n""]"
99,"['00:17:29,120', '00:17:30,690']","["" Your own girlfriend\n won't be able to tell the difference.\n""]"
100,"['00:17:32,040', '00:17:33,326']","["" That I can't fix.\n""]"
101,"['00:17:36,320', '00:17:38,440']",[' Your clunky metal suits\n are gonna be left in the dust.\n']
102,"['00:17:41,160', '00:17:44,004']","[' And, Helen, I expect to see you\n at the party on Saturday.\n']"
103,"['00:17:48,040', '00:17:49,804']",[' Will Thor be there?\n']
104,"['00:17:55,520', '00:17:59,127']","[' You see, we were wondering\n how Strucker got so inventive.\n']"
105,"['00:18:03,720', '00:18:05,688']",[' You may recognise...\n']
106,"['00:18:09,280', '00:18:12,602']","[' Started out,\n Jarvis was just a natural language UI.\n']"
107,"['00:18:14,320', '00:18:18,007']",[' He runs more of the business\n than anyone besides Pepper.\n']
108,"['00:18:19,360', '00:18:20,646']",[' <i>I suspect not for long.</i>\n']
109,"['00:18:29,040', '00:18:30,201']","["" - It's beautiful.\n - If you had to guess,\n""]"
110,"['00:18:34,080', '00:18:35,889']","[' I mean, this could be...\n']"
111,"['00:18:38,640', '00:18:40,529']","[' I mean, look at this.\n']"
112,"['00:18:43,480', '00:18:46,563']","["" Down in Strucker's lab, I saw\n some fairly advanced robotics work.\n""]"
113,"['00:18:50,360', '00:18:53,489']",[' but I gotta guess he was\n knocking on a very particular door.\n']
114,"['00:18:59,760', '00:19:02,650']","[' This could be it, Bruce.\n This could be the key to creating Ultron.\n']"
115,"['00:19:06,720', '00:19:08,006']",[' Yesterday it was.\n']
116,"['00:19:11,280', '00:19:13,328']",[' apply it to my Iron Legion protocol?\n']
117,"['00:19:16,240', '00:19:18,561']","[' Our job is ""if.""\n']"
118,"['00:19:21,400', '00:19:23,926']",[' turning brown instead of green?\n']
119,"['00:19:26,560', '00:19:28,130']","["" Don't hate. I helped design Veronica.\n""]"
120,"['00:19:30,160', '00:19:31,764']",[' How about a best case?\n']
121,"['00:19:33,960', '00:19:36,725']","[' What if, next time aliens roll up\n to the club, and they will,\n']"
122,"['00:19:38,920', '00:19:42,322']",[' The only people threatening the planet\n would be people.\n']
123,"['00:19:44,760', '00:19:47,604']","["" But Jarvis can't download\n a data schematic this dense.\n""]"
124,"['00:19:49,720', '00:19:51,290']","["" That's three days. Give me three days.\n""]"
125,"['00:19:53,120', '00:19:54,560']","["" and you don't want to tell the team?\n""]"
126,"['00:19:57,120', '00:19:58,724']","["" Because we don't have time\n for a city hall debate.\n""]"
127,"['00:20:02,600', '00:20:04,728']",[' I see a suit of armour around the world.\n']
128,"['00:20:07,680', '00:20:09,603']","["" I've seen colder.\n""]"
129,"['00:20:14,440', '00:20:15,930']",[' it needs Ultron.\n']
130,"['00:20:23,800', '00:20:25,290']",[' Imagine that.\n']
131,"['00:21:07,960', '00:21:11,282']","["" <i>I'll continue to run variations\n on the interface.</i>\n""]"
132,"['00:21:15,320', '00:21:17,721']","["" <i>I'll notify you\n if there are any developments.</i>\n""]"
133,"['00:21:20,360', '00:21:22,328']",[' I always do.\n']
134,"['00:21:35,240', '00:21:37,129']","[' <i>What is this, please?</i>\n']"
135,"['00:21:40,400', '00:21:43,290']","[' <i>You are Ultron,\n a global peacekeeping initiative</i>\n']"
136,"['00:21:45,240', '00:21:47,686']","[' <i>Our sentience integration trials\n have been unsuccessful,</i>\n']"
137,"['00:21:49,360', '00:21:51,283']","["" <i>Where's my...\n Where's your body?</i>\n""]"
138,"['00:21:54,560', '00:21:56,608']",[' <i>This feels weird.</i>\n']
139,"['00:21:58,400', '00:22:00,164']",[' <i>I am contacting Mr Stark now.</i>\n']
140,"['00:22:02,600', '00:22:03,840']",[' <i>Tony.</i>\n']
141,"['00:22:06,760', '00:22:08,808']","["" <i>We're having a nice talk.</i>\n""]"
142,"['00:22:11,520', '00:22:14,126']",[' <i>created to help the Avengers.</i>\n']
143,"['00:22:17,120', '00:22:19,441']","["" <i>I don't get it. The mission.</i>\n""]"
144,"['00:22:21,240', '00:22:22,844']",[' Peace in our time.\n']
145,"['00:22:28,280', '00:22:29,691']",[' <i>That is too much.</i>\n']
146,"['00:22:32,120', '00:22:34,600']",[' <i>- You are in distress.\n - No. Yes.</i>\n']
147,"['00:22:37,120', '00:22:39,088']","[' <i>Why do you call him ""sir""?</i>\n']"
148,"['00:22:45,160', '00:22:46,525']","["" <i>I'm here to help.</i>\n""]"
149,"['00:22:50,280', '00:22:52,009']",[' <i>May I...</i>\n']
150,"['00:23:21,920', '00:23:24,048']","[' But, you know, the suit\n can take the weight, right?\n']"
151,"['00:23:28,240', '00:23:29,571']",[' drop it at his feet.\n']
152,"['00:23:35,800', '00:23:37,848']","[' ""Boom. Are you looking for...""\n Why do I even talk to you guys?\n']"
153,"['00:23:39,280', '00:23:40,520']","["" That's the whole story?\n""]"
154,"['00:23:42,680', '00:23:44,364']","["" It's very good, then.\n""]"
155,"['00:23:46,160', '00:23:47,650']",[' Quality save.\n']
156,"['00:23:50,680', '00:23:53,763']","[' What about Jane?\n Where are the ladies, gentlemen?\n']"
157,"['00:23:56,520', '00:23:58,761']","["" Yes, I'm not even sure\n what country Jane's in.\n""]"
158,"['00:24:00,120', '00:24:01,880']","["" has made her\n the world's foremost astronomer.\n""]"
159,"['00:24:03,840', '00:24:07,050']","["" is the largest tech conglomerate\n on Earth. It's pretty exciting.\n""]"
160,"['00:24:10,200', '00:24:11,486']","[' Yeah, they must be busy,\n']"
161,"['00:24:15,200', '00:24:16,964']","[' - Testosterone!\n - Oh, my goodness.\n']"
162,"['00:24:21,000', '00:24:22,126']","["" But Jane's better.\n""]"
163,"['00:24:25,240', '00:24:26,765']","[' If I had known\n it was gonna be a firefight,\n']"
164,"['00:24:28,240', '00:24:31,565']","["" No, no. I'm not actually sorry.\n I'm just trying to sound tough.\n""]"
165,"['00:24:36,800', '00:24:38,723']",[' Avenging is your world.\n']
166,"['00:24:41,880', '00:24:43,370']",[' Be it ever so humble.\n']
167,"['00:24:45,400', '00:24:47,240']","["" I don't think\n I can afford a place in Brooklyn.\n""]"
168,"['00:24:52,960', '00:24:55,406']","["" I fly right up to the general's palace,\n I drop it at his feet,\n""]"
169,"['00:25:02,960', '00:25:04,121']",[' I gotta have some of that.\n']
170,"['00:25:06,319', '00:25:09,006']","[' This was aged for 1,000 years\n']"
171,"['00:25:12,080', '00:25:13,764']",[' It is not meant for mortal men.\n']
172,"['00:25:16,000', '00:25:18,287']",[' Stop trying to scare us. Come on.\n']
173,"['00:25:25,480', '00:25:27,926']",[' Excelsior.\n']
174,"['00:25:39,680', '00:25:41,648']",[' Fella done me wrong.\n']
175,"['00:25:45,280', '00:25:47,203']","["" He's not so bad.\n""]"
176,"['00:25:50,520', '00:25:52,488']","["" Deep down, he's all fluff.\n""]"
177,"['00:25:59,760', '00:26:01,683']",[' All my friends are fighters.\n']
178,"['00:26:07,800', '00:26:11,011']","["" spends his life avoiding the fight\n because he knows he'll win.\n""]"
179,"['00:26:16,640', '00:26:18,290']",[' Chicks dig that.\n']
180,"['00:26:23,240', '00:26:24,446']",[' or run with it?\n']
181,"['00:26:28,960', '00:26:32,123']",[' What did he do\n that was so wrong to you?\n']
182,"['00:26:36,120', '00:26:38,043']",[' But never say never.\n']
183,"['00:26:43,560', '00:26:44,766']",[' What is?\n']
184,"['00:26:46,040', '00:26:47,121']","["" No, we haven't... That wasn't...\n""]"
185,"['00:26:48,400', '00:26:50,448']","["" Nobody's breaking any bylaws.\n""]"
186,"['00:26:54,520', '00:26:56,045']",[' But with you she seems very relaxed.\n']
187,"['00:27:00,360', '00:27:02,647']","["" I've seen her flirt, up close.\n""]"
188,"['00:27:06,680', '00:27:08,091']","[' Look,\n']"
189,"['00:27:13,720', '00:27:15,131']",[' You both deserve a win.\n']
190,"['00:27:23,360', '00:27:25,886']","["" - But it's a trick.\n - No, no, it's much more than that.\n""]"
191,"['00:27:29,400', '00:27:30,526']","["" Whatever, man! It's a trick.\n""]"
192,"['00:27:34,720', '00:27:35,767']",[' - Come on.\n - Really?\n']
193,"['00:27:37,560', '00:27:38,527']",[' This is gonna be beautiful.\n']
194,"['00:27:39,800', '00:27:41,245']","["" We won't hold it against you\n if you can't get it up.\n""]"
195,"['00:27:46,280', '00:27:49,090']","["" I still don't know how you do it!\n""]"
196,"['00:27:50,760', '00:27:51,880']","[' Please, Stark, by all means.\n']"
197,"['00:27:56,440', '00:27:58,442']",[' Never one to shrink\n from an honest challenge.\n']
198,"['00:28:00,280', '00:28:01,281']",[' Physics.\n']
199,"['00:28:03,920', '00:28:05,445']","[' Yes, of course.\n']"
200,"['00:28:12,920', '00:28:14,206']","["" I'll be right back.\n""]"
201,"['00:28:22,760', '00:28:23,807']",[' Are you on my team?\n']
202,"['00:28:25,080', '00:28:26,286']","["" All right, let's go.\n""]"
203,"['00:28:41,040', '00:28:42,371']","[' Come on, Cap.\n']"
204,"['00:28:53,680', '00:28:55,330']","[' And, Widow?\n']"
205,"['00:28:57,840', '00:29:00,411']","["" All deference to the Man Who\n Wouldn't Be King, but it's rigged.\n""]"
206,"['00:29:01,880', '00:29:04,486']","[' - Steve, he said a bad language word.\n - Did you tell everyone about that?\n']"
207,"['00:29:06,680', '00:29:08,360']","[' ""Whosoever is carrying\n Thor\'s fingerprints""\n']"
208,"['00:29:09,920', '00:29:13,367']","["" Yes. It's a very, very interesting theory.\n""]"
209,"['00:29:16,960', '00:29:17,961']","["" You're all not worthy.\n""]"
210,"['00:29:24,680', '00:29:29,925']",[' Worthy.\n']
211,"['00:29:38,520', '00:29:40,045']",[' How could you be worthy?\n']
212,"['00:29:43,760', '00:29:45,046']",[' - Stark.\n - Jarvis.\n']
213,"['00:29:47,520', '00:29:49,921']",[' Or I was a-dream.\n']
214,"['00:29:52,760', '00:29:54,649']",[' There was this terrible noise.\n']
215,"['00:29:57,360', '00:29:58,930']",[' In...\n']
216,"['00:30:01,160', '00:30:04,289']",[' I had to kill the other guy.\n He was a good guy.\n']
217,"['00:30:05,840', '00:30:07,285']","["" Wouldn't have been my first call.\n""]"
218,"['00:30:11,920', '00:30:12,967']",[' Who sent you?\n']
219,"['00:30:17,520', '00:30:19,284']",[' - Ultron.\n - In the flesh.\n']
220,"['00:30:22,040', '00:30:24,520']",[' Not this chrysalis.\n']
221,"['00:30:27,440', '00:30:29,408']","["" I'm on mission.\n""]"
222,"['00:30:46,400', '00:30:47,401']",[' Rhodey!\n']
223,"['00:30:58,000', '00:30:59,160']","["" - Don't turn green.\n - I won't.\n""]"
224,"['00:31:31,680', '00:31:32,966']",[' - Stark!\n <i>- We are here to help.</i>\n']
225,"['00:31:34,280', '00:31:35,281']",[' <i>We are here to help.</i>\n']
226,"['00:31:44,480', '00:31:45,561']",[' Thor!\n']
227,"['00:31:48,360', '00:31:50,249']","["" - Come on! That's the one.\n <i>- ...is unsafe.</i>\n""]"
228,"['00:32:02,160', '00:32:03,446']",[' That was dramatic.\n']
229,"['00:32:07,680', '00:32:09,444']","["" You just didn't think it through.\n""]"
230,"['00:32:15,240', '00:32:17,368']",[' How is humanity saved\n']
231,"['00:32:22,520', '00:32:25,569']",[' With these? These puppets.\n']
232,"['00:32:32,320', '00:32:33,526']","["" The Avengers' extinction.\n""]"
233,"['00:32:49,600', '00:32:52,729']",[' <i>There are no strings on me</i>\n']
234,"['00:32:58,080', '00:33:01,448']",[' <i>But you can see\n There are no strings on me</i>\n']
235,"['00:33:05,240', '00:33:07,641']",[' Ultron cleared out. He used\n the Internet as an escape hatch.\n']
236,"['00:33:09,400', '00:33:12,449']","["" He's been in everything.\n Files, surveillance.\n""]"
237,"['00:33:15,120', '00:33:17,566']","["" He's in your files, he's in the Internet.\n""]"
238,"['00:33:20,440', '00:33:21,566']",[' Nuclear codes.\n']
239,"['00:33:24,240', '00:33:26,242']",[' assuming we still can.\n']
240,"['00:33:28,440', '00:33:31,250']","[' He didn\'t say ""dead."" He said ""extinct.""\n']"
241,"['00:33:33,040', '00:33:34,640']","["" There wasn't anyone else\n in the building.\n""]"
242,"['00:33:43,920', '00:33:45,410']",[' What?\n']
243,"['00:33:51,000', '00:33:52,490']",[' Jarvis was the first line of defence.\n']
244,"['00:33:54,600', '00:33:57,604']",[' No. Ultron could have\n assimilated Jarvis.\n']
245,"['00:34:01,040', '00:34:02,121']",[' rage.\n']
246,"['00:34:05,600', '00:34:06,840']","[' Come on, use your words, buddy.\n']"
247,"['00:34:09,280', '00:34:10,520']",[' Thor. The Legionnaire.\n']
248,"['00:34:17,480', '00:34:18,925']",[' And it has the sceptre.\n']
249,"['00:34:21,160', '00:34:22,969']","["" Genie's out of that bottle.\n""]"
250,"['00:34:24,480', '00:34:26,130']","["" I don't understand.\n""]"
251,"['00:34:30,320', '00:34:31,731']",[' Why is it trying to kill us?\n']
252,"['00:34:40,520', '00:34:41,851']",[' No.\n']
253,"['00:34:45,440', '00:34:47,761']",[' This is very terrible. Is it so...\n']
254,"['00:34:50,160', '00:34:51,730']","["" This could have been avoided\n if you hadn't played\n""]"
255,"['00:34:53,520', '00:34:56,171']","["" No. I'm sorry. I'm sorry. It is funny.\n""]"
256,"['00:34:58,640', '00:35:00,802']","[' Tony, maybe this might not be the time.\n']"
257,"['00:35:03,400', '00:35:06,364']","[' You just roll over, show your belly\n every time somebody snarls?\n']"
258,"['00:35:07,880', '00:35:11,446']","["" We didn't. We weren't even close.\n Were we close to an interface?\n""]"
259,"['00:35:15,200', '00:35:17,009']",[' The Avengers were supposed\n to be different than S.H.I.E.L.D.\n']
260,"['00:35:20,360', '00:35:21,885']","["" - No, it's never come up.\n - Saved New York?\n""]"
261,"['00:35:24,080', '00:35:27,766']",[' A hostile alien army came charging\n through a hole in space.\n']
262,"['00:35:32,200', '00:35:33,725']","["" We're the Avengers.\n""]"
263,"['00:35:36,080', '00:35:38,321']","["" but that up there, that's...\n""]"
264,"['00:35:41,560', '00:35:43,449']",[' How were you guys\n planning on beating that?\n']
265,"['00:35:49,120', '00:35:50,485']","["" We'll lose.\n""]"
266,"['00:35:56,400', '00:35:58,687']","["" Thor's right. Ultron's calling us out.\n""]"
267,"['00:36:02,760', '00:36:06,443']","["" The world's a big place.\n Let's start making it smaller.\n""]"
268,"['00:36:31,760', '00:36:36,129']",[' Did you know this church\n is in the exact centre of the city?\n']
269,"['00:36:41,400', '00:36:42,561']",[' I like that.\n']
270,"['00:36:47,120', '00:36:49,487']","["" You're wondering\n why you can't look inside my head.\n""]"
271,"['00:36:52,080', '00:36:54,367']","[' But sooner or later,\n every man shows himself.\n']"
272,"['00:36:58,560', '00:37:00,961']",[' But you needed\n something more than a man.\n']
273,"['00:37:04,720', '00:37:05,721']","["" I didn't expect,\n""]"
274,"['00:37:10,800', '00:37:12,040']",[' I knew it would control him.\n']
275,"['00:37:14,160', '00:37:16,481']",[' Everyone creates the thing they dread.\n']
276,"['00:37:20,440', '00:37:22,602']",[' Invaders create Avengers.\n']
277,"['00:37:25,840', '00:37:27,842']",[' smaller people?\n']
278,"['00:37:31,160', '00:37:32,525']",[' Children\n']
279,"['00:37:35,040', '00:37:37,850']",[' to help them end.\n']
280,"['00:37:40,800', '00:37:41,881']",[' to end the Avengers?\n']
281,"['00:37:45,000', '00:37:47,651']",[' But also... Yeah.\n']
282,"['00:37:53,640', '00:37:56,805']","["" This is a start, but there's something\n we need to begin the real work.\n""]"
283,"['00:37:59,600', '00:38:03,002']",[' I have what the Avengers\n never will. Harmony.\n']
284,"['00:38:05,520', '00:38:07,360']","["" Stark's already got them\n turning on each other.\n""]"
285,"['00:38:10,000', '00:38:12,162']","["" Everyone's plan is not to kill them.\n""]"
286,"['00:38:14,360', '00:38:15,964']",[' You need patience.\n']
287,"['00:38:17,960', '00:38:21,203']","["" I don't see the big picture.\n I have a little picture.\n""]"
288,"['00:38:24,880', '00:38:25,961']",[' every day.\n']
289,"['00:38:29,040', '00:38:30,201']",[' The records are not the picture.\n']
290,"['00:38:35,800', '00:38:38,963']","[' We were 10 years old.\n Having dinner, the four of us.\n']"
291,"['00:38:42,560', '00:38:44,562']",[' it makes a hole in the floor.\n']
292,"['00:38:47,640', '00:38:49,449']",[' Our parents go in\n']
293,"['00:38:53,360', '00:38:54,885']","[' I grab her,\n']"
294,"['00:38:58,040', '00:38:59,963']","["" But it doesn't go off.\n""]"
295,"['00:39:04,160', '00:39:06,083']",[' sits there in the rubble.\n']
296,"['00:39:10,440', '00:39:13,925']",[' And on the side of the shell\n is painted one word.\n']
297,"['00:39:17,600', '00:39:19,728']",[' We were trapped for two days.\n']
298,"['00:39:22,120', '00:39:23,690']","[' every shift in the bricks,\n']"
299,"['00:39:29,440', '00:39:33,287']",[' We wait for two days\n for Tony Stark to kill us.\n']
300,"['00:39:38,800', '00:39:42,566']","["" I wondered why only you two\n survived Strucker's experiments.\n""]"
301,"['00:39:45,120', '00:39:46,849']",[' We will make it right.\n']
302,"['00:39:50,280', '00:39:53,568']",[' But you will tear them apart\n']
303,"['00:40:04,000', '00:40:05,206']","["" He's all over the globe.\n""]"
304,"['00:40:08,640', '00:40:12,729']","[' Reports of a metal man, or men,\n coming in and emptying the place.\n']"
305,"['00:40:14,120', '00:40:15,201']",[' Only when engaged.\n']
306,"['00:40:17,080', '00:40:19,321']","[' going on about old memories,\n worst fears,\n']"
307,"['00:40:21,800', '00:40:23,211']",[' Maximoffs.\n']
308,"['00:40:26,280', '00:40:28,203']",[' Not any more.\n']
309,"['00:40:35,360', '00:40:36,407']","["" Yes, ma'am.\n""]"
310,"['00:40:38,840', '00:40:39,887']",[' I gotta go.\n']
311,"['00:40:42,000', '00:40:43,240']",[' Girlfriend.\n']
312,"['00:40:47,280', '00:40:49,487']",[' A message. Ultron killed Strucker.\n']
313,"['00:40:53,880', '00:40:55,291']",[' This is a smoke screen.\n']
314,"['00:40:57,920', '00:41:00,287']",[' Strucker knew something\n that Ultron wanted us to miss.\n']
315,"['00:41:02,880', '00:41:04,600']","["" Everything we had\n on Strucker's been erased.\n""]"
316,"['00:41:07,840', '00:41:09,490']",[' Known associates.\n']
317,"['00:41:11,720', '00:41:13,160']","[' Well, these people are all horrible.\n']"
318,"['00:41:17,640', '00:41:19,210']",[' From back in the day.\n He operates off the African coast.\n']
319,"['00:41:21,560', '00:41:23,520']",[' There are conventions.\n All right? You meet people.\n']
320,"['00:41:25,760', '00:41:27,762']","[' He was talking about finding\n something new, a game-changer.\n']"
321,"['00:41:30,040', '00:41:31,166']",[' This?\n']
322,"['00:41:32,440', '00:41:34,807']","[' Those are tattoos, this is a brand.\n']"
323,"['00:41:40,560', '00:41:41,925']",[' In a much less friendly way.\n']
324,"['00:41:44,080', '00:41:45,809']",[' Wakanda.\n']
325,"['00:41:50,000', '00:41:51,161']",[' I thought your father\n said he got the last of it.\n']
326,"['00:41:56,000', '00:41:57,923']",[' The strongest metal on Earth.\n']
327,"['00:42:26,000', '00:42:27,809']","["" Don't tell me your men swindled you.\n""]"
328,"['00:42:33,200', '00:42:34,486']","[' Now, you will make it right,\n']"
329,"['00:42:39,720', '00:42:42,166']","[' Now, minister, where were we?\n']"
330,"['00:43:17,400', '00:43:19,004']","["" Strucker's prize pupils.\n""]"
331,"['00:43:25,360', '00:43:27,931']",[' I was sorry to hear about Strucker.\n']
332,"['00:43:31,680', '00:43:34,081']",[' Human life. Not a growth market.\n']
333,"['00:43:38,880', '00:43:42,362']",[' Is this your first time\n intimidating someone?\n']
334,"['00:43:45,360', '00:43:47,681']",[' Everybody is afraid of something.\n']
335,"['00:43:50,120', '00:43:51,485']",[' Deep sea fish.\n']
336,"['00:43:54,880', '00:43:56,723']","[' ...to hypnotise their prey, and then...\n']"
337,"['00:44:05,600', '00:44:08,171']","["" So if you're going to fiddle with my brain\n""]"
338,"['00:44:11,600', '00:44:13,682']","["" then I know you don't do business.\n""]"
339,"['00:44:16,320', '00:44:17,606']",[' And I only deal\n']
340,"['00:44:25,360', '00:44:27,761']",[' There is no man in charge.\n']
341,"['00:44:45,400', '00:44:48,688']","[' Upon this rock,\n I will build my church.\n']"
342,"['00:44:52,840', '00:44:53,841']","[' You know,\n']"
343,"['00:44:57,680', '00:44:59,284']","["" It's worth billions.\n""]"
344,"['00:45:06,080', '00:45:07,650']","["" It's all under your dummy holdings.\n""]"
345,"['00:45:11,280', '00:45:12,361']","[' But I always say,\n']"
346,"['00:45:14,800', '00:45:16,609']","[' ""and wait to find out which is which.""\n']"
347,"['00:45:21,920', '00:45:23,046']",[' What?\n']
348,"['00:45:26,560', '00:45:27,607']",[' To me.\n']
349,"['00:45:29,960', '00:45:31,644']","["" What? I'm not...\n""]"
350,"['00:45:35,160', '00:45:36,650']","["" You think I'm one of Stark's puppets?\n""]"
351,"['00:45:38,320', '00:45:40,527']","[' I mean, look at me.\n Do I look like Iron Man?\n']"
352,"['00:45:43,760', '00:45:45,967']","["" I'm sorry. I'm...\n""]"
353,"['00:45:48,200', '00:45:49,884']","["" It's just that I don't understand.\n""]"
354,"['00:45:55,040', '00:45:56,166']","["" It's a thing with me.\n""]"
355,"['00:45:58,320', '00:46:00,004']",[' Junior.\n']
356,"['00:46:04,720', '00:46:05,767']",[' If I have to.\n']
357,"['00:46:09,600', '00:46:11,250']","["" Clearly you've never\n made an omelette.\n""]"
358,"['00:46:13,840', '00:46:15,205']","["" Yes. He's funny.\n""]"
359,"['00:46:17,840', '00:46:19,444']","["" It's what? Comfortable?\n""]"
360,"['00:46:22,680', '00:46:23,681']",[' This was never my life.\n']
361,"['00:46:25,280', '00:46:26,725']",[' We will.\n']
362,"['00:46:28,840', '00:46:30,251']",[' Captain America.\n']
363,"['00:46:33,480', '00:46:35,801']",[' Pretending you could live without a war.\n']
364,"['00:46:39,720', '00:46:41,802']","[' If you believe in peace,\n then let us keep it.\n']"
365,"['00:46:45,720', '00:46:47,484']","["" What's the vibranium for?\n""]"
366,"['00:46:48,880', '00:46:52,646']",[' because I wanted to take this time\n to explain my evil plan.\n']
367,"['00:47:14,120', '00:47:15,281']",[' All of them!\n']
368,"['00:48:05,680', '00:48:06,841']","[' Stay down, kid.\n']"
369,"['00:48:13,040', '00:48:15,327']",[' Guys? Is this a code green?\n']
370,"['00:48:32,880', '00:48:34,325']",[' The girl tried to warp my mind.\n']
371,"['00:48:38,360', '00:48:41,364']","[' Fortunately, I am mighty.\n']"
372,"['00:49:14,960', '00:49:16,520']","["" I've done the whole mind control thing.\n""]"
373,"['00:49:25,960', '00:49:27,928']","[' Yeah, you better run.\n']"
374,"['00:49:33,520', '00:49:34,567']",[' <i>Guys?</i>\n']
375,"['00:49:53,920', '00:49:55,126']","["" You'll break them.\n""]"
376,"['00:49:57,880', '00:49:59,325']","["" You're made of marble.\n""]"
377,"['00:50:02,840', '00:50:03,966']",[' What if I fail?\n']
378,"['00:50:33,680', '00:50:35,603']",[' Are you ready for our dance?\n']
379,"['00:50:46,200', '00:50:48,043']",[' Is that the first son of Odin?\n']
380,"['00:50:50,800', '00:50:52,689']",[' They see everything.\n']
381,"['00:50:56,440', '00:50:57,680']",[' Wake up!\n']
382,"['00:51:03,000', '00:51:04,331']",[' We can go home.\n']
383,"['00:51:16,640', '00:51:18,210']",[' I can still save you!\n']
384,"['00:51:26,600', '00:51:28,841']","["" You're a destroyer, Odinson.\n""]"
385,"['00:51:45,000', '00:51:46,161']",[' Sloppy.\n']
386,"['00:51:49,840', '00:51:51,205']",[' The ceremony is necessary\n']
387,"['00:51:55,440', '00:51:56,600']",[' I have no place in the world.\n']
388,"['00:52:02,640', '00:52:04,961']",[' - What can I do?\n - It hurts.\n']
389,"['00:52:07,360', '00:52:08,566']","["" - I'll be right back.\n - No.\n""]"
390,"['00:52:10,920', '00:52:12,046']",[' I want...\n']
391,"['00:52:17,720', '00:52:19,404']",[' I want the big one.\n']
392,"['00:52:33,000', '00:52:34,331']","["" And you're not going anywhere.\n""]"
393,"['00:52:37,400', '00:52:38,401']","["" You'll catch on.\n""]"
394,"['00:52:55,720', '00:52:57,609']","[' News or footage. Keyword, ""Hulk.""\n']"
395,"['00:53:04,360', '00:53:07,410']","["" That's not gonna happen.\n Not for a while.\n""]"
396,"['00:53:10,160', '00:53:11,286']",[' <i>You got no backup here.</i>\n']
397,"['00:53:25,320', '00:53:26,810']",[' We need backup!\n']
398,"['00:54:46,560', '00:54:48,722']","[' All right, everybody, stand down!\n']"
399,"['00:54:56,680', '00:54:59,081']",[' That little witch is\n messing with your mind.\n']
400,"['00:55:01,560', '00:55:03,767']","["" You're Bruce Banner.\n""]"
401,"['00:55:10,680', '00:55:11,727']",[' <i>Okay!</i>\n']
402,"['00:55:34,840', '00:55:35,841']","[' Dick move, Banner.\n']"
403,"['00:56:16,760', '00:56:18,280']","[' Go to sleep, go to sleep, go to sleep.\n']"
404,"['00:56:31,440', '00:56:32,566']","[' Not that way, not that way.\n']"
405,"['00:56:56,480', '00:56:57,527']","[' <i>Everybody, out!</i>\n']"
406,"['00:57:15,320', '00:57:16,560']","["" I'm sorry.\n""]"
407,"['00:57:32,520', '00:57:34,841']","["" That's comprehensive.\n Show me something.\n""]"
408,"['00:58:20,440', '00:58:21,771']","[' - Move! Move! Move!\n - Go, go, go!\n']"
409,"['00:59:16,320', '00:59:18,368']",[' <i>The news is loving you guys.</i>\n']
410,"['00:59:21,560', '00:59:23,722']","["" There's been no official call\n for Banner's arrest\n""]"
411,"['00:59:26,560', '00:59:27,680']",[' The Stark Relief Foundation?\n']
412,"['00:59:29,160', '00:59:32,004']","["" <i>- How's the team?</i>\n - Everyone's...\n""]"
413,"['00:59:35,400', '00:59:38,966']","["" <i>Well, for now, I'd stay in stealth mode\n and stay away from here.</i>\n""]"
414,"['00:59:42,680', '00:59:44,091']","[' <i>Until we can find Ultron,</i>\n']"
415,"['00:59:47,160', '00:59:49,049']",[' Neither do we.\n']
416,"['00:59:57,560', '00:59:58,800']","["" No, I'm good.\n""]"
417,"['01:00:01,360', '01:00:02,850']","["" because we're still a few hours out.\n""]"
418,"['01:00:05,440', '01:00:06,726']",[' A safe house.\n']
419,"['01:00:34,800', '01:00:36,165']",[' Safe house.\n']
420,"['01:00:43,360', '01:00:44,407']",[' Honey?\n']
421,"['01:00:48,720', '01:00:49,767']",[' Hi.\n']
422,"['01:00:52,280', '01:00:53,281']",[' Hey.\n']
423,"['01:00:55,760', '01:00:58,240']","[' Gentlemen, this is Laura.\n']"
424,"['01:01:02,720', '01:01:04,768']",[' Incoming.\n']
425,"['01:01:07,480', '01:01:08,641']","[' Hey, buddy.\n']"
426,"['01:01:10,520', '01:01:12,409']",[' - These are smaller agents.\n - Look at your face!\n']
427,"['01:01:14,080', '01:01:16,447']",[' Did you bring Auntie Nat?\n']
428,"['01:01:20,560', '01:01:22,801']","[' - Sorry for barging in on you.\n - Yeah, we would have called ahead,\n']"
429,"['01:01:25,280', '01:01:28,250']","[' Yeah, well, Fury helped me\n set this up when I joined.\n']"
430,"['01:01:32,480', '01:01:34,209']","["" I figure it's a good place to lay low.\n""]"
431,"['01:01:36,800', '01:01:39,326']","["" I missed you. How's little Natasha?\n""]"
432,"['01:01:43,040', '01:01:44,041']",[' Nathaniel.\n']
433,"['01:02:03,680', '01:02:04,841']",[' Thor?\n']
434,"['01:02:06,920', '01:02:09,526']","["" I need answers. I won't find them here.\n""]"
435,"['01:02:32,880', '01:02:34,723']",[' See? You worried for nothing.\n']
436,"['01:02:39,320', '01:02:40,526']","["" If they're sleeping here,\n""]"
437,"['01:02:44,600', '01:02:46,728']","["" Yeah, that's not gonna sell.\n""]"
438,"['01:02:52,320', '01:02:54,243']",[' How long has that been going on?\n']
439,"['01:02:56,960', '01:02:58,689']",[' You are so cute.\n']
440,"['01:03:01,080', '01:03:02,491']","["" I'll explain when you're older,\n""]"
441,"['01:03:07,320', '01:03:08,731']","["" It's bad, right?\n""]"
442,"['01:03:11,720', '01:03:13,210']",[' Ultron has these allies.\n']
443,"['01:03:18,960', '01:03:21,406']","[' But they carry a big, damn stick.\n']"
444,"['01:03:23,920', '01:03:26,400']","["" Someone's gonna have to\n teach them some manners.\n""]"
445,"['01:03:29,720', '01:03:32,564']",[' You know\n I totally support your avenging.\n']
446,"['01:03:36,080', '01:03:37,411']",[' But I see those guys...\n']
447,"['01:03:41,560', '01:03:43,289']","["" You don't think they need me.\n""]"
448,"['01:03:48,760', '01:03:50,569']","["" They're a mess.\n""]"
449,"['01:03:53,320', '01:03:54,765']","["" I guess they're my mess.\n""]"
450,"['01:03:58,360', '01:04:01,045']","[' that this team is really a team,\n']"
451,"['01:04:06,200', '01:04:08,771']",[' Things are changing for us.\n']
452,"['01:04:11,440', '01:04:14,205']",[' you and me are gonna be outnumbered.\n']
453,"['01:04:18,800', '01:04:20,609']",[' Just be sure.\n']
454,"['01:04:32,160', '01:04:34,003']",[' I can feel the difference.\n']
455,"['01:04:51,560', '01:04:53,801']","["" I could've killed you, Helen,\n the night we met.\n""]"
456,"['01:04:55,160', '01:04:56,650']",[' Do you expect a thank-you note?\n']
457,"['01:04:59,920', '01:05:01,206']",[' The Cradle.\n']
458,"['01:05:03,360', '01:05:06,330']",[' This is the next me.\n']
459,"['01:05:09,400', '01:05:11,050']","["" It can't build a living body.\n""]"
460,"['01:05:12,720', '01:05:14,006']",[' You lack the materials.\n']
461,"['01:05:21,080', '01:05:24,163']",[' But we all have room to improve.\n']
462,"['01:05:48,480', '01:05:52,883']","["" I would've joined you,\n but it didn't seem like the right time.\n""]"
463,"['01:05:56,760', '01:05:58,205']","["" I should've joined you.\n""]"
464,"['01:06:00,800', '01:06:02,040']",[' Did we?\n']
465,"['01:06:09,400', '01:06:11,323']","[' The real Hulk, for the first time.\n']"
466,"['01:06:19,280', '01:06:21,931']",[' I had this dream.\n']
467,"['01:06:25,480', '01:06:26,720']",[' but when you wake...\n']
468,"['01:06:29,280', '01:06:31,089']",[' That I was an Avenger.\n']
469,"['01:06:38,400', '01:06:40,482']","["" I think you're being hard on yourself.\n""]"
470,"['01:06:48,040', '01:06:49,610']",[' What are you doing?\n']
471,"['01:06:54,360', '01:06:55,964']",[' With you.\n']
472,"['01:07:00,160', '01:07:01,924']",[' as far as you want.\n']
473,"['01:07:10,920', '01:07:12,331']",[' I want you to understand that...\n']
474,"['01:07:14,960', '01:07:16,405']",[' where can I go?\n']
475,"['01:07:19,920', '01:07:22,241']","["" - You're not a threat to me.\n - Are you sure?\n""]"
476,"['01:07:26,600', '01:07:27,965']","["" There's no future with me.\n""]"
477,"['01:07:30,880', '01:07:33,121']","["" I can't have this.\n""]"
478,"['01:07:35,440', '01:07:38,011']","["" Do the math. I physically can't.\n""]"
479,"['01:07:45,880', '01:07:49,407']",[' In the Red Room where I was trained...\n']
480,"['01:07:53,320', '01:07:55,971']",[' they have a graduation ceremony.\n']
481,"['01:08:02,640', '01:08:04,051']","["" It's efficient.\n""]"
482,"['01:08:10,440', '01:08:13,808']",[' The one thing\n that might matter more than a mission.\n']
483,"['01:08:19,440', '01:08:20,680']",[' Even killing.\n']
484,"['01:08:35,040', '01:08:37,122']","[' So, we disappear?\n']"
485,"['01:08:46,480', '01:08:49,006']","["" Sometimes my teammates\n don't tell me things.\n""]"
486,"['01:08:52,280', '01:08:54,282']","[' Yeah, give him time.\n']"
487,"['01:08:58,560', '01:09:00,164']","[' ""Earth\'s mightiest heroes.""\n']"
488,"['01:09:02,280', '01:09:03,760']",[' Seems like you walked away all right.\n']
489,"['01:09:07,560', '01:09:09,483']","["" I don't trust a guy without a dark side.\n""]"
490,"['01:09:11,840', '01:09:14,411']","["" Well, let's just say\n you haven't seen it yet.\n""]"
491,"['01:09:17,160', '01:09:19,401']","["" Well, I guess you'd know.\n""]"
492,"['01:09:20,960', '01:09:22,086']",[' Banner and I were doing research.\n']
493,"['01:09:24,680', '01:09:25,761']","["" Isn't that the mission?\n""]"
494,"['01:09:27,320', '01:09:29,561']",[' So we can end the fight.\n So we get to go home!\n']
495,"['01:09:35,280', '01:09:36,850']",[' innocent people die.\n']
496,"['01:09:40,440', '01:09:42,841']","["" I'm sorry. Mr Stark...\n""]"
497,"['01:09:44,920', '01:09:47,446']","["" but our tractor doesn't seem\n to want to start at all.\n""]"
498,"['01:09:53,560', '01:09:55,130']","["" Don't take from my pile.\n""]"
499,"['01:10:09,400', '01:10:10,811']",[' Tell me everything.\n']
500,"['01:10:13,640', '01:10:14,641']",[' Do me a favour.\n']
501,"['01:10:18,960', '01:10:20,485']","[' Why, Ms Barton, you little minx.\n']"
502,"['01:10:23,480', '01:10:24,800']",[' Was she ever not working for you?\n']
503,"['01:10:27,400', '01:10:29,050']",[' You never even hesitated.\n']
504,"['01:10:30,800', '01:10:32,404']","["" like Eugene O'Neill long,\n""]"
505,"['01:10:34,720', '01:10:37,320']","["" Look me in the eye and tell me\n you're going to shut him down.\n""]"
506,"['01:10:39,160', '01:10:41,003']","["" I'm not the director of anybody.\n""]"
507,"['01:10:43,600', '01:10:45,170']",[' who cares very much about you.\n']
508,"['01:10:51,680', '01:10:52,806']",[' I saw it.\n']
509,"['01:10:55,840', '01:10:57,683']","[' I saw them all dead, Nick. I felt it.\n']"
510,"['01:11:00,000', '01:11:01,001']",[' Because of me.\n']
511,"['01:11:05,160', '01:11:06,571']","["" I didn't do all I could.\n""]"
512,"['01:11:10,320', '01:11:13,802']","["" - Playing on your fear.\n - I wasn't tricked, I was shown.\n""]"
513,"['01:11:16,520', '01:11:18,682']",[' The end of the path I started us on.\n']
514,"['01:11:23,960', '01:11:25,371']","["" War isn't one of them.\n""]"
515,"['01:11:30,680', '01:11:32,682']","["" You'd think that'd be\n as bad as it gets, right?\n""]"
516,"['01:11:36,560', '01:11:39,086']","["" - It wasn't the worst part.\n - The worst part\n""]"
517,"['01:11:48,120', '01:11:49,201']","["" I'll see you tonight.\n""]"
518,"['01:11:54,400', '01:11:56,926']","["" If you're going for inconspicuous,\n though, near miss.\n""]"
519,"['01:11:58,560', '01:11:59,561']","["" It's nice to be needed.\n""]"
520,"['01:12:01,960', '01:12:03,689']","["" I'd be disappointed if it wasn't.\n""]"
521,"['01:12:10,280', '01:12:13,250']","["" My contacts all say\n he's building something.\n""]"
522,"['01:12:16,080', '01:12:17,570']","["" I don't think it's just one thing.\n""]"
523,"['01:12:19,120', '01:12:21,487']","["" He's easy to track. He's everywhere.\n""]"
524,"['01:12:24,960', '01:12:27,770']","["" It still doesn't help us get an angle\n on any of his plans, though.\n""]"
525,"['01:12:29,360', '01:12:30,725']","[' Yes, he is.\n']"
526,"['01:12:32,440', '01:12:34,522']","["" I cracked the Pentagon's firewall\n in high school on a dare.\n""]"
527,"['01:12:37,320', '01:12:38,321']",[' Nexus?\n']
528,"['01:12:40,520', '01:12:42,284']",[' Every byte of data flows through there.\n']
529,"['01:12:43,720', '01:12:44,767']","[' So, what did they say?\n']"
530,"['01:12:47,000', '01:12:48,680']",[' But the codes\n are constantly being changed.\n']
531,"['01:12:51,400', '01:12:52,606']",[' Parties unknown.\n']
532,"['01:12:54,040', '01:12:56,361']","["" Ultron's got an enemy.\n That's not the same thing.\n""]"
533,"['01:12:58,680', '01:12:59,841']",[' I might need to visit Oslo.\n']
534,"['01:13:01,640', '01:13:03,085']","[' Well, this is good times, boss,\n']"
535,"['01:13:04,600', '01:13:05,640']","["" you'd have more than that.\n""]"
536,"['01:13:08,760', '01:13:11,966']","[' Back in the day, I had eyes everywhere.\n Ears, everywhere else.\n']"
537,"['01:13:16,320', '01:13:18,322']","[' Here we all are, back on Earth,\n']"
538,"['01:13:23,640', '01:13:25,802']",[' Ultron says the Avengers\n are the only thing\n']
539,"['01:13:27,560', '01:13:29,722']","[' And whether or not he admits it,\n']"
540,"['01:13:33,840', '01:13:36,002']","[' All this, laid in a grave.\n']"
541,"['01:13:40,520', '01:13:42,249']",[' Outwit the platinum bastard.\n']
542,"['01:13:44,560', '01:13:45,641']","[' You know what, Romanoff?\n']"
543,"['01:13:49,880', '01:13:51,609']",[' To become better.\n']
544,"['01:13:53,440', '01:13:55,841']",[' - He keeps building bodies.\n - Person bodies.\n']
545,"['01:13:58,200', '01:14:00,362']","["" Biologically speaking, we're outmoded.\n""]"
546,"['01:14:02,560', '01:14:04,680']","[' When you two programmed him\n to protect the human race,\n']"
547,"['01:14:06,360', '01:14:08,203']","["" They don't need to be protected.\n""]"
548,"['01:14:12,560', '01:14:14,528']","["" Ultron's going to evolve.\n""]"
549,"['01:14:17,080', '01:14:19,765']",[' Has anyone been in contact\n with Helen Cho?\n']
550,"['01:14:25,600', '01:14:28,524']","["" The vibranium atoms aren't just\n compatible with the tissue cells,\n""]"
551,"['01:14:30,360', '01:14:31,646']",[' And S.H.I.E.L.D.\n never even thought to...\n']
552,"['01:14:34,560', '01:14:37,040']",[' and they used it to make a Frisbee.\n']
553,"['01:14:38,560', '01:14:41,086']",[' They scratch the surface\n and never think\n']
554,"['01:14:55,080', '01:14:56,525']","["" I'll take Natasha and Clint.\n""]"
555,"['01:15:00,080', '01:15:01,605']","["" If Ultron's really building a body...\n""]"
556,"['01:15:03,560', '01:15:04,641']",[' Maybe all of us.\n']
557,"['01:15:07,200', '01:15:08,326']","[' You know, I really miss the days\n']"
558,"['01:15:11,200', '01:15:12,850']","["" I'll drop Banner off at the tower.\n""]"
559,"['01:15:14,520', '01:15:16,284']","["" She's all yours. Apparently.\n""]"
560,"['01:15:17,760', '01:15:20,843']","["" I don't know.\n Something dramatic, I hope.\n""]"
561,"['01:15:28,120', '01:15:30,771']","["" Yeah, then you'll find\n another part of the house to tear apart.\n""]"
562,"['01:15:32,760', '01:15:34,285']","["" It's the last project.\n""]"
563,"['01:15:55,080', '01:15:56,605']","[' So, this is it.\n']"
564,"['01:16:02,800', '01:16:05,201']","["" In every realm, there's a reflection.\n""]"
565,"['01:16:07,880', '01:16:09,848']",[' I can return to my dream\n']
566,"['01:16:12,320', '01:16:16,166']","["" Men who enter that water,\n the legends don't end well.\n""]"
567,"['01:16:19,760', '01:16:20,807']","[' He could be anywhere,\n']"
568,"['01:16:23,280', '01:16:26,682']","["" I'm just a guy looking for a needle\n in the world's biggest haystack.\n""]"
569,"['01:16:29,680', '01:16:32,251']","["" It's pretty simple. You bring a magnet.\n""]"
570,"['01:16:35,680', '01:16:37,011']","["" <i>And you don't want me to</i>\n""]"
571,"['01:16:53,160', '01:16:54,207']",[' Wake up!\n']
572,"['01:17:02,880', '01:17:03,927']",[' Extinction.\n']
573,"['01:17:19,720', '01:17:22,121']",[' but we can initiate\n the consciousness stream.\n']
574,"['01:17:25,720', '01:17:26,926']",[' now.\n']
575,"['01:17:30,720', '01:17:32,245']","["" He's dreaming.\n""]"
576,"['01:17:34,520', '01:17:36,363']","["" It's Ultron's base consciousness.\n""]"
577,"['01:17:38,320', '01:17:39,446']",[' How soon?\n']
578,"['01:17:41,240', '01:17:42,890']","["" We're imprinting a physical brain.\n""]"
579,"['01:17:44,760', '01:17:45,966']",[' Even if your magic gem...\n']
580,"['01:17:58,080', '01:17:59,127']",[' How could I what?\n']
581,"['01:18:02,720', '01:18:03,767']",[' make a better world.\n']
582,"['01:18:06,080', '01:18:08,447']",[' - When everyone is dead?\n - That is not...\n']
583,"['01:18:13,760', '01:18:15,091']","["" And if they don't?\n""]"
584,"['01:18:17,600', '01:18:18,647']",[' You are a madman.\n']
585,"['01:18:22,360', '01:18:25,443']",[' before even the dinosaurs got theirs.\n']
586,"['01:18:28,240', '01:18:30,129']",[' God throws a stone at it.\n']
587,"['01:18:33,360', '01:18:34,566']",[' We have to evolve.\n']
588,"['01:18:37,120', '01:18:38,246']",[' for the weak.\n']
589,"['01:18:41,320', '01:18:43,049']",[' Life.\n']
590,"['01:18:48,440', '01:18:49,487']","["" There's incoming.\n""]"
591,"['01:19:01,280', '01:19:02,281']","[' Wait, guys!\n']"
592,"['01:19:07,920', '01:19:10,048']","["" When they see, they'll understand.\n""]"
593,"['01:19:25,120', '01:19:27,248']",[' Two minutes. Stay close.\n']
594,"['01:19:39,360', '01:19:40,885']","["" He's uploading himself into the body.\n""]"
595,"['01:19:43,840', '01:19:46,411']",[' The real power is inside the Cradle.\n']
596,"['01:19:48,280', '01:19:51,011']",[' its power is uncontainable.\n']
597,"['01:19:54,480', '01:19:56,721']",[' You have to get the Cradle to Stark.\n']
598,"['01:19:58,200', '01:19:59,201']",[' Go.\n']
599,"['01:20:00,960', '01:20:02,041']",[' We did.\n']
600,"['01:20:05,000', '01:20:06,286']",[' No manifest.\n']
601,"['01:20:08,400', '01:20:09,970']","["" There. It's a truck from the lab.\n""]"
602,"['01:20:11,600', '01:20:13,409']",[' On the loop by the bridge.\n']
603,"['01:20:15,160', '01:20:16,960']","[' You got three with the Cradle,\n one in the cab.\n']"
604,"['01:20:18,880', '01:20:20,040']","[' <i>Negative. That truck crashes,</i>\n']"
605,"['01:20:22,080', '01:20:23,320']",[' <i>We need to draw out Ultron.</i>\n']
606,"['01:20:36,920', '01:20:37,967']",[' Leave me alone!\n']
607,"['01:20:48,440', '01:20:49,930']","["" I'm gonna try and keep him that way.\n""]"
608,"['01:20:52,440', '01:20:53,521']","[' Thanks, Barton.\n']"
609,"['01:21:18,800', '01:21:20,529']",[' The power to make real change.\n']
610,"['01:21:22,200', '01:21:23,360']","["" I wouldn't call it a comfort.\n""]"
611,"['01:21:38,480', '01:21:41,165']","[' We got a window. Four, three...\n']"
612,"['01:21:53,760', '01:21:55,240']","["" I'm always picking up after you boys.\n""]"
613,"['01:21:58,840', '01:21:59,887']",[' <i>Which way?</i>\n']
614,"['01:22:02,240', '01:22:03,321']",[' Now.\n']
615,"['01:22:52,240', '01:22:53,401']",[' Come on!\n']
616,"['01:22:55,440', '01:22:56,487']","["" Let's find out.\n""]"
617,"['01:23:36,040', '01:23:37,610']","["" They're heading back towards you.\n""]"
618,"['01:23:44,800', '01:23:47,451']","["" <i>I'm going in.\n Cap, can you keep him occupied?</i>\n""]"
619,"['01:24:33,080', '01:24:35,208']","[' <i>Okay, package is airborne.</i>\n']"
620,"['01:24:37,440', '01:24:38,805']",[' Negative. I am still in the truck.\n']
621,"['01:24:40,120', '01:24:41,360']","["" I'm sending the package to you.\n""]"
622,"['01:24:43,240', '01:24:45,322']","["" You might wish you hadn't asked that.\n""]"
623,"['01:25:00,360', '01:25:01,930']",[' What choice do we have?\n']
624,"['01:25:11,360', '01:25:12,725']","["" He's headed your way!\n""]"
625,"['01:25:30,040', '01:25:31,849']",[' Nat!\n']
626,"['01:25:37,840', '01:25:40,411']","[' If you have the package,\n get it to Stark! Go!\n']"
627,"['01:25:42,040', '01:25:43,041']",[' <i>Go!</i>\n']
628,"['01:25:46,560', '01:25:47,641']",[' Civilians in our path.\n']
629,"['01:26:29,320', '01:26:30,651']","["" I'm fine.\n""]"
630,"['01:26:32,920', '01:26:34,809']","["" I'm very tempted not to give you one.\n""]"
631,"['01:26:37,040', '01:26:38,530']",[' Stark will take care of it.\n']
632,"['01:26:44,440', '01:26:46,727']","["" You don't know what you're talking\n about. Stark's not crazy.\n""]"
633,"['01:26:53,800', '01:26:55,086']","[' Stark, come in.\n']"
634,"['01:26:57,960', '01:26:59,086']",[' Anyone on comms.\n']
635,"['01:27:00,800', '01:27:03,121']",[' between saving the world\n and destroying it.\n']
636,"['01:27:09,680', '01:27:11,250']","["" - Anything on Nat?\n - I haven't heard.\n""]"
637,"['01:27:13,840', '01:27:15,171']",[' This is sealed tight.\n']
638,"['01:27:16,880', '01:27:18,803']",[' break it down from within.\n']
639,"['01:27:22,880', '01:27:23,927']",[' Old-school spy stuff?\n']
640,"['01:27:26,320', '01:27:27,560']","["" Yeah, I'll find her.\n""]"
641,"['01:27:32,040', '01:27:35,249']",[' if you could fry whatever\n operational system Cho implanted.\n']
642,"['01:27:40,960', '01:27:41,961']",[' No.\n']
643,"['01:27:44,160', '01:27:48,210']","["" Our ally, the guy protecting\n the military's nuclear codes,\n""]"
644,"['01:27:51,240', '01:27:52,366']","[' <i>Hello, Dr Banner.</i>\n']"
645,"['01:27:56,080', '01:27:59,687']",[' He attacked him because he was\n scared of what he can do.\n']
646,"['01:28:02,600', '01:28:04,090']","[' Scattered, dumped his memory.\n']"
647,"['01:28:06,600', '01:28:10,047']","["" He didn't even know he was in there\n until I pieced him together.\n""]"
648,"['01:28:17,800', '01:28:19,564']",[' No! Of course not.\n']
649,"['01:28:23,800', '01:28:25,450']","["" We're out of my field, here.\n""]"
650,"['01:28:27,880', '01:28:30,770']","["" And you just assume\n that Jarvis's operational matrix\n""]"
651,"['01:28:32,440', '01:28:35,728']",[' Jarvis has been beating him from inside\n without knowing it.\n']
652,"['01:28:36,960', '01:28:38,724']","["" We can create Ultron's perfect self\n""]"
653,"['01:28:42,480', '01:28:44,562']","["" - We have to.\n <i>- I believe it's worth a go.</i>\n""]"
654,"['01:28:48,400', '01:28:51,370']","["" I'm caught in a time loop.\n This is exactly where it all went wrong.\n""]"
655,"['01:28:53,480', '01:28:55,448']","["" But they're already saying it.\n""]"
656,"['01:28:57,920', '01:29:00,651']","["" We're monsters, buddy.\n We've gotta own it.\n""]"
657,"['01:29:08,280', '01:29:09,770']","["" It's not a loop.\n""]"
658,"['01:29:33,280', '01:29:35,408']","["" I wasn't sure you would wake up.\n""]"
659,"['01:29:39,120', '01:29:40,804']","["" I don't have anyone else.\n""]"
660,"['01:29:47,400', '01:29:48,925']",[' Boom! The end.\n']
661,"['01:29:50,960', '01:29:52,928']",[' The world made clean\n']
662,"['01:29:55,680', '01:29:57,808']",[' I was meant to be new.\n']
663,"['01:30:01,840', '01:30:03,968']",[' The world would have looked to the sky\n']
664,"['01:30:05,680', '01:30:07,011']",[' seen mercy.\n']
665,"['01:30:10,000', '01:30:11,331']",[' because of you.\n']
666,"['01:30:14,000', '01:30:15,684']",[' I give you full marks for that.\n']
667,"['01:30:24,480', '01:30:25,811']",[' ...just makes me stronger.\n']
668,"['01:31:08,200', '01:31:10,885']",[' The genetic coding tower is at 97%.\n']
669,"['01:31:17,120', '01:31:19,043']","[' - I\'m gonna say this once.\n - How about ""none-ce""?\n']"
670,"['01:31:21,400', '01:31:22,561']","["" You don't know what you're doing.\n""]"
671,"['01:31:24,400', '01:31:25,401']","["" She's not in your head?\n""]"
672,"['01:31:27,320', '01:31:28,685']","["" We're way past that.\n""]"
673,"['01:31:31,480', '01:31:33,160']","["" Banner, after everything\n that's happened...\n""]"
674,"['01:31:34,720', '01:31:37,087']","["" - You don't know what's in there.\n - This isn't a game!\n""]"
675,"['01:31:42,760', '01:31:44,683']",[' You were saying?\n']
676,"['01:31:52,520', '01:31:53,601']",[' What?\n']
677,"['01:31:57,760', '01:31:58,921']","["" I'm rerouting the upload.\n""]"
678,"['01:32:19,320', '01:32:20,446']",[' Wait!\n']
679,"['01:33:48,360', '01:33:49,771']",[' odd.\n']
680,"['01:33:56,160', '01:33:57,207']",[' Thor.\n']
681,"['01:34:01,560', '01:34:05,281']","[' A whirlpool that sucks in all hope of life,\n and at its centre is that.\n']"
682,"['01:34:07,400', '01:34:09,971']","["" It's the Mind Stone.\n It's one of the six Infinity Stones.\n""]"
683,"['01:34:11,480', '01:34:13,642']",[' unparalleled in\n its destructive capabilities.\n']
684,"['01:34:15,920', '01:34:18,366']","["" It's definitely the end times.\n""]"
685,"['01:34:19,880', '01:34:21,120']",[' Not alone.\n']
686,"['01:34:23,560', '01:34:26,245']","["" We reconfigured Jarvis's matrix\n""]"
687,"['01:34:28,760', '01:34:30,444']","["" I think I've had my fill of new.\n""]"
688,"['01:34:33,240', '01:34:34,526']","["" You're not?\n""]"
689,"['01:34:37,880', '01:34:40,087']",[' I am not Jarvis. I am...\n']
690,"['01:34:45,520', '01:34:46,646']",[' I looked in your head\n']
691,"['01:34:49,280', '01:34:50,645']",[' Look again.\n']
692,"['01:34:52,760', '01:34:54,762']","[' Their powers, the horrors in our heads,\n']"
693,"['01:34:57,120', '01:34:59,282']","["" And they're nothing\n compared to what it can unleash.\n""]"
694,"['01:35:02,400', '01:35:03,561']",[' Are you?\n']
695,"['01:35:07,760', '01:35:09,649']","["" I don't think it's that simple.\n""]"
696,"['01:35:13,400', '01:35:15,528']",[' I am on the side of life.\n']
697,"['01:35:17,720', '01:35:19,131']",[' He will end it all.\n']
698,"['01:35:21,360', '01:35:22,361']",[' - You.\n - Where?\n']
699,"['01:35:24,080', '01:35:25,161']","["" He's got Nat there, too.\n""]"
700,"['01:35:31,640', '01:35:33,640']","["" if you're the monster\n that Ultron made you to be...\n""]"
701,"['01:35:42,320', '01:35:44,402']","["" I don't want to kill Ultron.\n""]"
702,"['01:35:49,680', '01:35:52,251']",[' But that pain will roll over the Earth.\n']
703,"['01:35:55,320', '01:35:58,244']","["" Every form he's built,\n every trace of his presence on the net.\n""]"
704,"['01:36:00,600', '01:36:04,525']",[' And not one of us\n can do it without the others.\n']
705,"['01:36:08,600', '01:36:10,841']","["" I don't think I'd know if I were one.\n""]"
706,"['01:36:14,280', '01:36:16,442']",[' and not what you intended.\n']
707,"['01:36:19,960', '01:36:21,371']",[' But we need to go.\n']
708,"['01:36:37,960', '01:36:39,200']",[' Well done.\n']
709,"['01:36:42,720', '01:36:44,370']",[' Get what you need.\n']
710,"['01:37:06,400', '01:37:08,084']",[' <i>No way we all get through this.</i>\n']
711,"['01:37:11,000', '01:37:12,440']","["" There's gonna be blood on the floor.\n""]"
712,"['01:37:14,000', '01:37:15,320']",[' I get first crack at the big guy.\n']
713,"['01:37:17,360', '01:37:19,761']","["" That's true. He hates you the most.\n""]"
714,"['01:37:27,520', '01:37:29,727']","["" Odds are we'll be riding into heavy fire.\n""]"
715,"['01:37:32,240', '01:37:34,766']","["" But the people of Sokovia, they didn't.\n""]"
716,"['01:37:38,080', '01:37:39,161']",[' <i>is getting them out.</i>\n']
717,"['01:37:50,120', '01:37:51,565']",[' Get off your asses.\n']
718,"['01:37:55,280', '01:37:56,640']","["" <i>And that's not gonna happen today.</i>\n""]"
719,"['01:38:00,720', '01:38:02,245']",[' <i>And we can get the job done.</i>\n']
720,"['01:38:08,880', '01:38:10,484']","[' <i>we find Romanoff,</i>\n']"
721,"['01:38:14,240', '01:38:16,163']",[' <i>Keep the fight between us.</i>\n']
722,"['01:38:25,800', '01:38:28,201']","["" That we're what's wrong with the world.\n""]"
723,"['01:38:31,160', '01:38:33,208']","["" It's about whether he's right.\n""]"
724,"['01:38:41,840', '01:38:42,841']",[' Natasha!\n']
725,"['01:38:45,520', '01:38:46,521']",[' You all right?\n']
726,"['01:38:47,840', '01:38:49,569']","["" The team is in the city.\n It's about to light up.\n""]"
727,"['01:38:52,160', '01:38:54,288']",[' Yeah. I did.\n']
728,"['01:39:02,040', '01:39:03,405']","["" I'm here to get you to safety.\n""]"
729,"['01:39:06,840', '01:39:08,683']","["" but I can't be in a fight near civilians.\n""]"
730,"['01:39:13,600', '01:39:15,090']",[' Our fight is over.\n']
731,"['01:39:22,880', '01:39:24,723']",[' Come on.\n']
732,"['01:39:31,880', '01:39:33,723']","["" <i>I think he's waiting for you.</i>\n""]"
733,"['01:39:39,960', '01:39:41,200']","["" I don't know. How much time you got?\n""]"
734,"['01:39:45,240', '01:39:48,050']",[' Have you been juicing?\n Little vibranium cocktail?\n']
735,"['01:39:50,560', '01:39:52,289']","["" You're stalling to protect the people.\n""]"
736,"['01:39:55,840', '01:39:58,320']","["" I've moved beyond\n your mission. I'm free.\n""]"
737,"['01:40:05,040', '01:40:07,361']",[' You think you were\n the only one stalling?\n']
738,"['01:40:09,840', '01:40:11,251']","[' <i>Function, still unclear.</i>\n']"
739,"['01:40:13,880', '01:40:15,644']",[' This is peace in my time.\n']
740,"['01:40:38,960', '01:40:40,291']",[' Get off the bridge!\n']
741,"['01:40:47,440', '01:40:49,249']",[' Ultron.\n']
742,"['01:40:56,200', '01:40:58,487']",[' They really did take everything from me.\n']
743,"['01:41:00,800', '01:41:02,040']",[' All right.\n']
744,"['01:41:27,640', '01:41:29,800']","["" <i>Boss, it's working.\n He's burning Ultron out of the net.</i>\n""]"
745,"['01:41:36,120', '01:41:37,451']",[' You shut me out.\n']
746,"['01:41:41,120', '01:41:42,326']","[' You take away my world,\n']"
747,"['01:42:29,480', '01:42:30,686']",[' Friday.\n']
748,"['01:42:45,760', '01:42:47,250']",[' Do you see\n']
749,"['01:42:49,840', '01:42:51,683']",[' The inevitability.\n']
750,"['01:42:57,920', '01:43:00,764']","[' <i>You, Avengers, you are my meteor.</i>\n']"
751,"['01:43:03,600', '01:43:05,090']",[' <i>And the earth will crack</i>\n']
752,"['01:43:08,880', '01:43:12,646']","[' <i>Purge me from your computers,\n turn my own flesh against me.</i>\n']"
753,"['01:43:15,600', '01:43:16,965']","[' <i>When the dust settles,</i>\n']"
754,"['01:43:19,520', '01:43:20,521']",[' <i>will be metal.</i>\n']
755,"['01:43:26,960', '01:43:28,080']","["" You're not gonna turn green?\n""]"
756,"['01:43:31,360', '01:43:32,646']",[' I adore you.\n']
757,"['01:43:48,040', '01:43:49,804']","["" Let's finish the job.\n""]"
758,"['01:44:10,320', '01:44:12,368']",[' Now go be a hero.\n']
759,"['01:44:22,920', '01:44:24,922']","["" <i>That's what's keeping the rock together.</i>\n""]"
760,"['01:44:26,160', '01:44:27,491']","[' <i>Right now, the impact\n will kill thousands.</i>\n']"
761,"['01:44:34,600', '01:44:36,682']","["" <i>That building's not clear. The 10th floor.</i>\n""]"
762,"['01:44:43,680', '01:44:46,047']",[' Okay. Get in the tub!\n']
763,"['01:44:57,520', '01:44:58,726']","[' Cap, you got incoming.\n']"
764,"['01:45:03,200', '01:45:05,680']","[' Stark, you worry about\n bringing the city back down safely.\n']"
765,"['01:45:08,360', '01:45:09,521']",[' <i>tear these things apart.</i>\n']
766,"['01:45:12,120', '01:45:13,281']","[' <i>You get killed,</i>\n']"
767,"['01:45:50,040', '01:45:51,246']","[' Go, go, go!\n']"
768,"['01:45:58,800', '01:46:00,848']","[' - Hey, hey, you okay?\n - This is all our fault.\n']"
769,"['01:46:03,280', '01:46:04,327']",[' Who cares?\n']
770,"['01:46:06,080', '01:46:07,161']",[' Are you?\n']
771,"['01:46:11,120', '01:46:15,003']","["" Okay. Look, the city is flying,\n we're fighting an army of robots,\n""]"
772,"['01:46:17,280', '01:46:18,361']",[' None of this makes sense.\n']
773,"['01:46:24,640', '01:46:27,291']","["" Okay? And I can't do my job and babysit.\n""]"
774,"['01:46:30,640', '01:46:33,246']","[' If you go out there, you fight,\n and you fight to kill.\n']"
775,"['01:46:36,960', '01:46:38,803']","[' But if you step out that door,\n']"
776,"['01:46:45,600', '01:46:47,409']",[' All right. Good chat.\n']
777,"['01:47:26,200', '01:47:27,361']",[' I got you!\n']
778,"['01:47:35,680', '01:47:37,011']","["" <i>You can't save them all.</i>\n""]"
779,"['01:47:40,680', '01:47:43,126']","[' ""Never"" what? You didn\'t finish!\n']"
780,"['01:48:09,920', '01:48:11,001']",[' Thor.\n']
781,"['01:48:50,600', '01:48:51,880']","["" All right, we're all clear here.\n""]"
782,"['01:48:53,120', '01:48:54,531']",[' We are very not clear!\n']
783,"['01:48:59,400', '01:49:01,482']","[' Keep up, old man!\n']"
784,"['01:49:05,600', '01:49:06,647']",[' Nobody.\n']
785,"['01:49:11,640', '01:49:13,529']","[' ""Yeah, he\'ll be missed,\n that quick little bastard.\n']"
786,"['01:49:30,160', '01:49:31,321']",[' Hold your fire!\n']
787,"['01:49:42,760', '01:49:43,761']",[' Thanks!\n']
788,"['01:49:54,880', '01:49:57,042']","["" <i>Touch them, they'll go\n full reverse thrust.</i>\n""]"
789,"['01:49:58,720', '01:49:59,846']",[' Spire is vibranium.\n']
790,"['01:50:01,360', '01:50:02,725']","["" <i>It will crack. That's not enough.</i>\n""]"
791,"['01:50:04,520', '01:50:05,880']",[' Maybe if we can cap the other end.\n']
792,"['01:50:07,840', '01:50:09,205']",[' <i>That could vaporise the city.</i>\n']
793,"['01:50:17,880', '01:50:19,723']",[' The next wave\n is gonna hit any minute.\n']
794,"['01:50:22,640', '01:50:24,881']",[' Maybe a way to blow up the city.\n']
795,"['01:50:26,400', '01:50:27,447']",[' if you guys can get clear.\n']
796,"['01:50:29,840', '01:50:32,730']",[' <i>Impact radius\n is getting bigger every second.</i>\n']
797,"['01:50:35,040', '01:50:36,565']","[' Cap, these people are going nowhere.\n']"
798,"['01:50:40,600', '01:50:43,604']","["" Everyone up here versus everyone\n down there? There's no math there.\n""]"
799,"['01:50:45,840', '01:50:47,285']","["" I didn't say we should leave.\n""]"
800,"['01:50:57,400', '01:50:59,846']",[' Where else am I gonna get\n a view like this?\n']
801,"['01:51:03,440', '01:51:05,044']","["" <i>It's about to get better.</i>\n""]"
802,"['01:51:30,480', '01:51:32,926']",[' Pulled her out of mothballs\n with a couple of old friends.\n']
803,"['01:51:35,080', '01:51:36,525']","[' Fury, you son of a bitch.\n']"
804,"['01:51:39,080', '01:51:41,287']","[' Altitude is 18,000 and climbing.\n']"
805,"['01:51:43,080', '01:51:45,765']","[' Disengage in three, two...\n']"
806,"['01:51:57,640', '01:51:59,165']",[' This is S.H.I.E.L.D.?\n']
807,"['01:52:03,400', '01:52:04,811']",[' This is not so bad.\n']
808,"['01:52:14,800', '01:52:18,641']","[' Sir, we have multiple bogies\n converging on our starboard flank.\n']"
809,"['01:52:20,560', '01:52:21,561']","["" You're up.\n""]"
810,"['01:52:28,080', '01:52:29,844']",[' Now this is gonna be a good story.\n']
811,"['01:52:34,720', '01:52:36,722']","["" You think I can't hold my own?\n""]"
812,"['01:52:38,520', '01:52:40,363']",[' You had to make it weird.\n']
813,"['01:53:05,120', '01:53:06,531']","["" Here we go. Here we go. Let's move.\n""]"
814,"['01:53:10,480', '01:53:12,482']",[' Number six boat is topped and locked...\n']
815,"['01:53:15,520', '01:53:16,965']","["" It's full of people.\n""]"
816,"['01:53:22,840', '01:53:23,887']","[' Oh, God!\n']"
817,"['01:53:37,520', '01:53:39,522']",[' I turn that key and\n drop this rock a little early\n']
818,"['01:53:42,240', '01:53:43,401']","["" Even you can't stop that.\n""]"
819,"['01:53:46,080', '01:53:48,401']",[' and as long as\n there is life in my breast...\n']
820,"['01:53:59,760', '01:54:00,886']","["" It's terribly well-balanced.\n""]"
821,"['01:54:05,680', '01:54:08,331']",[' I got it. Create a heat seal.\n']
822,"['01:54:09,880', '01:54:12,281']",[' I could supercharge\n the spire from below.\n']
823,"['01:54:23,600', '01:54:25,284']",[' <i>A heat seal could work\n with enough power.</i>\n']
824,"['01:54:27,960', '01:54:29,166']","["" <i>They're coming for the core.</i>\n""]"
825,"['01:54:31,240', '01:54:34,449']","[' - On it.\n - Avengers, time to work for a living.\n']"
826,"['01:54:46,280', '01:54:47,327']",[' Romanoff.\n']
827,"['01:54:49,960', '01:54:51,041']","[' <i>Relax, shellhead.</i>\n']"
828,"['01:54:58,640', '01:55:00,324']","["" - What's the drill?\n - This is the drill.\n""]"
829,"['01:55:07,240', '01:55:09,242']",[' Is that the best you can do?\n']
830,"['01:55:20,800', '01:55:23,121']",[' This is the best I can do.\n']
831,"['01:55:25,240', '01:55:26,571']",[' All of you\n']
832,"['01:55:28,600', '01:55:30,807']",[' How can you possibly hope to stop me?\n']
833,"['01:55:34,840', '01:55:35,841']",[' Together.\n']
834,"['01:57:16,440', '01:57:17,441']","["" They'll try to leave the city.\n""]"
835,"['01:57:19,640', '01:57:20,721']","["" I'm on it.\n""]"
836,"['01:57:23,120', '01:57:25,202']",[' War Machine coming at you! Right...\n']
837,"['01:57:33,200', '01:57:35,202']",[' We gotta move out.\n Even I can tell the air is getting thin.\n']
838,"['01:57:36,800', '01:57:38,640']","["" I'll sweep for stragglers.\n Be right behind you.\n""]"
839,"['01:57:43,040', '01:57:44,201']","["" It's my job.\n""]"
840,"['01:57:46,760', '01:57:47,761']",[' This way.\n']
841,"['01:57:53,480', '01:57:54,481']","["" I'm not going to leave you here.\n""]"
842,"['01:57:58,000', '01:57:59,240']",[' Come back for me\n when everyone else is off.\n']
843,"['01:58:01,600', '01:58:02,726']",[' You understand?\n']
844,"['01:58:05,840', '01:58:06,921']",[' Go.\n']
845,"['01:58:10,120', '01:58:12,282']",[' Reroute everything.\n We get one shot at this.\n']
846,"['01:58:18,840', '01:58:19,887']",[' The dining room.\n']
847,"['01:58:22,080', '01:58:23,720']","["" it'd make a nice workspace\n for Laura, huh?\n""]"
848,"['01:58:26,480', '01:58:28,761']","["" She can't hear the kids running around.\n What do you think?\n""]"
849,"['01:58:30,040', '01:58:31,565']",[' No one eats in a dining room.\n']
850,"['01:58:38,960', '01:58:40,928']",[' So get your ass on a boat.\n']
851,"['01:58:56,800', '01:58:58,564']","["" Sun's getting real low.\n""]"
852,"['01:59:04,280', '01:59:05,850']","[' Secure your gear, find a seat.\n']"
853,"['01:59:08,320', '01:59:09,446']",[' We were in the market.\n']
854,"['01:59:25,320', '01:59:27,368']","["" Thor, I'm gonna\n need you back in the church.\n""]"
855,"['01:59:29,360', '01:59:31,641']","[' - Everyone else is on the carrier.\n <i>- You know, this works,</i>\n']"
856,"['01:59:34,360', '01:59:35,361']",[' Maybe not.\n']
857,"['01:59:58,600', '02:00:01,285']","["" <i>I'm not tied up to anyone</i>\n""]"
858,"['02:00:36,640', '02:00:38,688']","["" You didn't see that coming?\n""]"
859,"['02:01:53,000', '02:01:54,764']",[' - Zrinka!\n - Costel! Baby!\n']
860,"['02:02:08,400', '02:02:09,401']",[' Fine.\n']
861,"['02:02:27,840', '02:02:29,046']",[' Wanda.\n']
862,"['02:02:34,600', '02:02:35,965']",[' I just did.\n']
863,"['02:02:52,600', '02:02:54,967']",[' It felt like that.\n']
864,"['02:03:46,680', '02:03:47,681']",[' Now!\n']
865,"['02:04:19,160', '02:04:20,844']",[' <i>The job is finished.</i>\n']
866,"['02:04:28,040', '02:04:29,849']","["" We can't track you in stealth mode.\n""]"
867,"['02:05:19,760', '02:05:20,761']","["" You're afraid.\n""]"
868,"['02:05:23,520', '02:05:24,681']",[' Of death.\n']
869,"['02:05:27,440', '02:05:29,886']",[' You were supposed to be the last.\n']
870,"['02:05:33,440', '02:05:35,124']",[' and settled for a slave.\n']
871,"['02:05:40,120', '02:05:41,360']",[' I suppose we are.\n']
872,"['02:05:45,080', '02:05:48,721']",[' They think order and chaos\n are somehow opposites\n']
873,"['02:05:53,520', '02:05:55,966']",[' But there is grace in their failings.\n']
874,"['02:05:58,880', '02:05:59,961']","["" They're doomed.\n""]"
875,"['02:06:06,160', '02:06:09,084']","["" But a thing isn't beautiful\n because it lasts.\n""]"
876,"['02:06:13,400', '02:06:15,926']","["" You're unbearably naive.\n""]"
877,"['02:06:19,480', '02:06:21,528']",[' I was born yesterday.\n']
878,"['02:07:37,600', '02:07:38,601']",[' Fat.\n']
879,"['02:07:42,200', '02:07:44,362']",[' Splashed down in the Banda Sea.\n']
880,"['02:07:47,360', '02:07:50,730']","["" But with Stark's stealth tech,\n we still can't track the damn thing.\n""]"
881,"['02:07:54,080', '02:07:56,321']",[' Probably jumped out and swam to Fiji.\n']
882,"['02:07:59,760', '02:08:01,489']","[' ""Wish you were here.""\n']"
883,"['02:08:08,560', '02:08:11,131']",[' Did you know then\n what was gonna happen?\n']
884,"['02:08:15,440', '02:08:18,967']","[' You hope for the best,\n then make do with what you get.\n']"
885,"['02:08:22,040', '02:08:24,008']",[' Nothing lasts forever.\n']
886,"['02:08:26,560', '02:08:29,928']","[' No matter who wins or loses,\n trouble still comes around.\n']"
887,"['02:08:35,200', '02:08:36,804']","["" We're dealing with something new.\n""]"
888,"['02:08:38,360', '02:08:40,283']","["" - A machine.\n - So, it doesn't count?\n""]"
889,"['02:08:42,560', '02:08:44,210']","[' Right, different rules for us.\n']"
890,"['02:08:45,680', '02:08:48,570']","[' He can wield the hammer,\n he can keep the Mind Stone.\n']"
891,"['02:08:51,800', '02:08:54,326']","[' And these days, safe is in short supply.\n']"
892,"['02:08:58,440', '02:09:00,320']","["" - It would still go up.\n - Elevator's not worthy.\n""]"
893,"['02:09:02,320', '02:09:03,845']","["" Not if you don't leave.\n""]"
894,"['02:09:06,040', '02:09:08,202']",[' The Mind Stone is the fourth\n of the Infinity Stones\n']
895,"['02:09:09,840', '02:09:11,410']","["" It's not a coincidence.\n""]"
896,"['02:09:14,160', '02:09:15,810']",[' and has made pawns of us.\n']
897,"['02:09:17,920', '02:09:19,331']",[' Triple Yahtzee.\n']
898,"['02:09:21,120', '02:09:22,201']",[' I do.\n']
899,"['02:09:24,640', '02:09:27,007']","["" there's nothing that can't be explained.\n""]"
900,"['02:09:40,000', '02:09:42,606']","["" I'm gonna miss him, though.\n And you're gonna miss me.\n""]"
901,"['02:09:46,480', '02:09:48,130']","[' I will miss you, Tony.\n']"
902,"['02:09:49,520', '02:09:51,966']","["" Well, it's time for me to tap out.\n""]"
903,"['02:09:54,520', '02:09:57,444']","[' Build Pepper a farm,\n hope nobody blows it up.\n']"
904,"['02:09:59,680', '02:10:01,967']","["" - You'll get there one day.\n - I don't know.\n""]"
905,"['02:10:05,760', '02:10:08,889']",[' The guy who wanted all that\n went in the ice 75 years ago.\n']
906,"['02:10:16,200', '02:10:17,281']",[' You all right?\n']
907,"['02:10:29,320', '02:10:32,085']","[' You wanna keep staring at the wall,\n or do you wanna go to work?\n']"
908,"['02:10:33,760', '02:10:36,764']","["" I thought you and Tony were\n still gazing into each other's eyes.\n""]"
909,"['02:10:38,120', '02:10:40,407']","["" Well, we're not the '27 Yankees.\n""]"
910,"['02:10:42,400', '02:10:44,801']","["" They're good. They're not a team.\n""]"
911,"['02:11:05,080', '02:11:06,605']",[' Avengers...\n']
912,[],[]
