,time,content
0,"['00:00:05,738', '00:00:10,639']",[' \n']
1,"['00:01:15,938', '00:01:17,735']",[' You get many other visitors out here?\n']
2,"['00:01:19,508', '00:01:20,873']",[' Since this morning.\n']
3,"['00:01:23,846', '00:01:26,212']",[' How come nobody spotted it before?\n']
4,"['00:01:28,484', '00:01:30,611']","["" This landscape's changing all the time.\n""]"
5,"['00:01:32,654', '00:01:34,713']","["" I don't know.\n It's probably a weather balloon.\n""]"
6,"['00:01:36,258', '00:01:38,283']","["" You know, we don't have\n the equipment for a job like this.\n""]"
7,"['00:01:41,330', '00:01:43,025']","["" I don't think you quite understand.\n""]"
8,"['00:02:32,614', '00:02:34,582']","["" <i>Base, we're in.</i>\n""]"
9,"['00:02:57,306', '00:02:58,432']",[' <i>Careful.</i>\n']
10,"['00:03:23,732', '00:03:25,029']",[' <i>What is it?</i>\n']
11,"['00:03:27,002', '00:03:29,470']","[' <i>Base, get me a line to the Colonel.</i>\n']"
12,"['00:03:31,740', '00:03:36,302']","["" <i>I don't care what time it is.\n This one's waited long enough.</i>\n""]"
13,"['00:04:51,153', '00:04:52,711']","[' Quickly, before he...\n']"
14,"['00:05:11,106', '00:05:12,835']",[' You should be commended.\n']
15,"['00:05:18,447', '00:05:21,848']",[' I think that you are\n a man of great vision.\n']
16,"['00:05:24,486', '00:05:25,919']",[' I am nothing like you.\n']
17,"['00:05:28,223', '00:05:33,183']","[' what others see as superstition,\n you and I know to be a science.\n']"
18,"['00:05:35,664', '00:05:38,189']",[' Then why make such an effort\n to conceal it?\n']
19,"['00:06:08,463', '00:06:11,091']",[' It is not something one buries.\n']
20,"['00:06:16,671', '00:06:17,968']",[' I cannot help you.\n']
21,"['00:06:23,078', '00:06:28,038']","[' You must have some friends out there.\n Some little grandchildren, perhaps?\n']"
22,"['00:06:44,900', '00:06:46,891']",[' Yggdrasil.\n']
23,"['00:06:52,007', '00:06:54,134']",[' Guardian of wisdom.\n']
24,"['00:07:29,077', '00:07:33,707']",[' <i>And the Führer digs for trinkets\n in the desert.</i>\n']
25,"['00:07:40,555', '00:07:44,184']","["" It's not for the eyes of ordinary men.\n""]"
26,"['00:07:49,264', '00:07:51,391']",[' Give the order to open fire.\n']
27,"['00:07:54,402', '00:07:56,700']",[' You cannot control the power you hold.\n']
28,"['00:07:58,940', '00:08:00,669']",[' I already have.\n']
29,"['00:08:15,924', '00:08:17,949']","[' Kaminsky, Henry.\n']"
30,"['00:08:20,595', '00:08:22,222']","[' Rogers, Steven.\n']"
31,"['00:08:26,635', '00:08:27,761']",[' Nope.\n']
32,"['00:08:38,480', '00:08:41,040']",[' - What did your father die of?\n - Mustard gas.\n']
33,"['00:08:45,186', '00:08:47,882']",[' - Your mother?\n - She was a nurse in a TB ward.\n']
34,"['00:08:54,663', '00:08:56,688']","[' - Sorry, son.\n - Look, just give me a chance.\n']"
35,"['00:08:59,834', '00:09:00,858']",[' Is there anything you can do?\n']
36,"['00:09:03,104', '00:09:04,366']","["" I'm saving your life.\n""]"
37,"['00:09:11,913', '00:09:13,881']",[' <i>But help is on the way.</i>\n']
38,"['00:09:22,190', '00:09:24,886']",[' <i>Even little Timmy is doing his part</i>\n']
39,"['00:09:27,228', '00:09:28,217']","[' <i>Nice work, Timmy!</i>\n']"
40,"['00:09:30,765', '00:09:32,357']",[' Play the movie already!\n']
41,"['00:09:34,436', '00:09:35,630']","[' <i>Meanwhile, overseas,</i>\n']"
42,"['00:09:38,907', '00:09:40,636']",[' <i>of freedom is never too high.</i>\n']
43,"['00:09:43,979', '00:09:45,708']","[' Hey, just start the cartoon!\n']"
44,"['00:09:47,882', '00:09:50,510']","["" <i>Together with Allied forces,\n we'll face any threat,</i>\n""]"
45,"['00:10:09,404', '00:10:11,167']","["" You just don't know when to give up,\n do you?\n""]"
46,"['00:10:18,113', '00:10:19,341']",[' Hey!\n']
47,"['00:10:29,157', '00:10:32,126']",[' Sometimes I think\n you like getting punched.\n']
48,"['00:10:35,330', '00:10:36,695']",[' How many times is this?\n']
49,"['00:10:40,335', '00:10:43,065']","["" You know it's illegal to lie\n on the enlistment form.\n""]"
50,"['00:10:46,474', '00:10:47,873']",[' You get your orders?\n']
51,"['00:10:51,946', '00:10:53,345']","[' Sergeant James Barnes,\n']"
52,"['00:10:59,220', '00:11:00,812']",[' I should be going.\n']
53,"['00:11:06,194', '00:11:09,095']",[' My last night!\n I got to get you cleaned up.\n']
54,"['00:11:10,865', '00:11:12,162']",[' The future.\n']
55,"['00:11:19,174', '00:11:21,768']","["" You're about to be\n the last eligible man in New York.\n""]"
56,"['00:11:24,479', '00:11:25,707']","["" Well, I'd settle for just one.\n""]"
57,"['00:11:28,783', '00:11:29,841']","[' Hey, Bucky!\n']"
58,"['00:11:34,489', '00:11:36,320']",[' Only the good stuff.\n']
59,"['00:11:40,695', '00:11:43,323']",[' <i>and the World of Tomorrow.</i>\n']
60,"['00:11:50,905', '00:11:53,465']","["" Oh, my God! It's starting!\n""]"
61,"['00:12:08,189', '00:12:10,555']","[' I love you, Howard!\n']"
62,"['00:12:15,029', '00:12:19,659']","[' <i>what if I told you that in just\n a few short years, your automobile</i>\n']"
63,"['00:12:24,606', '00:12:26,972']","[' <i>Yes. Thanks, Mandy.</i>\n']"
64,"['00:12:29,777', '00:12:31,642']","["" <i>you'll be able to do just that.</i>\n""]"
65,"['00:12:53,668', '00:12:55,727']","["" <i>I did say a few years, didn't I?</i>\n""]"
66,"['00:13:16,457', '00:13:18,254']","[' Come on, soldier.\n']"
67,"['00:13:25,433', '00:13:26,900']","["" We're taking the girls dancing.\n""]"
68,"['00:13:32,006', '00:13:33,997']","["" You're really going to do this again?\n""]"
69,"['00:13:35,710', '00:13:37,405']","[' As who, Steve from Ohio?\n']"
70,"['00:13:40,548', '00:13:41,845']","["" Look, I know\n you don't think I can do this.\n""]"
71,"['00:13:43,618', '00:13:45,381']","["" - I know it's a war.\n - Why are you so keen to fight?\n""]"
72,"['00:13:47,422', '00:13:49,356']",[' Collect scrap metal\n in my little red wagon?\n']
73,"['00:13:51,159', '00:13:53,719']","[' Bucky, come on.\n There are men laying down their lives.\n']"
74,"['00:13:56,965', '00:13:59,593']","["" That's what you don't understand.\n This isn't about me.\n""]"
75,"['00:14:06,074', '00:14:08,907']","[' Hey, Sarge! Are we going dancing?\n']"
76,"['00:14:17,785', '00:14:20,015']","["" Don't do anything stupid until I get back.\n""]"
77,"['00:14:21,589', '00:14:23,454']","["" You're taking all the stupid with you.\n""]"
78,"['00:14:29,564', '00:14:31,259']",[' Be careful.\n']
79,"['00:14:41,309', '00:14:44,210']","["" Come on, girls.\n They're playing our song.\n""]"
80,"['00:15:06,034', '00:15:08,434']",[' - Is there a problem?\n - Just wait here.\n']
81,"['00:15:32,527', '00:15:33,585']","[' So,\n']"
82,"['00:15:39,133', '00:15:40,430']",[' Excuse me?\n']
83,"['00:15:42,503', '00:15:45,199']",[' I represent\n the Strategic Scientific Reserve.\n']
84,"['00:15:51,145', '00:15:52,703']",[' Where are you from?\n']
85,"['00:15:57,752', '00:15:59,720']","[' Before that, Germany.\n']"
86,"['00:16:03,624', '00:16:05,751']","[' Where are you from, Mr. Rogers?\n']"
87,"['00:16:08,896', '00:16:10,295']",[' Or Paramus?\n']
88,"['00:16:13,668', '00:16:14,692']",[' That might not be the right file.\n']
89,"['00:16:16,738', '00:16:18,865']","["" It's the five tries.\n""]"
90,"['00:16:27,048', '00:16:28,037']",[' Is this a test?\n']
91,"['00:16:33,855', '00:16:35,482']","["" I don't want to kill anyone.\n""]"
92,"['00:16:41,129', '00:16:42,357']","[' Well, there are already\n']"
93,"['00:16:44,665', '00:16:46,462']",[' Maybe what we need now is a little guy.\n']
94,"['00:16:51,706', '00:16:53,571']",[' Only a chance.\n']
95,"['00:16:56,644', '00:17:00,444']",[' So where is\n the little guy from? Actually?\n']
96,"['00:17:04,952', '00:17:07,420']","[' Congratulations, soldier.\n']"
97,"['00:17:35,183', '00:17:38,812']",[' My machine requires\n the most delicate calibration.\n']
98,"['00:17:42,990', '00:17:45,117']",[' Are you certain\n that those conductors of yours\n']
99,"['00:17:49,530', '00:17:50,963']",[' With this artifact\n']
100,"['00:17:53,267', '00:17:55,633']",[' I fear it may not work at all.\n']
101,"['00:18:36,210', '00:18:37,541']",[' Forty.\n']
102,"['00:18:44,452', '00:18:46,283']",[' Stabilizing at 70%.\n']
103,"['00:19:10,678', '00:19:12,236']",[' What was that?\n']
104,"['00:19:16,050', '00:19:19,213']",[' Your designs do not disappoint.\n']
105,"['00:19:24,392', '00:19:26,622']",[' The exchange is stable.\n']
106,"['00:19:29,330', '00:19:31,355']",[' The energy we have just collected\n']
107,"['00:19:36,571', '00:19:39,369']",[' This will change the war.\n']
108,"['00:19:43,244', '00:19:46,179']",[' this will change the world.\n']
109,"['00:19:50,685', '00:19:52,448']","[' Recruits, attention!\n']"
110,"['00:19:55,356', '00:19:57,950']",[' I supervise all operations\n for this division.\n']
111,"['00:20:01,395', '00:20:03,386']",[' I thought I was signing up\n for the U.S. Army.\n']
112,"['00:20:05,066', '00:20:06,727']","[' Gilmore Hodge, Your Majesty.\n']"
113,"['00:20:10,304', '00:20:11,669']",[' Put your right foot forward.\n']
114,"['00:20:16,277', '00:20:18,643']","["" 'Cause I got a few moves\n I know you'll like.\n""]"
115,"['00:20:23,150', '00:20:24,515']",[' Colonel Phillips.\n']
116,"['00:20:28,322', '00:20:29,584']",[' Get your ass up out of that dirt\n']
117,"['00:20:32,526', '00:20:33,959']","[' Yes, sir!\n']"
118,"['00:20:40,167', '00:20:43,796']","[' that wars are fought with weapons,\n but they are won by men.\n']"
119,"['00:20:51,846', '00:20:54,007']",[' And because they are\n going to get better.\n']
120,"['00:20:56,917', '00:21:00,648']",[' <i>The Strategic Scientific Reserve\n is an Allied effort</i>\n']
121,"['00:21:04,291', '00:21:07,385']",[' <i>Our goal is\n to create the best army in history.</i>\n']
122,"['00:21:10,264', '00:21:12,061']",[' Rogers! Get off of there!\n']
123,"['00:21:14,835', '00:21:18,464']",[' He will be the first\n in a new breed of super-soldier.\n']
124,"['00:21:27,214', '00:21:31,844']",[' And they will personally escort\n Adolf Hitler to the gates of hell.\n']
125,"['00:21:34,989', '00:21:38,447']","["" Let's go, let's go! Double time!\n""]"
126,"['00:21:42,063', '00:21:44,361']",[' Move! Move!\n']
127,"['00:21:47,368', '00:21:49,598']","["" That flag means\n we're only at the halfway point.\n""]"
128,"['00:21:53,841', '00:21:55,536']","[' Move, move!\n']"
129,"['00:21:58,579', '00:22:01,275']","["" If that's all you got,\n this army's in trouble!\n""]"
130,"['00:22:03,250', '00:22:05,582']",[' Come on! Get up there!\n']
131,"['00:22:11,525', '00:22:14,653']","[' Now fall back into line! Come on, fall in!\n']"
132,"['00:22:19,567', '00:22:21,762']",[' Rogers! I said fall in!\n']
133,"['00:22:48,395', '00:22:50,590']","[' Faster, ladies! Come on.\n']"
134,"['00:22:54,668', '00:22:55,657']",[' Move it!\n']
135,"['00:22:58,005', '00:23:00,906']","["" I'm more than just thinking about it.\n He is the clear choice.\n""]"
136,"['00:23:04,411', '00:23:05,810']","[' I let it slide. I thought, ""What the hell.""\n']"
137,"['00:23:07,715', '00:23:08,739']","["" I never thought you'd pick him.\n""]"
138,"['00:23:12,520', '00:23:14,852']","["" You stick a needle in that kid's arm,\n it's gonna go right through him.\n""]"
139,"['00:23:18,392', '00:23:19,757']","["" He's making me cry.\n""]"
140,"['00:23:22,530', '00:23:25,124']",[' Do you know how long it took\n to set up this project?\n']
141,"['00:23:26,433', '00:23:27,593']","["" in front of Senator\n What's-His-Name's committees?\n""]"
142,"['00:23:30,004', '00:23:33,235']",[' Then throw me a bone.\n Hodge passed every test we gave him.\n']
143,"['00:23:35,342', '00:23:36,775']","["" - He's a soldier.\n - He is a bully.\n""]"
144,"['00:23:43,117', '00:23:45,915']",[' You win wars with guts.\n']
145,"['00:23:53,761', '00:23:55,058']",[' Get away!\n']
146,"['00:24:04,271', '00:24:05,795']",[' It was a dummy grenade.\n']
147,"['00:24:13,214', '00:24:14,272']",[' Is this a test?\n']
148,"['00:24:25,726', '00:24:27,387']",[' - May I?\n - Yeah.\n']
149,"['00:24:32,700', '00:24:34,497']","[' I got the jitters, I guess.\n']"
150,"['00:24:38,172', '00:24:39,696']",[' Can I ask you a question?\n']
151,"['00:24:43,410', '00:24:44,809']",[' Why me?\n']
152,"['00:24:53,854', '00:24:56,823']",[' This is from Augsburg. My city.\n']
153,"['00:25:00,661', '00:25:03,129']",[' that the first country the Nazis invaded\n was their own.\n']
154,"['00:25:07,368', '00:25:10,269']",[' They felt weak. They felt small.\n']
155,"['00:25:12,206', '00:25:15,198']",[' and the big show and the flags.\n']
156,"['00:25:20,648', '00:25:21,945']","[' And he says, ""You.""\n']"
157,"['00:25:25,419', '00:25:28,047']","[' Well, I am not interested.\n']"
158,"['00:25:32,293', '00:25:34,261']",[' his research division.\n']
159,"['00:25:37,464', '00:25:39,898']","[' Now, Schmidt is\n a member of the inner circle.\n']"
160,"['00:25:41,735', '00:25:47,002']",[' <i>He and Hitler share a passion for\n occult power and Teutonic myth.</i>\n']
161,"['00:25:50,878', '00:25:52,641']","[' But for Schmidt, it is not fantasy.\n']"
162,"['00:25:56,250', '00:25:58,775']","[' that there is a great power\n hidden in the earth,\n']"
163,"['00:26:00,220', '00:26:03,018']",[' waiting to be seized by a superior man.\n']
164,"['00:26:11,665', '00:26:14,225']",[' <i>Schmidt must become\n that superior man.</i>\n']
165,"['00:26:21,275', '00:26:22,503']",[' Yes.\n']
166,"['00:26:30,317', '00:26:31,443']",[' The serum was not ready.\n']
167,"['00:26:36,623', '00:26:38,887']","[' The serum amplifies\n everything that is inside,\n']"
168,"['00:26:42,229', '00:26:43,924']",[' Bad becomes worse.\n']
169,"['00:26:51,972', '00:26:55,499']",[' Because a strong man\n who has known power all his life\n']
170,"['00:26:57,644', '00:27:00,807']",[' but a weak man knows\n the value of strength.\n']
171,"['00:27:03,717', '00:27:05,014']",[' compassion.\n']
172,"['00:27:16,897', '00:27:19,798']","[' Whatever happens tomorrow,\n you must promise me one thing.\n']"
173,"['00:27:27,641', '00:27:29,609']","[' Not a perfect soldier,\n']"
174,"['00:27:31,478', '00:27:33,446']",[' a good man.\n']
175,"['00:27:42,756', '00:27:44,189']","[' No, no. Wait, wait. What I am doing?\n']"
176,"['00:27:47,694', '00:27:49,525']","["" All right. We'll drink it after.\n""]"
177,"['00:28:08,749', '00:28:11,582']",[' Is there something in particular\n you need?\n']
178,"['00:28:21,095', '00:28:22,722']",[' See for yourself.\n']
179,"['00:28:37,077', '00:28:40,103']","["" I just don't see\n why you need concern yourself.\n""]"
180,"['00:28:44,985', '00:28:46,179']",[' Again.\n']
181,"['00:28:50,691', '00:28:54,286']","[' If we take it away from them,\n then our victory is assured.\n']"
182,"['00:29:00,234', '00:29:02,134']",[' It has been given.\n']
183,"['00:29:08,308', '00:29:09,275']",[' Dr. Zola!\n']
184,"['00:29:21,755', '00:29:23,655']",[' A masterpiece.\n']
185,"['00:29:36,370', '00:29:38,565']",[' I got beat up in that alley.\n']
186,"['00:29:43,544', '00:29:45,444']",[' And behind that diner.\n']
187,"['00:29:51,084', '00:29:53,518']","["" You start running,\n they'll never let you stop.\n""]"
188,"['00:29:55,789', '00:29:57,086']","["" They can't say no forever, right?\n""]"
189,"['00:30:02,729', '00:30:04,629']","["" I guess I just don't know\n why you'd want to join the Army\n""]"
190,"['00:30:06,300', '00:30:07,733']",[' Or a... A woman.\n']
191,"['00:30:09,636', '00:30:11,160']","[' You are beautiful, but...\n']"
192,"['00:30:14,741', '00:30:16,709']","["" I think this is the longest conversation\n I've had with one.\n""]"
193,"['00:30:22,115', '00:30:23,412']",[' You must have danced.\n']
194,"['00:30:27,254', '00:30:29,245']","[' And the past few years, it just\n']"
195,"['00:30:32,593', '00:30:33,787']",[' For what?\n']
196,"['00:30:51,378', '00:30:52,777']",[' This way.\n']
197,"['00:31:11,798', '00:31:14,460']","["" Wonderful weather this morning,\n isn't it?\n""]"
198,"['00:32:14,461', '00:32:15,951']",[' Good morning.\n']
199,"['00:32:23,670', '00:32:24,796']",[' Are you ready?\n']
200,"['00:32:36,149', '00:32:37,776']","[' Senator Brandt, glad you could make it.\n']"
201,"['00:32:39,586', '00:32:41,451']","["" We needed access to\n the city's power grid.\n""]"
202,"['00:32:43,790', '00:32:45,951']","[' A lot of people are\n asking for funds, Colonel.\n']"
203,"['00:32:47,561', '00:32:49,222']","[' Fred Clemson, State Department.\n']"
204,"['00:32:50,897', '00:32:53,525']","["" we'd like to see it used\n for something other than headlines.\n""]"
205,"['00:33:10,384', '00:33:11,442']",[' Comfortable?\n']
206,"['00:33:17,023', '00:33:18,581']",[' You save me any of that schnapps?\n']
207,"['00:33:22,863', '00:33:24,160']",[' Next time.\n']
208,"['00:33:27,467', '00:33:29,697']",[' - Levels at 100%.\n - Good.\n']
209,"['00:33:32,239', '00:33:35,037']","["" but we are ready as we'll ever be.\n""]"
210,"['00:33:37,177', '00:33:39,441']","["" Don't you think you would be\n more comfortable in the booth?\n""]"
211,"['00:33:53,994', '00:33:55,359']",[' <i>Do you hear me? Is this on?</i>\n']
212,"['00:33:58,198', '00:34:01,634']","[' <i>today we take not another step\n towards annihilation,</i>\n']"
213,"['00:34:03,637', '00:34:05,662']",[' <i>on the path to peace.</i>\n']
214,"['00:34:11,178', '00:34:14,944']","["" <i>the subject's major muscle groups.\n The serum infusion</i>\n""]"
215,"['00:34:18,685', '00:34:21,654']","[' <i>And then, to stimulate growth,</i>\n']"
216,"['00:34:32,999', '00:34:34,091']","["" That wasn't so bad.\n""]"
217,"['00:34:39,706', '00:34:41,901']",[' Serum infusion beginning in\n']
218,"['00:34:44,377', '00:34:45,366']","[' <i>four,</i>\n']"
219,"['00:34:49,249', '00:34:50,739']","[' two,\n']"
220,"['00:35:03,763', '00:35:05,094']","[' Now, Mr. Stark.\n']"
221,"['00:35:31,925', '00:35:35,053']","["" It's probably too late\n to go to the bathroom, right?\n""]"
222,"['00:35:50,744', '00:35:51,733']","["" That's 10%.\n""]"
223,"['00:35:54,314', '00:35:55,440']",[' Thirty.\n']
224,"['00:36:00,654', '00:36:01,643']",[' Vital signs are normal.\n']
225,"['00:36:03,690', '00:36:04,679']",[' Sixty.\n']
226,"['00:36:12,265', '00:36:13,254']",[' Steven!\n']
227,"['00:36:17,137', '00:36:18,161']",[' Shut it down!\n']
228,"['00:36:20,240', '00:36:21,798']",[' Turn it off! Kill it! Kill the reactor!\n']
229,"['00:36:23,643', '00:36:26,203']","["" Don't! I can do this!\n""]"
230,"['00:36:34,888', '00:36:35,877']",[' Ninety.\n']
231,"['00:37:00,880', '00:37:02,780']",[' Mr. Stark?\n']
232,"['00:37:18,331', '00:37:19,628']",[' The son of a bitch did it.\n']
233,"['00:37:28,208', '00:37:29,266']",[' I think we did it.\n']
234,"['00:37:34,547', '00:37:36,139']",[' How do you feel?\n']
235,"['00:37:43,590', '00:37:44,921']",[' You look taller.\n']
236,"['00:37:47,260', '00:37:51,128']",[' I can think of some folks in Berlin\n who are about to get very nervous.\n']
237,"['00:37:55,902', '00:37:57,563']","[' Thank you, sir.\n']"
238,"['00:39:14,180', '00:39:16,910']","[' What are you doing?\n Buddy, are you all right?\n']"
239,"['00:39:29,896', '00:39:30,885']",[' I had him!\n']
240,"['00:39:53,052', '00:39:54,417']","["" I'm sorry!\n""]"
241,"['00:41:10,496', '00:41:11,963']","["" - Stop it!\n - Don't hurt him!\n""]"
242,"['00:41:16,369', '00:41:17,734']",[' Let me go!\n']
243,"['00:41:24,878', '00:41:26,140']","["" Don't hurt him!\n""]"
244,"['00:41:33,987', '00:41:35,011']","["" No! Don't!\n""]"
245,"['00:42:35,381', '00:42:37,576']",[' - Who the hell are you?\n - The first of many.\n']
246,"['00:42:41,688', '00:42:43,553']",[' two more shall take its place.\n']
247,"['00:43:07,080', '00:43:09,708']","[' <i>The Führer is not accustomed\n to being ignored, Herr Schmidt.</i>\n']"
248,"['00:43:12,819', '00:43:14,719']",[' You serve at his pleasure.\n']
249,"['00:43:17,790', '00:43:20,281']",[' Reward? Call it what it is. Exile.\n']
250,"['00:43:23,162', '00:43:25,562']",[' You think this is about appearances?\n']
251,"['00:43:30,169', '00:43:32,569']",[' And we had learned\n through local intelligence\n']
252,"['00:43:35,842', '00:43:37,742']",[' <i>The Führer feels... How does he put it?</i>\n']
253,"['00:43:53,126', '00:43:54,593']","[' Gentlemen,\n']"
254,"['00:44:01,968', '00:44:03,265']",[' Let me show you.\n']
255,"['00:44:07,707', '00:44:09,607']",[' but he cannot feed his armies\n for a month.\n']
256,"['00:44:13,146', '00:44:17,173']",[' but still he is no closer to\n achieving his goals.\n']
257,"['00:44:21,554', '00:44:25,354']",[' Science. But I understand\n your confusion.\n']
258,"['00:44:28,895', '00:44:32,991']","[' Hydra is assembling an arsenal\n to destroy my enemies in one stroke,\n']"
259,"['00:44:36,636', '00:44:37,728']",[' all in a matter of hours.\n']
260,"['00:44:39,472', '00:44:42,100']",[' My weapons contain\n enough destructive power\n']
261,"['00:44:47,346', '00:44:48,973']","[' Quite simply, gentlemen,\n']"
262,"['00:44:54,454', '00:44:55,512']","[' Thank you, Schmidt.\n']"
263,"['00:44:57,056', '00:45:00,287']",[' For making it clear\n how obviously mad you are.\n']
264,"['00:45:02,728', '00:45:04,252']",[' So it is.\n']
265,"['00:45:09,068', '00:45:11,593']",[' <i>You will be brought\n before the Führer himself!</i>\n']
266,"['00:45:27,753', '00:45:29,687']","[' My apologies, Doctor,\n']"
267,"['00:45:36,129', '00:45:37,153']",[' Hail Hydra.\n']
268,"['00:45:44,270', '00:45:45,999']",[' Hail Hydra!\n']
269,"['00:46:00,786', '00:46:04,916']",[' Any hope of reproducing the program\n is locked in your genetic code.\n']
270,"['00:46:09,529', '00:46:11,224']",[' He deserved more than this.\n']
271,"['00:46:19,005', '00:46:21,906']","[' Colonel Phillips,\n my committee is demanding answers.\n']"
272,"['00:46:23,943', '00:46:27,106']",[' a German spy got a ride to\n my secret installation in your car?\n']
273,"['00:46:28,814', '00:46:31,840']","["" Speaking modestly, I'm the best\n mechanical engineer in this country.\n""]"
274,"['00:46:35,321', '00:46:36,788']","["" We're not even close to this technology.\n""]"
275,"['00:46:39,158', '00:46:40,523']","["" I'm sure you've been\n reading our briefings.\n""]"
276,"['00:46:43,162', '00:46:45,357']",[' Hydra is the Nazi deep-science division.\n']
277,"['00:46:49,168', '00:46:50,362']",[' Hydra is practically a cult.\n']
278,"['00:46:52,572', '00:46:53,732']","[' So, what are you going to do about it?\n']"
279,"['00:46:56,542', '00:46:59,568']","[' - As of today, the SSR is being retasked.\n - Colonel?\n']"
280,"['00:47:03,082', '00:47:04,379']","[' You, too, Stark.\n']"
281,"['00:47:06,519', '00:47:08,817']","["" Sir? If you're going after Schmidt,\n I want in.\n""]"
282,"['00:47:11,691', '00:47:12,749']",[' The serum worked.\n']
283,"['00:47:15,261', '00:47:17,855']",[' You are not enough.\n']
284,"['00:47:24,003', '00:47:25,800']",[' I think we may be missing the point.\n']
285,"['00:47:30,843', '00:47:31,810']",[' Paper.\n']
286,"['00:47:34,580', '00:47:36,411']",[' since your picture hit the newsstands.\n']
287,"['00:47:40,720', '00:47:42,415']",[' and hide him in a lab.\n']
288,"['00:47:46,993', '00:47:49,962']",[' on the most important battlefield\n of the war?\n']
289,"['00:47:53,866', '00:47:57,267']","[' Then, congratulations.\n You just got promoted.\n']"
290,"['00:48:01,707', '00:48:06,337']",[' Nothing to it. You sell a few bonds.\n Bonds buy bullets. Bullets kill Nazis.\n']
291,"['00:48:08,514', '00:48:10,675']","["" It's just not how I pictured getting there.\n""]"
292,"['00:48:13,486', '00:48:14,612']","[' You play ball with us,\n']"
293,"['00:48:16,756', '00:48:18,246']",[' Take the shield.\n']
294,"['00:48:22,028', '00:48:26,658']","["" <i>Who's strong and brave\n Here to save the American way?</i>\n""]"
295,"['00:48:30,770', '00:48:32,465']","["" But there's still a way all of us can fight.\n""]"
296,"['00:48:37,643', '00:48:39,235']",[' Series E Defense Bonds.\n']
297,"['00:48:43,182', '00:48:46,640']",[' <i>Who will campaign door-to-door\n for America?</i>\n']
298,"['00:48:50,122', '00:48:53,182']",[' <i>From Hoboken to Spokane</i>\n']
299,"['00:49:01,667', '00:49:04,397']","["" Cut. Guys, don't look at the camera.\n""]"
300,"['00:49:08,641', '00:49:11,439']","["" Each one you buy is a bullet in\n the barrel of your best guy's gun.\n""]"
301,"['00:49:18,484', '00:49:21,783']",[' <i>Who will redeem\n Heed the call for America?</i>\n']
302,"['00:49:25,658', '00:49:28,491']","["" <i>Who's here to prove that we can?</i>\n""]"
303,"['00:49:35,134', '00:49:37,432']",[' We all know this is about\n trying to win the war.\n']
304,"['00:49:40,806', '00:49:43,001']","["" That's where you come in.\n Every bond you buy\n""]"
305,"['00:49:44,910', '00:49:47,310']","["" - Turn around! He's right behind you!\n - Keep our boys armed and ready,\n""]"
306,"['00:49:54,053', '00:49:59,753']",[' <i>Stalwart and steady and true</i>\n']
307,"['00:50:04,330', '00:50:08,096']","[' <i>the red, white, and blue</i>\n']"
308,"['00:50:11,537', '00:50:12,094']","["" <i>Who'll give the Axis the sack\n and is smart as a fox?</i>\n""]"
309,"['00:50:15,574', '00:50:19,203']","["" <i>Who's making Adolf\n afraid to step out of his box?</i>\n""]"
310,"['00:50:22,415', '00:50:25,782']",[' <i>Who waked the giant\n that napped in America?</i>\n']
311,"['00:50:30,055', '00:50:31,022']",[' Hi.\n']
312,"['00:50:33,025', '00:50:39,897']","["" <i>Who'll kick the Krauts to Japan?\n The star-spangled man</i>\n""]"
313,"['00:50:43,536', '00:50:46,334']",[' <i>plan!</i>\n']
314,"['00:51:02,888', '00:51:04,014']",[' <i>Okay.</i>\n']
315,"['00:51:09,094', '00:51:11,289']",[' I already volunteered!\n How do you think I got here?\n']
316,"['00:51:18,871', '00:51:21,169']","[' <i>I think they only know the one song, but</i>\n']"
317,"['00:51:23,709', '00:51:25,370']","[' You do that, sweetheart.\n']"
318,"['00:51:29,582', '00:51:31,948']","["" <i>Come on, guys,\n we're all on the same team here.</i>\n""]"
319,"['00:51:45,164', '00:51:47,029']",[' Bring back the girls!\n']
320,"['00:52:02,681', '00:52:04,046']","[' Hello, Steve.\n']"
321,"['00:52:07,620', '00:52:09,815']",[' - Hi.\n - What are you doing here?\n']
322,"['00:52:12,591', '00:52:14,491']",[' That was quite a performance.\n']
323,"['00:52:17,096', '00:52:18,723']",[' I had to improvise a little bit.\n']
324,"['00:52:23,168', '00:52:24,135']",[' twelve.\n']
325,"['00:52:26,272', '00:52:28,832']",[' Bond sales take a 10% bump\n in every state I visit.\n']
326,"['00:52:32,111', '00:52:34,170']","["" At least he's got me doing this.\n""]"
327,"['00:52:36,115', '00:52:38,583']",[' And these are your only two options?\n']
328,"['00:52:41,954', '00:52:44,582']","[' You were meant for more than this,\n you know.\n']"
329,"['00:52:52,865', '00:52:55,698']","[' You know, for the longest time,\n I dreamed about\n']"
330,"['00:52:59,972', '00:53:01,439']",[' serving my country.\n']
331,"['00:53:07,813', '00:53:08,837']","["" and I'm wearing tights.\n""]"
332,"['00:53:19,792', '00:53:20,986']",[' These men more than most.\n']
333,"['00:53:30,669', '00:53:32,796']",[' and less than 50 returned.\n']
334,"['00:53:37,009', '00:53:38,874']",[' The rest were killed or captured.\n']
335,"['00:53:40,779', '00:53:41,746']",[' What?\n']
336,"['00:53:44,650', '00:53:45,617']",[' Colonel Phillips.\n']
337,"['00:53:47,653', '00:53:48,915']","["" What's your plan today?\n""]"
338,"['00:53:50,356', '00:53:51,653']","["" You don't get to give me orders, son.\n""]"
339,"['00:53:55,494', '00:53:57,985']","["" You and I are gonna have a\n conversation later that you won't enjoy.\n""]"
340,"['00:54:07,239', '00:54:11,699']",[' I have signed more of these condolence\n letters today than I would care to count.\n']
341,"['00:54:14,713', '00:54:15,737']","["" I'm sorry.\n""]"
342,"['00:54:22,721', '00:54:24,018']","[' Yes, it\'s called ""winning the war.""\n']"
343,"['00:54:27,159', '00:54:28,888']","["" They're 30 miles behind the lines\n""]"
344,"['00:54:31,897', '00:54:33,364']","["" We'd lose more men than we'd save.\n""]"
345,"['00:54:38,404', '00:54:39,803']",[' I think I understand just fine.\n']
346,"['00:54:42,307', '00:54:46,505']","[' If I read the posters correctly,\n you got someplace to be in 30 minutes.\n']"
347,"['00:54:58,123', '00:55:03,117']","[' If you have something to say, right now\n is the perfect time to keep it to yourself.\n']"
348,"['00:55:08,367', '00:55:09,732']","["" If that's what it takes.\n""]"
349,"['00:55:12,037', '00:55:13,004']","["" You don't know that.\n""]"
350,"['00:55:15,174', '00:55:17,972']","["" By the time he's done that,\n it could be too late.\n""]"
351,"['00:55:25,584', '00:55:29,680']",[' You told me you thought I was meant\n for more than this. Did you mean that?\n']
352,"['00:55:34,426', '00:55:35,415']",[' Then you got to let me go.\n']
353,"['00:55:41,233', '00:55:44,202']","[' On stage, girls. Five minutes!\n']"
354,"['00:55:47,072', '00:55:48,471']",[' Anyone seen Rogers?\n']
355,"['00:55:54,480', '00:55:56,471']",[' tucked between\n these two mountain ranges.\n']
356,"['00:55:57,750', '00:55:59,980']",[' We should be able to\n drop you right on the doorstep.\n']
357,"['00:56:01,887', '00:56:03,548']",[' You two are gonna be\n in a lot of trouble when you land.\n']
358,"['00:56:04,723', '00:56:07,191']","["" Where I'm going, if anybody yells at me,\n I can just shoot them.\n""]"
359,"['00:56:09,027', '00:56:10,995']","["" Well, let's hope it's good for something.\n""]"
360,"['00:56:12,231', '00:56:13,528']","["" If we're not in too much of a hurry,\n""]"
361,"['00:56:22,441', '00:56:25,239']","["" Stark is the best civilian pilot\n I've ever seen.\n""]"
362,"['00:56:29,748', '00:56:31,511']","[' So, are you two... Do you...\n']"
363,"['00:56:36,288', '00:56:38,449']","["" This is your transponder.\n Activate it when you're ready\n""]"
364,"['00:56:42,094', '00:56:43,959']",[' Are you sure this thing works?\n']
365,"['00:56:51,470', '00:56:53,995']","["" Get back here!\n We're taking you all the way in!\n""]"
366,"['00:56:59,044', '00:57:01,012']","["" You can't give me orders!\n""]"
367,"['00:57:22,167', '00:57:26,604']","[' <i>As you can see, production of\n the Valkyrie is progressing on schedule,</i>\n']"
368,"['00:57:29,341', '00:57:32,037']",[' Increase the output by 60%\n']
369,"['00:57:36,515', '00:57:40,815']","["" But these prisoners,\n I'm not sure they have the strength.\n""]"
370,"['00:57:44,690', '00:57:47,488']",[' There are always more workers.\n']
371,"['00:58:06,044', '00:58:07,841']","[' You know, Fritz,\n']"
372,"['00:58:44,316', '00:58:45,442']",[' Fellas.\n']
373,"['01:00:48,707', '01:00:51,972']","["" I'm Captain America.\n""]"
374,"['01:00:58,116', '01:00:59,913']","[' What, are we taking everybody?\n']"
375,"['01:01:02,054', '01:01:04,784']","["" Is there anybody else? I'm looking\n for a Sergeant James Barnes.\n""]"
376,"['01:01:08,193', '01:01:09,285']",[' All right.\n']
377,"['01:01:11,530', '01:01:13,725']","["" Get out fast and give 'em hell.\n""]"
378,"['01:01:15,634', '01:01:18,159']","["" Wait. You know what you're doing?\n""]"
379,"['01:01:46,131', '01:01:47,860']",[' You know how to use that thing?\n']
380,"['01:01:55,173', '01:01:56,640']",[' What is happening?\n']
381,"['01:02:08,420', '01:02:10,354']","[' <i>- That one. ""Zündung.""\n - Zündung?</i>\n']"
382,"['01:02:12,357', '01:02:13,688']","["" I didn't know you spoke German.\n""]"
383,"['01:02:17,095', '01:02:18,062']","["" Didn't ask for the resume.\n""]"
384,"['01:02:49,828', '01:02:52,126']","[' No, no! What are you doing?\n']"
385,"['01:03:20,859', '01:03:23,555']",[' Keep moving! Grab those grenades!\n']
386,"['01:04:07,272', '01:04:08,239']",[' Bucky?\n']
387,"['01:04:15,480', '01:04:16,947']","["" - Is that...\n - It's me.\n""]"
388,"['01:04:19,117', '01:04:20,550']",[' - Come on.\n - Steve.\n']
389,"['01:04:26,791', '01:04:28,156']",[' I thought you were smaller.\n']
390,"['01:04:39,571', '01:04:42,369']",[' - What happened to you?\n - I joined the Army.\n']
391,"['01:04:51,249', '01:04:52,546']",[' Is this permanent?\n']
392,"['01:05:23,848', '01:05:25,475']",[' Captain America!\n']
393,"['01:05:27,872', '01:05:30,841']",[' I am a great fan of your films!\n']
394,"['01:05:36,881', '01:05:38,678']","[' Not exactly an improvement,\n']"
395,"['01:05:44,889', '01:05:46,356']","["" You've got no idea.\n""]"
396,"['01:06:06,210', '01:06:09,202']","[' No matter what lies Erskine told you,\n']"
397,"['01:06:26,164', '01:06:27,961']","["" You don't have one of those, do you?\n""]"
398,"['01:06:31,269', '01:06:33,897']","[' You pretend to be a simple soldier,\n']"
399,"['01:06:36,507', '01:06:40,136']",[' to admit that\n we have left humanity behind.\n']
400,"['01:06:45,850', '01:06:46,908']",[' Without fear!\n']
401,"['01:07:00,598', '01:07:02,623']","["" Come on, let's go. Up.\n""]"
402,"['01:07:11,476', '01:07:12,773']",[' What about me?\n']
403,"['01:07:15,446', '01:07:17,141']","[' Not a scratch, Doctor.\n']"
404,"['01:07:51,849', '01:07:54,010']","["" Let's go. One at a time.\n""]"
405,"['01:08:25,783', '01:08:27,148']",[' No! Not without you!\n']
406,"['01:08:50,575', '01:08:53,908']","[' Senator Brandt, I regret to report that\n']"
407,"['01:08:58,916', '01:09:01,043']",[' Aerial reconnaissance\n has proven unfruitful.\n']
408,"['01:09:05,990', '01:09:08,117']",[' killed in action. Period.\n']
409,"['01:09:16,334', '01:09:18,302']",[' No sign of activity.\n']
410,"['01:09:24,509', '01:09:25,635']","["" I can't touch Stark.\n""]"
411,"['01:09:28,679', '01:09:30,169']",[' You are neither one.\n']
412,"['01:09:32,850', '01:09:34,511']","["" And I don't think\n Captain Rogers did, either.\n""]"
413,"['01:09:37,522', '01:09:39,319']","[' I took a chance with you, Agent Carter.\n']"
414,"['01:09:43,094', '01:09:44,061']","["" 'cause you had a crush.\n""]"
415,"['01:09:47,031', '01:09:51,593']","["" Well, I hope that's a big comfort to you\n when they shut this division down.\n""]"
416,"['01:10:38,382', '01:10:40,145']",[' Look who it is!\n']
417,"['01:11:09,547', '01:11:11,447']","[' - Medic, we got wounded.\n - Right over here.\n']"
418,"['01:11:15,553', '01:11:17,180']","["" That won't be necessary.\n""]"
419,"['01:11:23,861', '01:11:25,328']","[' Faith, huh?\n']"
420,"['01:11:37,208', '01:11:38,869']","["" Couldn't call my ride.\n""]"
421,"['01:11:42,913', '01:11:44,540']","["" Let's hear it for Captain America!\n""]"
422,"['01:12:05,002', '01:12:08,597']","[' to my personal friend, Captain America!\n']"
423,"['01:12:14,478', '01:12:16,446']","["" Captain, that's your cue!\n""]"
424,"['01:12:34,298', '01:12:37,358']","[' The fifth one was here in Poland,\n right near the Baltic.\n']"
425,"['01:12:40,137', '01:12:45,097']","[' about here, 30, 40 miles west\n of the Maginot Line.\n']"
426,"['01:12:49,480', '01:12:51,448']","["" Well, nobody's perfect.\n""]"
427,"['01:12:57,588', '01:12:59,419']",[' Sergeant Barnes said\n that Hydra shipped\n']
428,"['01:13:02,159', '01:13:03,786']","[' Agent Carter, coordinate with Ml6.\n']"
429,"['01:13:06,664', '01:13:07,688']",[' What about us?\n']
430,"['01:13:10,668', '01:13:12,636']","["" What do you say, Rogers? It's your map.\n""]"
431,"['01:13:16,774', '01:13:18,799']","["" We're already putting together\n the best men.\n""]"
432,"['01:13:23,347', '01:13:24,712']","["" So, let's get this straight.\n""]"
433,"['01:13:28,552', '01:13:29,780']",[' Pretty much.\n']
434,"['01:13:33,891', '01:13:34,858']","["" I'm in.\n""]"
435,"['01:13:49,840', '01:13:53,037']","["" Hell, I'll always fight.\n But you got to do one thing for me.\n""]"
436,"['01:13:56,313', '01:13:57,337']",[' Open a tab.\n']
437,"['01:14:03,053', '01:14:05,487']",[' - Another round.\n - Where are they putting all this stuff?\n']
438,"['01:14:12,329', '01:14:14,297']","["" They're all idiots.\n""]"
439,"['01:14:17,001', '01:14:20,027']",[' You ready to follow Captain America\n into the jaws of death?\n']
440,"['01:14:21,572', '01:14:26,032']",[' That little guy from Brooklyn who was\n too dumb not to run away from a fight.\n']
441,"['01:14:32,416', '01:14:33,781']","["" But you're keeping the outfit, right?\n""]"
442,"['01:14:39,056', '01:14:40,182']","["" It's kind of growing on me.\n""]"
443,"['01:14:55,806', '01:14:56,773']","["" Ma'am.\n""]"
444,"['01:14:59,944', '01:15:01,241']",[' Sounds good.\n']
445,"['01:15:09,119', '01:15:10,086']","["" You don't like music?\n""]"
446,"['01:15:13,357', '01:15:16,815']","[' I might even,\n when this is all over, go dancing.\n']"
447,"['01:15:19,463', '01:15:20,987']",[' The right partner.\n']
448,"['01:15:24,635', '01:15:26,933']","["" Yes, ma'am. I'll be there.\n""]"
449,"['01:15:29,373', '01:15:32,433']","["" I'm turning into you.\n It's like a horrible dream.\n""]"
450,"['01:15:37,815', '01:15:40,443']",[' Emission signature is unusual.\n']
451,"['01:15:44,388', '01:15:46,788']",[' Though I doubt\n Rogers picked up on that.\n']
452,"['01:15:51,161', '01:15:53,026']",[' Hard to see what all the fuss is about.\n']
453,"['01:16:05,843', '01:16:08,539']","["" Excuse me. I'm looking for Mr. Stark.\n""]"
454,"['01:16:15,519', '01:16:18,317']","["" Of course, you're welcome to wait.\n""]"
455,"['01:16:27,431', '01:16:29,058']","[' Oh, the... Yeah.\n']"
456,"['01:16:33,037', '01:16:34,436']",[' Just doing what needed to be done.\n']
457,"['01:16:43,948', '01:16:45,916']","["" Really, it's not a big deal.\n""]"
458,"['01:16:52,323', '01:16:53,915']","["" I don't think they were all married.\n""]"
459,"['01:16:55,793', '01:16:58,284']","[' Well, that depends\n on the definition, really.\n']"
460,"['01:17:02,900', '01:17:05,835']","["" And seeing as they're not here...\n""]"
461,"['01:17:15,612', '01:17:18,240']","["" We're ready for you,\n if you're not otherwise occupied.\n""]"
462,"['01:17:21,151', '01:17:23,278']","["" Looks like finding a partner\n wasn't that hard after all.\n""]"
463,"['01:17:25,089', '01:17:27,683']","["" I don't think anything, Captain,\n not one thing.\n""]"
464,"['01:17:31,895', '01:17:32,987']","[' Well, what about you and Stark?\n']"
465,"['01:17:40,504', '01:17:42,802']","["" You still don't know\n a bloody thing about women.\n""]"
466,"['01:17:46,510', '01:17:49,308']","["" - Really? I didn't think...\n - Nor should you, pal.\n""]"
467,"['01:17:51,515', '01:17:53,881']",[' is the moment your goose\n is well and truly cooked.\n']
468,"['01:17:56,754', '01:17:59,587']",[' is about making sure you and your men\n do not get killed.\n']
469,"['01:18:02,226', '01:18:04,592']",[' Should withstand\n your average German bayonet.\n']
470,"['01:18:08,532', '01:18:11,262']","["" I hear you're kind of attached.\n""]"
471,"['01:18:12,870', '01:18:14,997']",[' I took the liberty\n of coming up with some options.\n']
472,"['01:18:17,574', '01:18:20,099']","["" She's been fitted with electrical relays\n that allow you to...\n""]"
473,"['01:18:21,879', '01:18:24,006']","["" - What's it made of?\n - Vibranium.\n""]"
474,"['01:18:28,385', '01:18:31,183']","["" It's completely vibration absorbent.\n""]"
475,"['01:18:34,858', '01:18:36,189']","["" That's the rarest metal on Earth.\n""]"
476,"['01:18:38,062', '01:18:40,257']","[' You quite finished, Mr. Stark?\n']"
477,"['01:18:42,299', '01:18:44,199']",[' What do you think?\n']
478,"['01:19:05,355', '01:19:07,482']",[' I had some ideas about the uniform.\n']
479,"['01:21:13,951', '01:21:16,283']",[' You are failing!\n']
480,"['01:21:20,557', '01:21:22,491']",[' yet we are continually delayed\n']
481,"['01:21:25,362', '01:21:27,330']",[' This is hardly my area of expertise.\n']
482,"['01:21:32,436', '01:21:35,701']","[' Finish your mission, Doctor,\n before the American finishes his.\n']"
483,"['01:21:39,776', '01:21:40,800']","["" <i>I'm sorry, Herr Schmidt.</i>\n""]"
484,"['01:21:47,484', '01:21:49,452']",[' Evidently not.\n']
485,"['01:22:04,968', '01:22:06,595']","[' Yeah, and I threw up?\n']"
486,"['01:22:09,506', '01:22:11,235']",[' Now why would I do that?\n']
487,"['01:22:14,177', '01:22:17,704']",[' Hydra dispatcher gave him permission\n to open up the throttle.\n']
488,"['01:22:26,823', '01:22:29,189']","["" Let's get going,\n because they're moving like the devil.\n""]"
489,"['01:22:31,628', '01:22:34,188']","["" You miss that window,\n we're bugs on a windshield.\n""]"
490,"['01:22:35,899', '01:22:37,764']","[' Better get moving, bugs!\n']"
491,"['01:24:40,323', '01:24:42,883']",[' - I had him on the ropes.\n - I know you did.\n']
492,"['01:24:46,830', '01:24:48,161']",[' Fire again!\n']
493,"['01:24:57,741', '01:24:58,708']",[' Bucky!\n']
494,"['01:25:05,982', '01:25:06,949']",[' Grab my hand!\n']
495,"['01:26:20,323', '01:26:22,621']",[' - What is this?\n - Steak.\n']
496,"['01:26:25,829', '01:26:27,126']",[' Cow.\n']
497,"['01:26:33,336', '01:26:36,134']",[' to get ahold of a prime cut like that\n out here?\n']
498,"['01:26:39,910', '01:26:41,036']",[' Why not?\n']
499,"['01:26:42,913', '01:26:45,814']","[' How about cyanide? Does that give you\n the rumbly tummy, too?\n']"
500,"['01:26:52,022', '01:26:56,823']",[' has crunched a little pill before\n we can stop him. But not you.\n']
501,"['01:27:02,933', '01:27:04,230']",[' You want to live.\n']
502,"['01:27:08,371', '01:27:09,963']",[' I bought you dinner.\n']
503,"['01:27:19,049', '01:27:22,610']","[' ""and in exchange for\n his full cooperation,\n']"
504,"['01:27:26,022', '01:27:29,981']","[' I sent that message to Washington\n this morning, of course it was encoded.\n']"
505,"['01:27:34,397', '01:27:36,365']",[' Schmidt will know this is a lie.\n']
506,"['01:27:40,470', '01:27:42,438']",[' You know more about Schmidt\n than anyone.\n']
507,"['01:27:48,044', '01:27:50,979']","["" so I wouldn't count on\n the very best of protection.\n""]"
508,"['01:27:54,985', '01:27:57,044']","["" It's just the hand you've been dealt.\n""]"
509,"['01:28:04,494', '01:28:07,292']",[' Only the world itself will satisfy him.\n']
510,"['01:28:09,699', '01:28:10,666']",[' What?\n']
511,"['01:28:14,004', '01:28:16,131']",[' - And why is that?\n - Because he can do it!\n']
512,"['01:28:19,442', '01:28:21,774']",[' His target\n']
513,"['01:28:45,235', '01:28:46,862']","[' Tomorrow,\n']"
514,"['01:28:51,708', '01:28:54,176']",[' <i>borne to victory on the wings\n of the Valkyrie.</i>\n']
515,"['01:28:59,883', '01:29:04,843']","[' If they shoot down one plane,\n hundreds more will rain fire upon them!\n']"
516,"['01:29:12,262', '01:29:15,026']",[' two more shall take its place.\n']
517,"['01:29:17,000', '01:29:17,967']",[' - Hail Hydra!\n - Hail Hydra!\n']
518,"['01:29:33,283', '01:29:36,081']",[' <i>Blackout is still in effect\n throughout the London area.</i>\n']
519,"['01:29:38,788', '01:29:43,748']","[' <i>Your attention, please. All citizens shall\n remain indoors until further notice.</i>\n']"
520,"['01:29:55,538', '01:29:57,506']",[' Dr. Erskine said that\n']
521,"['01:30:00,443', '01:30:02,502']",[' it would affect my cells.\n']
522,"['01:30:07,450', '01:30:09,077']",[' Which means\n']
523,"['01:30:14,824', '01:30:16,121']",[' Did you know that?\n']
524,"['01:30:22,532', '01:30:25,160']",[' He thought it could be\n one of the side effects.\n']
525,"['01:30:33,309', '01:30:34,936']",[' - Did you read the report?\n - Yes.\n']
526,"['01:30:37,547', '01:30:39,276']",[' You did everything you could.\n']
527,"['01:30:44,921', '01:30:46,388']",[' Did you respect him?\n']
528,"['01:30:50,293', '01:30:52,625']",[' Allow Barnes the dignity of his choice.\n']
529,"['01:30:57,133', '01:30:58,657']","["" I'm going after Schmidt.\n""]"
530,"['01:31:05,542', '01:31:07,169']","["" You won't be alone.\n""]"
531,"['01:31:13,082', '01:31:15,016']","["" and he's willing to blow up\n half the world to prove it,\n""]"
532,"['01:31:16,786', '01:31:19,880']","["" Schmidt's working with powers\n beyond our capabilities.\n""]"
533,"['01:31:21,825', '01:31:24,225']",[' he will wipe out\n the entire Eastern Seaboard in an hour.\n']
534,"['01:31:30,400', '01:31:32,664']","[' According to my new best friend,\n under 24 hours.\n']"
535,"['01:31:36,606', '01:31:40,007']","[' In the Alps, 500 feet below the surface.\n']"
536,"['01:31:43,546', '01:31:46,106']","["" I mean, it's not like\n we can just knock on the front door.\n""]"
537,"['01:31:53,189', '01:31:55,350']","["" That's exactly what we're going to do.\n""]"
538,"['01:34:05,188', '01:34:07,281']","[' but I must say,\n you do it better than anyone.\n']"
539,"['01:34:13,229', '01:34:15,493']","[' to what even you can do, Captain.\n']"
540,"['01:34:19,335', '01:34:20,768']",[' He told me you were insane.\n']
541,"['01:34:27,577', '01:34:31,138']",[' and tried to deny me\n what was rightfully mine.\n']
542,"['01:34:35,251', '01:34:36,479']","[' So,\n']"
543,"['01:34:44,060', '01:34:45,186']",[' Nothing.\n']
544,"['01:34:59,475', '01:35:01,033']",[' I can do this all day.\n']
545,"['01:35:03,246', '01:35:06,545']","[' But, unfortunately,\n I am on a tight schedule.\n']"
546,"['01:35:26,102', '01:35:28,730']",[' Rogers! You might need this!\n']
547,"['01:35:41,417', '01:35:43,908']","["" We're in! Assault team, go!\n""]"
548,"['01:35:46,389', '01:35:48,118']",[' Move!\n']
549,"['01:36:35,671', '01:36:37,832']","[' Cut off one head, two more shall...\n']"
550,"['01:37:07,770', '01:37:08,737']","["" You're late.\n""]"
551,"['01:38:28,417', '01:38:29,406']",[' Get in!\n']
552,"['01:39:04,987', '01:39:06,181']",[' Go get him.\n']
553,"['01:42:49,311', '01:42:52,439']","["" - You don't give up, do you?\n - Nope!\n""]"
554,"['01:44:04,587', '01:44:09,217']",[' Yet you wear a flag on your chest\n and think you fight a battle of nations!\n']
555,"['01:44:13,228', '01:44:16,254']",[' - There are no flags!\n - Not my future!\n']
556,"['01:44:32,147', '01:44:33,114']",[' No!\n']
557,"['01:45:43,752', '01:45:44,912']","[' Captain Rogers, what is your...\n']"
558,"['01:45:46,522', '01:45:48,012']","["" <i>Peggy, Schmidt's dead!</i>\n""]"
559,"['01:45:52,127', '01:45:53,594']","["" That's a little bit tougher to explain.\n""]"
560,"['01:45:57,733', '01:45:59,826']","["" There's not gonna be a safe landing.\n""]"
561,"['01:46:01,804', '01:46:03,772']","["" I'll get Howard on the line.\n He'll know what to do.\n""]"
562,"['01:46:04,973', '01:46:07,567']","["" <i>This thing's moving too fast\n and it's heading for New York.</i>\n""]"
563,"['01:46:14,416', '01:46:17,112']","["" Please, don't do this.\n We have time. We can work it out.\n""]"
564,"['01:46:18,654', '01:46:21,054']","[' If I wait any longer,\n a lot of people are gonna die.\n']"
565,"['01:46:29,598', '01:46:30,860']",[' this is my choice.\n']
566,"['01:46:57,126', '01:46:58,423']","["" <i>I'm here.</i>\n""]"
567,"['01:47:12,307', '01:47:13,433']",[' All right.\n']
568,"['01:47:20,315', '01:47:21,612']",[' You got it.\n']
569,"['01:47:29,892', '01:47:31,951']","["" You know,\n I still don't know how to dance.\n""]"
570,"['01:47:42,504', '01:47:44,131']","["" We'll have the band\n play something slow.\n""]"
571,"['01:47:52,848', '01:47:53,815']",[' Steve?\n']
572,"['01:48:01,023', '01:48:02,217']",[' Steve?\n']
573,"['01:49:14,930', '01:49:15,897']",[' Sir?\n']
574,"['01:49:28,277', '01:49:30,336']","["" But there's no trace of wreckage.\n""]"
575,"['01:49:34,783', '01:49:36,512']",[' Just keep looking.\n']
576,"['01:50:48,957', '01:50:51,653']","[' <i>So the Dodgers are tied, 4-4.</i>\n']"
577,"['01:50:55,030', '01:50:57,897']","["" <i>this fellow's capable of making it\n a brand-new game again.</i>\n""]"
578,"['01:51:03,372', '01:51:06,535']",[' <i>The Phillies have managed\n to tie it up at 4-4.</i>\n']
579,"['01:51:14,216', '01:51:17,014']",[' <i>Pearson beaned Reiser\n in Philadelphia last month.</i>\n']
580,"['01:51:20,722', '01:51:22,849']","["" <i>Pete leans in. Here's the pitch.</i>\n""]"
581,"['01:51:28,230', '01:51:29,527']",[' <i>Three runs will score.</i>\n']
582,"['01:51:34,403', '01:51:36,701']","["" <i>Here comes the relay,\n but they won't get him.</i>\n""]"
583,"['01:51:41,176', '01:51:42,871']",[' Or should I say afternoon?\n']
584,"['01:51:45,847', '01:51:47,838']","["" You're in a recovery room\n in New York City.\n""]"
585,"['01:51:53,588', '01:51:55,385']",[' <i>Everyone is on their feet.</i>\n']
586,"['01:51:59,194', '01:52:00,422']",[' Where am I really?\n']
587,"['01:52:04,533', '01:52:05,830']",[' The game.\n']
588,"['01:52:12,941', '01:52:14,909']","["" Now, I'm going to ask you again.\n""]"
589,"['01:52:17,813', '01:52:19,110']",[' - Captain Rogers...\n - Who are you?\n']
590,"['01:52:30,225', '01:52:31,920']","[' All agents, code 13!\n']"
591,"['01:52:55,917', '01:52:57,441']","[' At ease, soldier!\n']"
592,"['01:53:10,265', '01:53:13,234']",[' but we thought it best\n to break it to you slowly.\n']
593,"['01:53:17,172', '01:53:18,799']","["" You've been asleep, Cap.\n""]"
594,"['01:53:35,957', '01:53:37,151']",[' You gonna be okay?\n']
595,"['01:53:39,694', '01:53:40,991']","[' Yeah, I just...\n']"
596,"['02:03:07,595', '02:03:09,222']",[' Trouble sleeping?\n']
597,"['02:03:14,368', '02:03:15,357']",[' I am.\n']
598,"['02:03:19,140', '02:03:20,368']",[' Trying to save it.\n']
599,"['02:03:45,466', '02:03:46,592']",[' Gentlemen?\n']
600,[],[]
