,time,content
0,"['00:00:30,628', '00:00:35,628']",[' Subtitles by explosiveskull\n']
1,"['00:02:17,512', '00:02:18,645']","["" Can't sleep.\n""]"
2,"['00:02:20,916', '00:02:22,718']","["" Yeah, but then\n I'd be sleeping.\n""]"
3,"['00:02:29,324', '00:02:30,659']",[' Wanna fight?\n']
4,"['00:02:35,430', '00:02:36,363']","[' Right, you slipped\n']"
5,"['00:02:38,367', '00:02:39,264']",[' I was already slipping\n']
6,"['00:02:40,535', '00:02:42,136']",[' The two events\n were not related.\n']
7,"['00:02:46,541', '00:02:48,744']",[' - Anything new?\n - No.\n']
8,"['00:02:54,716', '00:02:55,982']","["" I don't remember my past.\n""]"
9,"['00:02:57,653', '00:02:59,454']",[' and doubt\n makes you vulnerable.\n']
10,"['00:03:10,532', '00:03:12,532']","["" Lose control again,\n and you'll have to commune\n""]"
11,"['00:03:14,002', '00:03:16,872']","["" There's nothing more dangerous\n to a warrior than emotion.\n""]"
12,"['00:03:24,613', '00:03:26,379']",[' And anger?\n']
13,"['00:03:38,794', '00:03:40,660']",[' <i>One hundred twenty days</i>\n']
14,"['00:03:42,698', '00:03:44,030']",[' <i>Has anyone ever seen</i>\n']
15,"['00:03:45,867', '00:03:48,635']",[' No one can look upon\n the Supreme Intelligence\n']
16,"['00:03:50,806', '00:03:53,006']",[' You know that.\n']
17,"['00:03:55,744', '00:03:59,278']","["" So it's sacred.\n It's personal.\n""]"
18,"['00:04:01,416', '00:04:02,417']",[' Who do you see?\n']
19,"['00:04:04,586', '00:04:05,852']",[' - Father?\n - No.\n']
20,"['00:04:08,023', '00:04:09,424']","["" It's me you see,\n isn't it?\n""]"
21,"['00:04:12,427', '00:04:13,893']",[' - Is it working?\n - Yes.\n']
22,"['00:04:15,764', '00:04:18,364']",[' What is the point\n of giving me these...\n']
23,"['00:04:20,068', '00:04:21,935']",[' I want you to use them.\n']
24,"['00:04:23,839', '00:04:25,805']",[' of showing you\n how to use them.\n']
25,"['00:04:26,675', '00:04:27,974']","["" Yeah, if that were true,\n you'd be able to\n""]"
26,"['00:04:30,612', '00:04:32,781']",[' Control your impulses.\n']
27,"['00:04:36,918', '00:04:40,922']",[' I want you to be\n the best version of yourself.\n']
28,"['00:05:24,065', '00:05:26,065']",[' Intelligence.\n']
29,"['00:05:29,137', '00:05:30,804']",[' I am.\n']
30,"['00:05:34,409', '00:05:36,778']","[' with your past,\n which fuels them.\n']"
31,"['00:05:41,716', '00:05:44,918']",[' that has threatened our\n civilization for centuries.\n']
32,"['00:05:47,989', '00:05:49,991']",[' then take over our planets.\n']
33,"['00:05:53,695', '00:05:56,331']",[' and so much that you do not.\n']
34,"['00:06:03,738', '00:06:05,438']","["" You're supposed\n to take the form\n""]"
35,"['00:06:07,108', '00:06:11,744']","["" but I don't even remember\n who this person was to me.\n""]"
36,"['00:06:13,815', '00:06:16,749']",[' sparing you\n from a deeper pain.\n']
37,"['00:06:20,655', '00:06:23,156']","["" put your people's needs\n before your own.\n""]"
38,"['00:06:25,694', '00:06:28,129']",[' The chance to fight\n for the good of all Kree.\n']
39,"['00:06:30,966', '00:06:33,032']",[' Then master yourself.\n']
40,"['00:06:40,008', '00:06:41,174']","["" I won't let you down.\n""]"
41,"['00:06:43,912', '00:06:45,480']",[' You have a mission.\n']
42,"['00:07:10,105', '00:07:11,771']","["" This can't be good.\n""]"
43,"['00:07:13,808', '00:07:15,143']","["" Whatever it is, it's big.\n""]"
44,"['00:07:17,679', '00:07:18,845']",[' Once.\n']
45,"['00:07:21,216', '00:07:23,616']",[' Because I stared into the\n face of my mortal enemy...\n']
46,"['00:07:25,854', '00:07:27,053']","[' Maybe if you were\n more attractive,\n']"
47,"['00:07:28,690', '00:07:30,790']","["" You think you're funny,\n but I'm not laughing.\n""]"
48,"['00:07:32,027', '00:07:35,094']",[' I laugh on the inside.\n']
49,"['00:07:36,498', '00:07:37,664']","["" It's funny 'cause,\n objectively speaking,\n""]"
50,"['00:07:38,867', '00:07:40,066']","[' Well, thank you.\n']"
51,"['00:07:42,671', '00:07:43,705']",[' All right.\n']
52,"['00:07:47,575', '00:07:50,510']","[' a search and rescue\n of our spy, Soh-Larr.\n']"
53,"['00:07:53,782', '00:07:55,748']","[' This time, Torfa.\n']"
54,"['00:07:56,851', '00:08:00,155']","["" The signal was intercepted,\n and his cover's blown.\n""]"
55,"['00:08:03,725', '00:08:05,591']",[' has sent kill units\n to find him.\n']
56,"['00:08:07,162', '00:08:08,561']","["" the intelligence\n he's acquired\n""]"
57,"['00:08:11,633', '00:08:13,066']",[' The Accusers will bomb\n']
58,"['00:08:15,170', '00:08:18,638']","[' We slip in,\n we locate Soh-Larr...\n']"
59,"['00:08:21,776', '00:08:24,043']",[' The Torfan populace.\n']
60,"['00:08:25,547', '00:08:26,546']",[' nor them with us.\n']
61,"['00:08:30,085', '00:08:32,085']",[' Proceed with caution.\n']
62,"['00:08:35,991', '00:08:37,724']",[' This is\n a dangerous mission.\n']
63,"['00:08:40,662', '00:08:42,128']",[' if that is our fate today.\n']
64,"['00:08:43,264', '00:08:44,265']",[' For the good\n of all Kree!\n']
65,"['00:09:57,205', '00:09:59,908']","[' Att-Lass, Minn-Erva,\n find elevation.\n']"
66,"['00:10:21,096', '00:10:22,695']",[' Maybe a dozen.\n']
67,"['00:10:25,667', '00:10:28,169']",[' Do you read me?\n Does anybody copy?\n']
68,"['00:10:43,918', '00:10:46,285']","["" His beacon's coming from\n that temple. Let's move.\n""]"
69,"['00:10:48,890', '00:10:50,123']","[' Only one way in,\n only one way out.\n']"
70,"['00:10:51,860', '00:10:54,461']","["" We don't know if they are locals.\n Too risky.\n""]"
71,"['00:10:55,864', '00:10:56,865']","["" No, you won't.\n""]"
72,"['00:11:04,005', '00:11:06,040']","[' We lose comms,\n we meet back at the <i>Helion.</i>\n']"
73,"['00:11:20,456', '00:11:22,088']","[' Att-Lass, you getting this?\n']"
74,"['00:11:33,502', '00:11:34,769']",[' Get back!\n']
75,"['00:11:43,978', '00:11:46,946']",[' Get back! Back!\n']
76,"['00:11:50,818', '00:11:52,952']",[' Keep them back.\n Minn-Erva?\n']
77,"['00:11:58,860', '00:12:00,128']","["" I don't wanna hurt you.\n""]"
78,"['00:12:07,369', '00:12:08,370']",[' Stay back!\n']
79,"['00:12:15,143', '00:12:16,844']","["" They're just starving.\n""]"
80,"['00:12:44,038', '00:12:46,841']",[' TRT79-VVX6.\n']
81,"['00:12:59,488', '00:13:00,489']",[' Skrulls!\n']
82,"['00:13:19,375', '00:13:21,575']",[' <i>Vers? Skrulls.</i>\n']
83,"['00:13:42,431', '00:13:43,465']",[' Incoming!\n']
84,"['00:13:50,472', '00:13:51,806']",[' <i>Vers. Do you copy?</i>\n']
85,"['00:13:54,410', '00:13:55,642']",[' <i>Come in. Vers.</i>\n']
86,"['00:13:58,179', '00:14:00,416']",[' How about\n I tell you my secret...\n']
87,"['00:14:08,089', '00:14:09,491']","["" <i>Let's open her up.</i>\n""]"
88,"['00:14:24,138', '00:14:25,474']",[' <i>Stand by.</i>\n']
89,"['00:14:29,511', '00:14:32,011']","["" In the clouds.\n Where's yours?\n""]"
90,"['00:14:33,515', '00:14:35,349']",[' About to show these boys\n how we do it.\n']
91,"['00:14:36,918', '00:14:37,983']","[' Higher, further,\n faster, baby.\n']"
92,"['00:14:48,963', '00:14:50,298']","["" <i>This can't be right.</i>\n""]"
93,"['00:14:57,406', '00:15:00,241']","["" You're going too fast!\n You need to go slow!\n""]"
94,"['00:15:16,392', '00:15:17,524']",[' What the hell\n are you thinking?\n']
95,"['00:15:18,560', '00:15:20,259']",[' <i>I think\n we went back too far.</i>\n']
96,"['00:15:21,663', '00:15:23,164']",[' <i>Let me try something.</i>\n']
97,"['00:15:26,968', '00:15:28,470']","["" You don't belong out here!\n""]"
98,"['00:15:33,207', '00:15:34,476']","["" You'll kill yourself.\n""]"
99,"['00:15:42,116', '00:15:44,518']","["" <i>Am I the only one\n that's confused here?</i>\n""]"
100,"['00:15:46,755', '00:15:47,788']","["" But you're too emotional.\n""]"
101,"['00:15:58,299', '00:16:01,568']",[' A huge rumble throughout\n the cosmos shook the moon...\n']
102,"['00:16:04,673', '00:16:05,639']","[' And so,\n']"
103,"['00:16:08,276', '00:16:10,610']","["" Did you see her?\n It's Alouette.\n""]"
104,"['00:16:14,248', '00:16:16,516']","[' Prepare for takeoff,\n Lieutenant Trouble.\n']"
105,"['00:16:17,753', '00:16:19,084']",[' <i>Hang on.</i>\n']
106,"['00:16:25,159', '00:16:26,626']",[' Goose likes you.\n']
107,"['00:16:28,262', '00:16:29,663']",[' Early start to your morning.\n']
108,"['00:16:31,098', '00:16:33,165']","["" I can't sleep\n when there's work to do.\n""]"
109,"['00:16:34,101', '00:16:35,704']",[' Flying your planes\n never feels like work.\n']
110,"['00:16:38,807', '00:16:41,040']",[' I prefer the view\n from up there.\n']
111,"['00:16:42,344', '00:16:44,478']","["" <i>Wait! Wait, wait!\n That's her. Get her back.</i>\n""]"
112,"['00:16:49,685', '00:16:51,217']",[' Sound familiar?\n']
113,"['00:16:54,790', '00:16:56,623']",[' I prefer the view\n from up there.\n']
114,"['00:16:58,059', '00:16:59,158']","["" <i>What's that\n on her shirt?</i>\n""]"
115,"['00:17:01,797', '00:17:03,665']","["" Wonderful view, isn't it?\n""]"
116,"['00:17:08,604', '00:17:11,203']",[' - <i>Focus.</i>\n - Excuse me?\n']
117,"['00:17:13,074', '00:17:15,107']",[' <i>Focus.</i>\n']
118,"['00:17:17,779', '00:17:18,745']","[' Do you hear that, too?\n']"
119,"['00:17:22,484', '00:17:24,049']",[' <i>Got it.</i>\n']
120,"['00:17:30,726', '00:17:32,394']",[' <i>Interesting.</i>\n']
121,"['00:17:36,498', '00:17:39,301']",[' <i>Go back right before this.\n Go back.</i>\n']
122,"['00:17:42,871', '00:17:45,505']","["" <i>This is it.\n Now let me see where you're headed.</i>\n""]"
123,"['00:17:48,410', '00:17:49,745']",[' <i>Focus.</i>\n']
124,"['00:17:53,382', '00:17:54,748']","["" <i>That's it. That's it.</i>\n""]"
125,"['00:17:55,817', '00:17:57,686']","["" <i>You're almost there.\n Don't fight it.</i>\n""]"
126,"['00:18:02,491', '00:18:04,125']",[' <i>Get her back!\n Get her back now!</i>\n']
127,"['00:18:25,246', '00:18:29,416']",[' Do we have any information\n we can act on?\n']
128,"['00:18:32,219', '00:18:33,353']","["" We're on our way.\n""]"
129,"['00:18:36,223', '00:18:39,394']",[' Lawson is our link\n to that light-speed engine!\n']
130,"['00:18:49,671', '00:18:50,672']",[' Oh!\n']
131,"['00:18:52,941', '00:18:54,376']",[' Try that again.\n']
132,"['00:19:16,531', '00:19:18,632']",[' What did you do to me?\n']
133,"['00:19:20,602', '00:19:22,302']",[' What did you put in my head?\n']
134,"['00:19:25,741', '00:19:27,307']","["" But those aren't my memories.\n""]"
135,"['00:19:29,845', '00:19:32,345']","["" I'm not surprised\n you can't keep it straight.\n""]"
136,"['00:19:34,549', '00:19:35,715']",[' Enough of your mind games.\n']
137,"['00:19:39,388', '00:19:41,888']","["" We're looking for the location\n of a Dr. Lawson...\n""]"
138,"['00:19:43,659', '00:19:45,525']","["" I don't know any Dr. Lawson.\n""]"
139,"['00:20:19,961', '00:20:21,260']","["" You guys\n wouldn't happen to know\n""]"
140,"['00:20:22,764', '00:20:23,897']",[' No?\n']
141,"['00:20:47,989', '00:20:48,990']",[' Hmm.\n']
142,"['00:22:03,398', '00:22:04,633']",[' <i>You do\n know why they call it a...</i>\n']
143,"['00:22:24,886', '00:22:26,421']","["" We're just getting to know\n each other.\n""]"
144,"['00:23:55,076', '00:23:57,679']",[' Hello? Do you copy?\n']
145,"['00:24:29,110', '00:24:30,445']",[' Is this C-53?\n']
146,"['00:24:35,684', '00:24:37,951']",[' Yeah. I understand you.\n']
147,"['00:24:39,020', '00:24:41,056']",[' Are you in charge of security\n for this district?\n']
148,"['00:24:47,095', '00:24:48,997']",[' Where can I find\n communications equipment?\n']
149,"['00:25:30,205', '00:25:32,240']",[' Track the pod.\n Find the girl.\n']
150,"['00:25:38,146', '00:25:39,214']",[' Hey.\n']
151,"['00:25:52,594', '00:25:54,193']",[' Come on.\n']
152,"['00:25:55,364', '00:25:56,631']",[' Vers?\n']
153,"['00:25:59,301', '00:26:00,767']",[' <i>GRXV-1600.</i>\n']
154,"['00:26:03,038', '00:26:04,670']",[' <i>Is everyone okay?\n What happened?</i>\n']
155,"['00:26:06,641', '00:26:08,241']","["" I thought we'd lost you.\n""]"
156,"['00:26:09,378', '00:26:10,877']","["" <i>It wasn't Soh-Larr.</i>\n""]"
157,"['00:26:12,947', '00:26:15,181']","["" That's impossible.\n""]"
158,"['00:26:17,185', '00:26:18,751']",[' The Skrulls\n messed with my mind.\n']
159,"['00:26:19,854', '00:26:22,255']","["" I think it's how they\n extracted Soh-Larr's code.\n""]"
160,"['00:26:23,392', '00:26:25,792']","["" <i>I'm on planet C-53.</i>\n""]"
161,"['00:26:28,196', '00:26:29,796']",[' <i>Who?</i>\n']
162,"['00:26:33,034', '00:26:34,736']","["" <i>She's what?</i>\n""]"
163,"['00:26:37,806', '00:26:38,807']","[' Vers, what?\n']"
164,"['00:26:41,410', '00:26:43,643']","["" They think that she's cracked\n the code on light-speed tech.\n""]"
165,"['00:26:45,246', '00:26:46,946']","["" <i>or else they'll be able\n to invade new galaxies.</i>\n""]"
166,"['00:26:49,951', '00:26:52,118']",[' How far is C-53?\n']
167,"['00:26:54,823', '00:26:56,956']","[' <i>Vers, hold your\n position until we get there.</i>\n']"
168,"['00:26:59,027', '00:27:00,993']",[' No! What if they get\n a hold of it before...\n']
169,"['00:27:02,097', '00:27:03,262']",[' <i>A long-distance\n company access code</i>\n']
170,"['00:27:03,765', '00:27:05,967']",[' - Yon-Rogg?\n - Vers?\n']
171,"['00:27:08,504', '00:27:10,002']",[' <i>Please dial your call\n with the access code.</i>\n']
172,"['00:27:12,107', '00:27:14,941']","["" If the Skrulls got\n to her, she's compromised.\n""]"
173,"['00:27:17,812', '00:27:19,781']",[' Ever been to C-53?\n']
174,"['00:27:22,217', '00:27:24,351']","["" It's a real shithole.\n""]"
175,"['00:27:44,873', '00:27:46,308']",[' Did you call this in?\n']
176,"['00:28:05,427', '00:28:07,026']","[' Excuse me, miss.\n']"
177,"['00:28:09,465', '00:28:12,932']",[' through the roof of that\n Blockbuster over there?\n']
178,"['00:28:16,938', '00:28:18,338']",[' Oh.\n']
179,"['00:28:21,009', '00:28:24,344']","["" Uh, I'd like to ask you\n some questions.\n""]"
180,"['00:28:28,850', '00:28:30,850']","[' Could I see\n some identification, please?\n']"
181,"['00:28:32,354', '00:28:33,453']","["" We don't carry\n our identification\n""]"
182,"['00:28:34,523', '00:28:35,723']",[' Vers?\n']
183,"['00:28:39,761', '00:28:41,194']",[' How long you plan\n to be in town?\n']
184,"['00:28:42,364', '00:28:43,829']",[' as soon as I track down\n the Skrulls\n']
185,"['00:28:46,435', '00:28:47,769']",[' Skrulls?\n']
186,"['00:28:49,338', '00:28:52,408']",[' They can transform into any\n life-form down to the DNA.\n']
187,"['00:28:56,077', '00:28:58,978']","[' Whoa, whoa, whoa. Hold on.\n']"
188,"['00:29:04,353', '00:29:06,320']","[' Congratulations, Agent Fury.\n']"
189,"['00:29:08,390', '00:29:11,491']","[' No! Congratulations to you,\n Starforce lady.\n']"
190,"['00:29:21,437', '00:29:22,804']",[' Rook!\n']
191,"['00:29:34,483', '00:29:35,915']",[' Did you see her weapon?\n']
192,"['00:29:46,961', '00:29:48,062']",[' Watch it!\n']
193,"['00:30:44,152', '00:30:46,954']","[' ""Trust me,\n true believer."" ""Trust me.""\n']"
194,"['00:31:40,208', '00:31:41,209']",[' Get off!\n']
195,"['00:32:41,637', '00:32:43,605']","["" Let's greet them\n at the station.\n""]"
196,"['00:32:58,353', '00:33:00,288']","["" Uh, I'm still here\n at the Blockbuster.\n""]"
197,"['00:33:04,158', '00:33:06,160']",[' <i>I finished\n collecting evidence...</i>\n']
198,"['00:34:35,717', '00:34:37,182']",[' Someone call 911!\n']
199,"['00:34:38,720', '00:34:40,720']","[' Oh, my gosh!\n Is everyone okay?\n']"
200,"['00:34:41,690', '00:34:45,425']",[' Official S.H.I.E.L.D.\n activity. Stay back.\n']
201,"['00:35:40,716', '00:35:42,716']","[' Lighten up, honey, huh?\n']"
202,"['00:35:48,790', '00:35:50,124']",[' Freak.\n']
203,"['00:36:13,280', '00:36:15,649']","[' Whatever he runs on,\n']"
204,"['00:36:17,218', '00:36:19,688']","["" You're saying\n he's not from around here?\n""]"
205,"['00:36:22,758', '00:36:25,257']","["" Well, I'd say fine...\n""]"
206,"['00:36:30,264', '00:36:35,402']",[' You say this thing\n looked like Coulson?\n']
207,"['00:36:37,439', '00:36:40,340']",[' And the woman said\n that there were more?\n']
208,"['00:36:42,411', '00:36:43,576']",[' You believe her?\n']
209,"['00:36:45,881', '00:36:48,948']","["" What's your plan?\n""]"
210,"['00:36:50,919', '00:36:53,319']",[' I got word\n on a motorcycle thief\n']
211,"['00:36:55,256', '00:36:57,991']",[' If she can tell us\n why these lizards are here...\n']
212,"['00:37:00,429', '00:37:01,430']",[' Good.\n']
213,"['00:37:06,368', '00:37:08,501']",[' Not even our own men.\n']
214,"['00:37:24,052', '00:37:27,353']","["" Wow. They're ugly bastards,\n aren't they?\n""]"
215,"['00:37:35,731', '00:37:38,299']","[' Safe journey to the beyond,\n my friend.\n']"
216,"['00:37:51,646', '00:37:53,648']","["" I wouldn't get\n too close there, boss.\n""]"
217,"['00:38:33,021', '00:38:34,354']",[' Boom!\n']
218,"['00:39:00,982', '00:39:02,551']",[' Where was\n this photograph taken?\n']
219,"['00:39:04,719', '00:39:06,052']","["" Where's Pegasus?\n""]"
220,"['00:39:08,123', '00:39:11,493']",[' Not unlike the file\n I started on you.\n']
221,"['00:39:15,797', '00:39:17,630']",[' Grunge is a good look\n for you.\n']
222,"['00:39:19,167', '00:39:20,867']","[' It was cool, you know?\n']"
223,"['00:39:23,839', '00:39:27,874']",[' Got to watch\n an alien autopsy.\n']
224,"['00:39:29,611', '00:39:30,543']",[' So you saw one?\n']
225,"['00:39:34,482', '00:39:36,716']","["" but I can't unsee that.\n""]"
226,"['00:39:39,421', '00:39:41,788']","["" You think I'm one of\n those green things.\n""]"
227,"['00:39:43,158', '00:39:48,127']",[' You are looking at\n 100% red-blooded Earth man.\n']
228,"['00:39:49,664', '00:39:51,764']",[' We talking cheek swab\n or urine sample?\n']
229,"['00:39:53,702', '00:39:54,901']",[' Want my AOL password?\n']
230,"['00:39:56,938', '00:39:58,940']","[' - of their host bodies.\n - Oh, oh.\n']"
231,"['00:40:02,043', '00:40:03,943']","[' - Where were you born?\n - Huntsville, Alabama.\n']"
232,"['00:40:05,580', '00:40:07,046']",[' - Name of your first pet?\n - Mr. Snoofers.\n']
233,"['00:40:08,550', '00:40:09,616']",[' Do I pass?\n']
234,"['00:40:11,019', '00:40:12,886']",[' Soldier. Straight out of\n high school.\n']
235,"['00:40:14,155', '00:40:15,521']",[' - Then?\n - Spy.\n']
236,"['00:40:16,658', '00:40:17,891']",[' We were everywhere.\n']
237,"['00:40:20,762', '00:40:22,495']","["" I like the B's.\n I can make them rhyme.\n""]"
238,"['00:40:23,665', '00:40:24,764']",[' for the past six years...\n']
239,"['00:40:25,867', '00:40:26,933']",[' future enemies\n are coming from.\n']
240,"['00:40:28,136', '00:40:30,670']",[' they would be coming\n from above.\n']
241,"['00:40:32,007', '00:40:33,441']",[' a Skrull could never\n fabricate it.\n']
242,"['00:40:41,249', '00:40:42,949']","["" You didn't need that,\n did you?\n""]"
243,"['00:40:45,186', '00:40:47,020']",[' Okay. Your turn.\n']
244,"['00:40:57,232', '00:40:59,933']",[' And how is that\n supposed to prove to me\n']
245,"['00:41:01,236', '00:41:02,637']","["" That's a photon blast.\n""]"
246,"['00:41:04,072', '00:41:05,073']","["" A Skrull can't do that.\n""]"
247,"['00:41:07,542', '00:41:08,808']",[' turned spy\n turned S.H.I.E.L.D. agent...\n']
248,"['00:41:11,813', '00:41:12,881']","["" Where's Pegasus?\n""]"
249,"['00:41:21,623', '00:41:23,556']",[' to infiltrate\n and take over planets.\n']
250,"['00:41:27,729', '00:41:30,263']",[' Heroes.\n Noble warrior heroes.\n']
251,"['00:41:35,170', '00:41:37,103']",[' They believe\n that she developed\n']
252,"['00:41:39,107', '00:41:40,742']",[' Light-speed engine?\n']
253,"['00:41:43,144', '00:41:44,711']","["" the craziest thing\n I've heard today.\n""]"
254,"['00:41:46,315', '00:41:48,581']","[' And you,\n what do you want?\n']"
255,"['00:41:50,885', '00:41:51,886']",[' And?\n']
256,"['00:41:59,594', '00:42:02,295']",[' I know a rogue soldier\n when I see one.\n']
257,"['00:42:14,809', '00:42:16,609']",[' <i>This is government property.</i>\n']
258,"['00:42:18,613', '00:42:21,781']",[' Nicholas Joseph Fury.\n Agent of S.H.I.E.L.D.\n']
259,"['00:42:25,020', '00:42:26,853']",[' <i>One moment.</i>\n']
260,"['00:42:30,992', '00:42:32,725']",[' Everybody calls me Fury.\n']
261,"['00:42:36,765', '00:42:38,231']",[' - What does your mom call you?\n - Fury.\n']
262,"['00:42:39,968', '00:42:41,134']",[' What about your kids?\n']
263,"['00:42:43,071', '00:42:44,304']",[' <i>You are cleared\n for access.</i>\n']
264,"['00:43:15,337', '00:43:17,136']","[' Oh, hold up.\n']"
265,"['00:43:21,876', '00:43:22,877']",[' Put that on.\n']
266,"['00:43:26,348', '00:43:29,148']","[' Does, uh, announcing\n your identity on clothing\n']"
267,"['00:43:30,885', '00:43:33,088']",[' Said the space soldier who\n was wearing a rubber suit.\n']
268,"['00:43:46,368', '00:43:48,402']",[' How can I help you?\n']
269,"['00:43:52,941', '00:43:55,041']","["" We're looking for a woman\n named Lawson.\n""]"
270,"['00:43:58,880', '00:44:00,281']",[' Do you know her?\n']
271,"['00:44:06,422', '00:44:07,622']",[' Hmm.\n']
272,"['00:44:14,430', '00:44:15,630']",[' No.\n']
273,"['00:44:26,342', '00:44:27,740']",[' Is that a communicator?\n']
274,"['00:44:31,112', '00:44:32,312']",[' Who are you paging?\n']
275,"['00:45:14,756', '00:45:15,888']",[' After you.\n']
276,"['00:45:17,526', '00:45:20,295']","[' Oh, you should see what I\n can do with a paperclip.\n']"
277,"['00:45:35,143', '00:45:38,144']","[' Oh, my goodness. Look at you.\n Just look at you.\n']"
278,"['00:45:40,782', '00:45:43,015']","["" Aren't you cute?\n And what's your name, huh?\n""]"
279,"['00:45:44,152', '00:45:47,053']","[' ""Goose.""\n Cool name for a cool cat.\n']"
280,"['00:45:48,324', '00:45:49,325']",[' Hmm?\n']
281,"['00:45:56,164', '00:45:58,432']",[' Oh! Let me get\n my fingerprint out.\n']
282,"['00:46:04,239', '00:46:06,806']",[' You sat there and watched me\n play with tape?\n']
283,"['00:46:07,942', '00:46:09,345']","["" I didn't wanna steal\n your thunder.\n""]"
284,"['00:46:38,507', '00:46:41,843']","["" Lawson's plan\n for the light-speed engine.\n""]"
285,"['00:46:45,280', '00:46:49,784']","["" Um, maybe because\n she's cuckoo.\n""]"
286,"['00:46:53,955', '00:46:55,023']",[' Hmm?\n']
287,"['00:47:00,261', '00:47:02,094']","["" She's Kree.\n""]"
288,"['00:47:04,600', '00:47:06,265']",[' What?\n']
289,"['00:47:08,069', '00:47:10,136']",[' doing an unauthorized\n test flight.\n']
290,"['00:47:12,240', '00:47:14,508']","["" That's why security here\n is so unfriendly.\n""]"
291,"['00:47:19,213', '00:47:21,983']","[' Oh, and your light-speed\n engine is toast.\n']"
292,"['00:47:27,656', '00:47:30,892']",[' Six years ago. 1989.\n']
293,"['00:47:34,228', '00:47:37,497']","["" Um, most of\n this thing's redacted...\n""]"
294,"['00:47:41,969', '00:47:44,005']",[' Last person\n to see them alive.\n']
295,"['00:47:52,246', '00:47:53,382']",[' Mm-hmm.\n']
296,"['00:48:26,348', '00:48:28,582']","["" This isn't about\n fighting wars.\n""]"
297,"['00:48:36,257', '00:48:37,990']",[' <i>I know Lawson was Kree.</i>\n']
298,"['00:48:41,062', '00:48:43,697']",[' <i>Do you know anything\n about this?</i>\n']
299,"['00:48:45,434', '00:48:47,266']",[' sent from C-53.\n']
300,"['00:48:48,370', '00:48:51,072']","["" I'm cleared to tell you,\n Vers, but...\n""]"
301,"['00:48:59,080', '00:49:02,682']",[' She was working\n on a unique energy core.\n']
302,"['00:49:04,185', '00:49:07,054']",[' that apparently could\n help us win the war.\n']
303,"['00:49:15,196', '00:49:17,697']","["" She's cooperating\n with the investigation, sir.\n""]"
304,"['00:49:19,735', '00:49:21,703']",[' I want to\n question her alone.\n']
305,"['00:49:29,445', '00:49:31,445']",[' Does it say anything\n about me?\n']
306,"['00:49:33,315', '00:49:34,246']",[' <i>Why would it?</i>\n']
307,"['00:49:37,686', '00:49:39,388']",[' <i>On C-53?</i>\n']
308,"['00:49:43,291', '00:49:44,724']",[' when I visit\n the Supreme Intelligence.\n']
309,"['00:49:48,196', '00:49:50,530']","[' This sounds like\n Skrull simulation, Vers.\n']"
310,"['00:49:52,501', '00:49:54,434']",[' <i>Stop. Remember your training.</i>\n']
311,"['00:49:56,772', '00:50:00,241']",[' <i>Do not let your emotions\n override your judgment.</i>\n']
312,"['00:50:03,512', '00:50:05,144']","["" I'll get off on five...\n""]"
313,"['00:50:08,317', '00:50:11,451']",[' Do a pincer move\n like we did in Havana.\n']
314,"['00:50:25,266', '00:50:26,366']","["" <i>We're nearing\n the jump point.</i>\n""]"
315,"['00:50:28,737', '00:50:31,304']","["" We'll get to\n the bottom of this, Vers.\n""]"
316,"['00:50:35,444', '00:50:36,712']",[' Okay.\n']
317,"['00:50:57,633', '00:50:59,033']",[' Vers!\n']
318,"['00:51:17,553', '00:51:18,885']",[' Then why would he call us in?\n']
319,"['00:51:20,455', '00:51:21,588']",[' Dead or alive.\n']
320,"['00:51:37,706', '00:51:38,941']","[' Go. Go, go!\n']"
321,"['00:52:11,640', '00:52:12,674']",[' Mmm-mmm.\n']
322,"['00:52:36,765', '00:52:40,769']",[' but they do\n kinda complete the look.\n']
323,"['00:53:00,355', '00:53:01,488']",[' You called them in?\n']
324,"['00:53:17,339', '00:53:19,005']","[' Coulson,\n do you have eyes on them?\n']"
325,"['00:53:22,276', '00:53:23,311']","["" Let's try up there.\n""]"
326,"['00:53:33,855', '00:53:35,922']","["" You obviously\n can't be trusted with it.\n""]"
327,"['00:54:08,423', '00:54:09,556']","["" Uh, we'll see.\n""]"
328,"['00:54:14,996', '00:54:15,997']",[' Yes.\n']
329,"['00:54:48,530', '00:54:49,731']",[' We got a stowaway.\n']
330,"['00:55:00,075', '00:55:01,275']",[' Goose.\n']
331,"['00:55:06,782', '00:55:10,416']","["" Who's a good kitty, huh?\n Huh, Goose?\n""]"
332,"['00:55:12,087', '00:55:14,454']","["" Who's a good kitty, Goose?\n""]"
333,"['00:55:15,757', '00:55:16,892']",[' See anyone you know?\n']
334,"['00:55:20,428', '00:55:23,965']",[' I arrived on Hala near dead.\n No memory.\n']
335,"['00:55:26,067', '00:55:28,468']","["" So, you think\n you're the pilot\n""]"
336,"['00:55:29,805', '00:55:32,138']","["" I'm saying the last person\n to see them alive\n""]"
337,"['00:55:33,475', '00:55:35,074']",[' - Maria Rambeau?\n - Mm-hmm.\n']
338,"['00:55:37,779', '00:55:40,448']",[' Due east.\n Hang a right at Memphis.\n']
339,"['00:55:43,919', '00:55:45,985']",[' that stopped the Skrulls\n from finding us?\n']
340,"['00:55:48,056', '00:55:49,656']","["" I guess\n he doesn't hate me yet.\n""]"
341,"['00:55:53,395', '00:55:55,061']","[' I guess he had a feeling,\n you know?\n']"
342,"['00:55:57,499', '00:55:58,932']","["" That's a really\n hard thing to do.\n""]"
343,"['00:56:00,969', '00:56:03,603']",[' I get in trouble for that.\n A lot.\n']
344,"['00:56:05,874', '00:56:10,043']",[' Rescuing the guy who sold\n you out to the Skrulls?\n']
345,"['00:56:11,479', '00:56:13,112']",[' standard\n Kree operating procedure.\n']
346,"['00:56:23,625', '00:56:24,757']",[' Ronan.\n']
347,"['00:56:26,795', '00:56:28,194']","[' <i>but the greater mission\n was a failure,</i>\n']"
348,"['00:56:29,598', '00:56:31,064']",[' It was a trap\n']
349,"['00:56:33,902', '00:56:35,034']",[' <i>Give us their location.</i>\n']
350,"['00:56:36,905', '00:56:39,839']",[' By bombing them\n out of the galaxy?\n']
351,"['00:56:42,043', '00:56:44,143']",[' <i>A cell of Skrulls anywhere</i>\n']
352,"['00:56:46,481', '00:56:47,547']",[' <i>Where are they?</i>\n']
353,"['00:56:50,452', '00:56:52,919']",[' They are lost for now.\n']
354,"['00:56:54,656', '00:56:58,026']","[' <i>Do so, or we will.</i>\n']"
355,"['00:57:23,885', '00:57:26,054']","["" Excuse me,\n I'm looking for Maria Rambeau.\n""]"
356,"['00:57:29,758', '00:57:31,693']","["" Mom, it's Auntie Carol!\n""]"
357,"['00:57:35,597', '00:57:37,666']",[' But we knew they were lying.\n']
358,"['00:57:51,046', '00:57:53,146']",[' That is the craziest shit\n I ever heard.\n']
359,"['00:57:56,284', '00:57:57,984']","[' You are\n absolutely right, young lady.\n']"
360,"['00:57:59,721', '00:58:01,087']","["" 'Cause if there were,\n""]"
361,"['00:58:03,792', '00:58:04,859']","["" You don't believe me?\n""]"
362,"['00:58:14,602', '00:58:16,669']","["" That's so cool!\n""]"
363,"['00:58:18,106', '00:58:19,539']",[' with those hands.\n']
364,"['00:58:20,642', '00:58:21,943']",[' Maybe later.\n']
365,"['00:58:24,679', '00:58:26,813']","["" I'll go get it.\n""]"
366,"['00:58:28,717', '00:58:29,784']",[' Hmm?\n']
367,"['00:58:48,103', '00:58:51,539']",[' I see flashes.\n']
368,"['00:58:54,976', '00:58:56,578']","["" But I can't tell\n what's real.\n""]"
369,"['00:59:02,684', '00:59:04,919']","["" maybe it'll all\n make sense.\n""]"
370,"['00:59:11,327', '00:59:13,760']",[' Your usual move.\n']
371,"['00:59:16,698', '00:59:19,232']","["" The Air Force still wasn't\n letting women fly combat...\n""]"
372,"['00:59:21,936', '00:59:23,236']",[' at doing something\n that mattered.\n']
373,"['00:59:26,141', '00:59:27,073']","["" and I wasn't about to argue,\n""]"
374,"['00:59:29,177', '00:59:31,611']","[' But you cheated,\n took a shortcut.\n']"
375,"['00:59:33,181', '00:59:34,280']",[' Since it violates\n the predetermined\n']
376,"['00:59:35,384', '00:59:36,849']","["" I definitely\n don't remember those.\n""]"
377,"['00:59:43,291', '00:59:48,861']","[' When I got to the hangar,\n Lawson was agitated.\n']"
378,"['00:59:52,867', '00:59:54,267']","[' She was trying\n to take the Asis up herself,\n']"
379,"['00:59:55,404', '00:59:59,205']","[' If there were lives at stake,\n I would fly the plane.\n']"
380,"['01:00:04,079', '01:00:08,014']","["" The kind of moment\n we'd both been waiting for.\n""]"
381,"['01:00:11,820', '01:00:16,358']","["" But now you're saying\n she's from another planet.\n""]"
382,"['01:00:19,894', '01:00:21,830']","[' Oh, what?\n This part right here?\n']"
383,"['01:00:27,769', '01:00:32,205']","["" Oh, what's hard\n is losing my best friend...\n""]"
384,"['01:00:33,741', '01:00:35,810']",[' they act like it never\n even happened.\n']
385,"['01:00:41,350', '01:00:43,251']",[' too damn stubborn to die.\n']
386,"['01:00:47,456', '01:00:49,689']",[' with your supercharged\n fire hands...\n']
387,"['01:00:51,793', '01:00:53,329']","["" I don't even know what.\n Vers?\n""]"
388,"['01:00:59,401', '01:01:01,136']","["" I don't know.\n""]"
389,"['01:01:14,182', '01:01:15,982']",[' This is me and you\n on Halloween.\n']
390,"['01:01:19,355', '01:01:21,087']","[' Oh, this is you\n when you were little.\n']"
391,"['01:01:23,057', '01:01:24,824']",[' so Mom said\n we became your real family.\n']
392,"['01:01:26,395', '01:01:27,528']",[' I got my favorite\n bunny slippers.\n']
393,"['01:01:29,465', '01:01:30,796']","["" You've always wanted\n to be a pilot.\n""]"
394,"['01:01:31,866', '01:01:33,099']",[' This was your dog\n that you got for Christmas...\n']
395,"['01:01:35,337', '01:01:36,736']",[' And this is you with Mom\n']
396,"['01:01:38,006', '01:01:39,306']",[' These were\n your three favorite guys.\n']
397,"['01:01:43,044', '01:01:44,744']",[' Your jacket.\n']
398,"['01:01:46,080', '01:01:47,782']",[' after I spilled\n ketchup on it.\n']
399,"['01:02:04,533', '01:02:06,267']",[' Or so we thought.\n']
400,"['01:02:12,907', '01:02:14,541']","["" It's just my neighbor.\n""]"
401,"['01:02:21,550', '01:02:23,049']",[' Hi there.\n']
402,"['01:02:25,421', '01:02:27,220']","[' - Uh...\n - Hey, Tom.\n']"
403,"['01:02:28,890', '01:02:30,191']",[' Oh. Pleased to meet you.\n']
404,"['01:02:33,562', '01:02:36,796']","["" Static electricity\n out here's no joke.\n""]"
405,"['01:02:39,501', '01:02:40,833']",[' and I was just wondering...\n']
406,"['01:02:42,003', '01:02:43,202']",[' to get a closer look-see?\n']
407,"['01:02:45,541', '01:02:48,843']","[' To see the ""bird""\n parked out by the road?\n']"
408,"['01:02:50,178', '01:02:51,811']","["" You're really working\n overtime\n""]"
409,"['01:02:55,183', '01:02:57,984']","["" I'm sorry, Tom.\n This really isn't a good time.\n""]"
410,"['01:02:59,588', '01:03:01,490']",[' - Uh...\n - Okay.\n']
411,"['01:03:07,829', '01:03:09,061']","["" You never know\n when you're gonna need\n""]"
412,"['01:03:13,402', '01:03:15,602']","[' Now, hang on a second.\n']"
413,"['01:03:19,308', '01:03:22,277']","["" making a mess\n of your friend's house...\n""]"
414,"['01:03:24,480', '01:03:25,780']","[' Oh, my God!\n']"
415,"['01:03:31,453', '01:03:33,021']","["" No one's gonna hurt the girl.\n""]"
416,"['01:03:36,190', '01:03:38,157']",[' That would really complicate\n the situation.\n']
417,"['01:03:40,962', '01:03:42,329']",[' with some ugly-ass\n Skrull brains.\n']
418,"['01:03:44,098', '01:03:47,867']",[' But now I stand before you\n as my true self.\n']
419,"['01:03:49,137', '01:03:50,339']",[' And who is that out there?\n']
420,"['01:03:53,875', '01:03:55,475']","["" but I'm sure\n that you understand\n""]"
421,"['01:03:57,912', '01:04:01,113']",[' I saw you crush\n 20 of my best men\n']
422,"['01:04:02,283', '01:04:03,517']",[' I just wanna talk.\n']
423,"['01:04:04,586', '01:04:06,018']",[' I ended up\n hanging from my ankles.\n']
424,"['01:04:08,524', '01:04:11,826']",[' Before I knew what made you\n different from the others.\n']
425,"['01:04:15,096', '01:04:18,130']",[' of your voice\n from a plane crash\n']
426,"['01:04:19,601', '01:04:24,404']","[' on a device I believe\n you call a ""black box.""\n']"
427,"['01:04:27,141', '01:04:28,342']","["" How'd you get it?\n""]"
428,"['01:04:29,511', '01:04:31,043']","[' Young lady,\n I have a special skill...\n']"
429,"['01:04:32,481', '01:04:34,648']","["" to get into places\n I'm not supposed to be.\n""]"
430,"['01:04:36,017', '01:04:37,317']","["" I'm gonna put my foot\n in a place\n""]"
431,"['01:04:40,922', '01:04:43,191']",[' Am I supposed to guess\n where that is?\n']
432,"['01:04:44,727', '01:04:47,627']","["" Okay, I get it. We're all\n a little on edge here.\n""]"
433,"['01:04:49,598', '01:04:51,097']",[' decoding some coordinates.\n']
434,"['01:04:53,101', '01:04:56,237']","["" I assure you,\n it'll be worth your while.\n""]"
435,"['01:05:01,677', '01:05:02,942']",[' Deal.\n']
436,"['01:05:06,080', '01:05:07,414']","["" How'd that get in here?\n""]"
437,"['01:05:10,017', '01:05:11,117']",[' The cat?\n']
438,"['01:05:12,621', '01:05:13,921']","["" That's not a cat.\n""]"
439,"['01:05:17,125', '01:05:18,627']",[' Mom?\n']
440,"['01:05:27,369', '01:05:29,003']","["" - Why can't I listen, too?\n - Shh!\n""]"
441,"['01:05:58,333', '01:05:59,635']","["" It's loading.\n""]"
442,"['01:06:05,173', '01:06:09,609']","[' <i>5-2-2-9,\n negative 4-7, 8.7-6-8, 0.2.</i>\n']"
443,"['01:06:11,713', '01:06:13,346']",[' <i>My laboratory.</i>\n']
444,"['01:06:15,651', '01:06:16,683']","[' <i>Oh, no.</i>\n']"
445,"['01:06:19,153', '01:06:20,620']","["" <i>It's not showing up\n on my radar.</i>\n""]"
446,"['01:06:22,524', '01:06:25,057']","["" That's no MiG, Lawson.\n Who the hell are they?\n""]"
447,"['01:06:27,128', '01:06:28,129']","["" Yes, ma'am.\n""]"
448,"['01:06:36,472', '01:06:38,072']",[' I never should have\n brought you along.\n']
449,"['01:07:03,699', '01:07:05,467']","["" They're firing backwards.\n Hold on!\n""]"
450,"['01:07:22,149', '01:07:23,251']","[' Stay with me, Lawson!\n']"
451,"['01:07:42,871', '01:07:45,539']","[' Yeah, I copy.\n We hit ground.\n']"
452,"['01:07:47,309', '01:07:49,444']",[' Yeah! I copy.\n']
453,"['01:07:54,248', '01:07:55,617']",[' Your blood.\n']
454,"['01:07:58,353', '01:08:01,490']","["" Yeah, but, uh,\n how's my hair?\n""]"
455,"['01:08:08,397', '01:08:11,565']",[' I gotta destroy it\n before they get here.\n']
456,"['01:08:13,167', '01:08:15,669']",[' You remember what I said about\n our work here?\n']
457,"['01:08:17,806', '01:08:19,306']",[' To end wars?\n']
458,"['01:08:24,178', '01:08:25,547']",[' Damn it!\n']
459,"['01:08:28,584', '01:08:31,685']","[' My real name is Mar-Vell,\n']"
460,"['01:08:35,791', '01:08:38,190']","["" I would say\n that you're delusional...\n""]"
461,"['01:08:39,728', '01:08:42,227']",[' and your blood is blue.\n']
462,"['01:08:46,233', '01:08:48,167']","[' Now, skedaddle\n before you give me\n']"
463,"['01:08:49,471', '01:08:52,204']","[' Just remember\n the coordinates, okay?\n']"
464,"['01:08:53,809', '01:08:54,808']",[' Save who? How?\n']
465,"['01:08:58,212', '01:08:59,448']",[' What are you doing?\n']
466,"['01:09:21,770', '01:09:23,036']",[' No?\n']
467,"['01:09:27,542', '01:09:28,910']",[' The energy core.\n']
468,"['01:09:31,313', '01:09:33,747']","["" Pararescue's on the way.\n""]"
469,"['01:09:35,917', '01:09:38,752']",[' Then I see no reason\n to prolong this conversation.\n']
470,"['01:09:46,328', '01:09:47,629']",[' You mean that energy core?\n']
471,"['01:10:36,878', '01:10:40,513']","["" Commander? She's still moving.\n Permission to fire.\n""]"
472,"['01:10:51,526', '01:10:53,560']","["" There's nothing left.\n""]"
473,"['01:11:04,773', '01:11:06,775']",[' She absorbed its power.\n']
474,"['01:11:31,700', '01:11:33,001']",[' He lied to me.\n']
475,"['01:11:37,806', '01:11:40,540']","[' Now, you understand.\n']"
476,"['01:11:43,078', '01:11:45,111']",[' Yon-Rogg killed Mar-Vell.\n']
477,"['01:11:47,115', '01:11:49,015']","["" 'cause she found out\n that she was\n""]"
478,"['01:11:52,454', '01:11:53,953']",[' No.\n']
479,"['01:11:56,391', '01:11:57,924']",[' They kill innocents.\n']
480,"['01:11:59,861', '01:12:03,563']",[' Ruins that the Accusers\n are responsible for.\n']
481,"['01:12:07,636', '01:12:10,737']","[' Homeless, ever since\n we resisted Kree rule...\n']"
482,"['01:12:12,874', '01:12:16,609']",[' And the handful of us\n that are left\n']
483,"['01:12:18,780', '01:12:22,784']",[' unless you help me finish\n what Mar-Vell started.\n']
484,"['01:12:25,620', '01:12:27,387']",[' would have powered\n a light-speed ship...\n']
485,"['01:12:29,157', '01:12:33,328']","["" A new home where\n the Kree can't reach us.\n""]"
486,"['01:12:37,065', '01:12:38,598']","["" wasn't to fight wars...\n""]"
487,"['01:12:40,101', '01:12:45,740']",[' She wanted you to help us\n find the core.\n']
488,"['01:12:47,909', '01:12:49,676']","[' No, you destroyed\n the engine.\n']"
489,"['01:12:52,814', '01:12:57,183']",[' If you help us\n decode those coordinates...\n']
490,"['01:13:00,655', '01:13:02,357']","["" You'll use it\n to destroy us.\n""]"
491,"['01:13:11,766', '01:13:17,070']",[' You and I lost everything\n at the hands of the Kree.\n']
492,"['01:13:19,074', '01:13:20,575']","["" You're not one of them.\n""]"
493,"['01:13:26,514', '01:13:28,884']",[' You have no idea\n who I am.\n']
494,"['01:13:34,623', '01:13:36,858']",[' You are Carol Danvers.\n']
495,"['01:13:40,228', '01:13:42,864']",[' risking her life\n to do the right thing.\n']
496,"['01:13:46,635', '01:13:49,636']",[' who supported me\n as a mother and a pilot\n']
497,"['01:13:51,706', '01:13:56,910']","[' You are smart, and funny,\n and a huge pain in the ass...\n']"
498,"['01:14:00,248', '01:14:03,518']",[' way before you could\n shoot fire from your fists.\n']
499,"['01:14:06,988', '01:14:08,823']",[' Do you hear me?\n']
500,"['01:14:18,767', '01:14:20,101']",[' I got you.\n']
501,"['01:14:27,709', '01:14:29,943']",[' but you were our only lead.\n']
502,"['01:14:32,213', '01:14:35,016']","["" matched Mar-Vell's core.\n""]"
503,"['01:14:39,621', '01:14:43,591']",[' If only you knew\n the importance of it to me.\n']
504,"['01:14:46,528', '01:14:50,730']","["" decoding the coordinates\n to Mar-Vell's lab.\n""]"
505,"['01:14:53,902', '01:14:55,969']",[' For orbital position\n and velocity.\n']
506,"['01:14:57,806', '01:14:59,138']","["" 'cause it's not on Earth.\n""]"
507,"['01:15:00,075', '01:15:01,674']",[' on the date\n of the crash six years ago.\n']
508,"['01:15:03,044', '01:15:05,611']","["" we'll find it in orbit\n right now.\n""]"
509,"['01:15:09,751', '01:15:10,552']",[' In orbit?\n']
510,"['01:15:14,289', '01:15:17,223']","["" I mean, you're\n my science guy, right?\n""]"
511,"['01:15:19,961', '01:15:22,795']","["" We've got to get to the core\n before he does.\n""]"
512,"['01:15:24,666', '01:15:25,732']",[' In what?\n']
513,"['01:15:27,635', '01:15:29,869']",[' I can handle\n the modifications.\n']
514,"['01:15:38,347', '01:15:39,981']","[' Well, I could use\n a copilot.\n']"
515,"['01:15:43,918', '01:15:45,952']","["" I can't leave Monica.\n""]"
516,"['01:15:49,257', '01:15:51,624']","["" There's no way I'm going,\n baby. It's too dangerous.\n""]"
517,"['01:15:53,695', '01:15:54,729']",[' and you used to do that.\n']
518,"['01:15:58,334', '01:15:59,999']",[' in a craft not designed\n for the journey...\n']
519,"['01:16:01,836', '01:16:02,935']",[' with\n a technologically-superior\n']
520,"['01:16:04,373', '01:16:05,938']",[' Correct?\n']
521,"['01:16:07,008', '01:16:08,274']",[' - You have to go!\n - Monica!\n']
522,"['01:16:09,677', '01:16:10,910']",[' in the history\n of missions...\n']
523,"['01:16:12,781', '01:16:13,982']",[' and watch <i>Fresh Prince</i>\n with me?\n']
524,"['01:16:15,884', '01:16:17,083']",[' I just think\n you should consider...\n']
525,"['01:16:27,996', '01:16:29,396']","["" What's going on around here?\n""]"
526,"['01:16:30,665', '01:16:32,067']","["" I'll explain inside.\n Thank you.\n""]"
527,"['01:16:39,408', '01:16:40,907']","[' When they were\n handing out kids,\n']"
528,"['01:16:43,111', '01:16:44,112']",[' Lieutenant Trouble.\n']
529,"['01:16:48,116', '01:16:49,584']",[' Is that mine?\n']
530,"['01:16:52,421', '01:16:55,288']",[' You hang on to it\n until I come back.\n']
531,"['01:16:57,992', '01:17:00,860']","["" I can't wear\n these Kree colors anymore.\n""]"
532,"['01:17:03,932', '01:17:05,800']",[' with any sense of style...\n']
533,"['01:17:10,205', '01:17:11,239']",[' Whoa.\n']
534,"['01:17:17,313', '01:17:18,314']",[' Uh-uh.\n']
535,"['01:17:24,386', '01:17:26,821']","["" Well, since we're\n on the same team...\n""]"
536,"['01:17:40,336', '01:17:42,003']",[' How do I look?\n']
537,"['01:18:06,794', '01:18:08,861']",[' What took you so long?\n']
538,"['01:18:11,833', '01:18:14,267']","[' - PRY46-B...\n - No, no codes.\n']"
539,"['01:18:17,071', '01:18:19,406']","["" Okay, then let's do this.\n""]"
540,"['01:18:22,877', '01:18:25,778']","["" The person you most admire\n and respect, I'd guess.\n""]"
541,"['01:18:28,384', '01:18:31,784']",[' And what is your\n earliest memory of Hala?\n']
542,"['01:18:33,322', '01:18:35,522']",[' Blue blood\n running through my veins.\n']
543,"['01:18:39,328', '01:18:40,362']",[' Hmm.\n']
544,"['01:18:56,412', '01:18:58,010']",[' What have you done with her?\n']
545,"['01:19:16,465', '01:19:17,499']",[' She knows?\n']
546,"['01:19:35,817', '01:19:36,949']",[' Come at once.\n']
547,"['01:19:39,187', '01:19:42,221']",[' <i>the infestation\n will be eradicated.</i>\n']
548,"['01:19:49,197', '01:19:52,466']","["" You know, you really shouldn't\n have that thing on your lap.\n""]"
549,"['01:19:55,937', '01:19:58,838']",[' And as long as he continues\n to freak you out...\n']
550,"['01:20:00,108', '01:20:02,509']","["" yeah, I'm gonna keep\n giving him\n""]"
551,"['01:20:05,514', '01:20:07,314']",[' Can I ask you something?\n']
552,"['01:20:09,518', '01:20:11,385']","[' Ah, well,\n I have to see it first.\n']"
553,"['01:20:13,021', '01:20:14,954']",[' Physiologically? Yeah.\n']
554,"['01:20:17,225', '01:20:21,160']","[' and, um, dare I say it,\n talent to do it well.\n']"
555,"['01:20:23,865', '01:20:25,399']",[' What about a filing cabinet?\n']
556,"['01:20:28,470', '01:20:29,869']",[' A Venus flytrap?\n']
557,"['01:20:30,938', '01:20:32,171']",[' if you turn into\n a Venus flytrap.\n']
558,"['01:20:33,975', '01:20:36,210']","[' from Scramjet to Fusion.\n Buckle up, folks.\n']"
559,"['01:20:46,287', '01:20:49,155']","[' Is this normal,\n like, space turbulence?\n']"
560,"['01:21:23,958', '01:21:25,960']",[' Locking in\n on coordinate grid.\n']
561,"['01:21:31,199', '01:21:34,133']","["" It's here.\n It's gotta be here.\n""]"
562,"['01:21:44,979', '01:21:47,046']",[' <i>Decloaking activated.</i>\n']
563,"['01:22:51,747', '01:22:54,182']",[' In her notes she called it\n the Tesseract.\n']
564,"['01:23:03,024', '01:23:05,193']",[' What was Lawson doing\n with all this kid stuff?\n']
565,"['01:23:43,297', '01:23:44,566']",[' Talos!\n']
566,"['01:24:19,868', '01:24:21,235']","["" It's okay.\n""]"
567,"['01:24:27,843', '01:24:31,411']",[' Mar-Vell warned us not to send\n a signal for any reason...\n']
568,"['01:24:33,180', '01:24:35,283']",[' You did the right thing.\n']
569,"['01:24:46,595', '01:24:48,664']","["" She's all right.\n She's a friend.\n""]"
570,"['01:24:52,634', '01:24:54,536']",[' She led me to you.\n']
571,"['01:24:58,507', '01:24:59,839']","["" I didn't know.\n""]"
572,"['01:25:01,743', '01:25:04,578']",[' This is war.\n']
573,"['01:25:08,717', '01:25:10,850']","["" But we're here now.\n""]"
574,"['01:25:16,925', '01:25:18,892']",[' This is just the beginning.\n']
575,"['01:25:22,898', '01:25:25,667']",[' scattered throughout\n the galaxy.\n']
576,"['01:25:45,787', '01:25:47,787']","["" I'd have\n some high scores, too.\n""]"
577,"['01:25:52,728', '01:25:53,829']",[' Uh-uh.\n']
578,"['01:26:08,209', '01:26:10,343']",[' They got in her head.\n Just like we thought.\n']
579,"['01:26:12,213', '01:26:13,680']","["" You can see\n they're not soldiers.\n""]"
580,"['01:26:16,250', '01:26:17,784']",[' And the core?\n']
581,"['01:26:19,388', '01:26:23,390']",[' I made you\n the best version of yourself.\n']
582,"['01:26:43,512', '01:26:44,611']","[' Back here! Move, move!\n']"
583,"['01:26:47,683', '01:26:50,352']","["" Let's go! Go, move!\n""]"
584,"['01:27:31,426', '01:27:34,863']",[' Seems like your time on C-53\n jogged the old memory.\n']
585,"['01:27:37,632', '01:27:39,634']","["" It's killer,\n by the way.\n""]"
586,"['01:27:42,637', '01:27:44,871']","["" The music.\n It's a nice touch.\n""]"
587,"['01:27:46,708', '01:27:48,641']",[' No can do.\n']
588,"['01:27:52,547', '01:27:54,481']",[' With what exactly?\n']
589,"['01:27:55,884', '01:27:57,817']","["" You didn't give me\n these powers.\n""]"
590,"['01:27:58,987', '01:28:00,453']","["" And yet, you've never had\n the strength\n""]"
591,"['01:28:12,901', '01:28:14,667']",[' <i>Species: Flerken.</i>\n']
592,"['01:28:21,610', '01:28:23,512']","["" It's a cat,\n not Hannibal Lecter.\n""]"
593,"['01:28:28,750', '01:28:30,952']",[' <i>Threat: low to none.</i>\n']
594,"['01:28:33,655', '01:28:35,757']",[' Load the Flerken\n onto the <i>Helion.</i>\n']
595,"['01:28:41,463', '01:28:43,498']","[' You did good, Ace.\n']"
596,"['01:28:46,134', '01:28:48,368']",[' those insidious shapeshifters\n']
597,"['01:28:49,938', '01:28:52,472']",[' I used to believe\n your lies...\n']
598,"['01:28:55,110', '01:28:56,810']","["" You're talking\n about destroying them\n""]"
599,"['01:28:58,647', '01:28:59,846']",[' And neither will I.\n']
600,"['01:29:03,151', '01:29:04,818']",[' You stole me.\n']
601,"['01:29:15,664', '01:29:17,566']","["" It's cute how hard you try.\n""]"
602,"['01:29:22,671', '01:29:23,970']",[' without us...\n']
603,"['01:29:26,808', '01:29:28,107']",[' <i>Stay down!</i>\n']
604,"['01:29:29,778', '01:29:31,711']","["" <i>You're going too fast!\n You need to go slow!</i>\n""]"
605,"['01:29:33,114', '01:29:34,482']",[' <i>Are you trying\n to kill yourself?</i>\n']
606,"['01:29:36,518', '01:29:37,584']","["" <i>You're too emotional\n and so weak.</i>\n""]"
607,"['01:29:39,988', '01:29:41,688']",[' We saved you.\n']
608,"['01:29:43,158', '01:29:44,224']","["" - <i>Carol.</i>\n - <i>They'll never</i>\n""]"
609,"['01:29:45,493', '01:29:46,559']",[' - <i>a game for little girls.</i>\n - <i>You kiss like a horse.</i>\n']
610,"['01:29:50,799', '01:29:53,869']","["" Without us,\n you're only human.\n""]"
611,"['01:29:57,839', '01:29:59,941']","["" I'm only human.\n""]"
612,"['01:30:37,512', '01:30:38,813']",[' Vers.\n']
613,"['01:31:01,569', '01:31:03,038']","["" She's trying to break out.\n""]"
614,"['01:31:51,720', '01:31:53,252']",[' But what happens when...\n']
615,"['01:32:38,933', '01:32:41,701']","["" You know you're glowing,\n right?\n""]"
616,"['01:32:45,273', '01:32:46,739']",[' Take the Tesseract.\n']
617,"['01:32:47,976', '01:32:49,709']",[' - Me?\n - Yes.\n']
618,"['01:32:51,112', '01:32:52,180']",[' You want me to\n get you an oven mitt?\n']
619,"['01:33:05,927', '01:33:08,661']",[' Get the Skrulls\n on the Quadjet and go.\n']
620,"['01:33:11,333', '01:33:13,101']","["" - What about you?\n - I'll buy you some time!\n""]"
621,"['01:33:20,008', '01:33:22,610']","["" I'm trusting you\n not to eat me.\n""]"
622,"['01:33:32,687', '01:33:34,222']",[' Arm wrestle\n for the Tesseract?\n']
623,"['01:33:39,994', '01:33:40,995']","["" Let's put an end to this.\n""]"
624,"['01:34:17,899', '01:34:19,132']",[' Good kitty.\n']
625,"['01:35:08,384', '01:35:09,815']",[' Is that why\n we never hung out?\n']
626,"['01:35:18,126', '01:35:19,127']",[' Incoming!\n']
627,"['01:35:30,939', '01:35:32,939']","["" Don't make me do this.\n""]"
628,"['01:35:49,824', '01:35:50,825']","[' Come on, do your thing!\n']"
629,"['01:35:55,331', '01:35:56,929']",[' Come on!\n']
630,"['01:36:01,337', '01:36:02,438']",[' Pick a side.\n']
631,"['01:36:08,843', '01:36:10,544']","["" We'll blast them all\n into space.\n""]"
632,"['01:36:15,149', '01:36:16,418']",[' Just like Havana.\n']
633,"['01:36:20,489', '01:36:22,123']",[' Flerken kitty ate it.\n']
634,"['01:36:37,071', '01:36:38,206']",[' Move!\n']
635,"['01:36:44,112', '01:36:45,113']",[' Cover her eyes.\n']
636,"['01:36:55,290', '01:36:57,058']","["" Let's go! Let's go!\n""]"
637,"['01:37:22,250', '01:37:24,052']",[' I could have swore\n I put it in there.\n']
638,"['01:38:23,277', '01:38:24,346']",[' On it.\n']
639,"['01:38:31,252', '01:38:33,187']",[' Never better.\n']
640,"['01:40:19,595', '01:40:21,295']",[' Yes! Boom!\n']
641,"['01:40:41,750', '01:40:43,217']",[' What the hell was that?\n']
642,"['01:42:00,862', '01:42:02,529']","["" That's impossible.\n""]"
643,"['01:42:04,900', '01:42:07,603']",[' advanced enough\n to destroy our warheads.\n']
644,"['01:42:15,944', '01:42:17,278']",[' Take her down.\n']
645,"['01:43:27,749', '01:43:29,685']",[' Return to the jump point.\n']
646,"['01:43:34,456', '01:43:35,624']",[' The core?\n']
647,"['01:44:26,842', '01:44:28,410']","["" I'm so proud of you.\n""]"
648,"['01:44:31,780', '01:44:34,380']",[' since I found you\n that day by the lake.\n']
649,"['01:44:36,551', '01:44:38,852']",[' long enough to take me on?\n']
650,"['01:44:43,024', '01:44:44,891']",[' I always told you...\n']
651,"['01:44:46,394', '01:44:48,795']",[' the day you can knock\n me down as yourself.\n']
652,"['01:44:50,499', '01:44:53,032']","[' This is that moment, Vers!\n']"
653,"['01:44:54,436', '01:44:57,706']",[' and prove to me\n you can beat me without...\n']
654,"['01:45:31,006', '01:45:33,373']",[' <i>Destination: Hala.</i>\n']
655,"['01:45:35,010', '01:45:36,943']","["" You won't be empty-handed.\n""]"
656,"['01:45:39,514', '01:45:42,782']","["" Tell the Supreme Intelligence\n that I'm coming to end it.\n""]"
657,"['01:45:47,489', '01:45:48,790']","["" You can't do this.\n""]"
658,"['01:46:12,380', '01:46:13,880']",[' Those bad guys\n still in there somewhere?\n']
659,"['01:46:15,016', '01:46:16,549']",[' Mother Flerken!\n']
660,"['01:46:17,986', '01:46:19,621']","["" It's just a scratch.\n""]"
661,"['01:46:28,797', '01:46:30,730']","["" I can't believe\n""]"
662,"['01:46:32,133', '01:46:33,766']",[' and I missed it.\n']
663,"['01:46:35,570', '01:46:37,737']",[' Some nifty flying\n you did out there.\n']
664,"['01:46:39,875', '01:46:41,774']","["" I'll consider it...\n""]"
665,"['01:46:44,913', '01:46:46,112']","["" How's your eye?\n""]"
666,"['01:46:48,550', '01:46:49,849']","["" Just so I'm clear...\n""]"
667,"['01:46:51,486', '01:46:53,920']",[' - and the S.H.I.E.L.D. agent?\n - Keller.\n']
668,"['01:46:56,524', '01:46:59,525']","["" I borrowed his likeness.\n I'm no thief.\n""]"
669,"['01:47:00,862', '01:47:02,595']",[' Whose side are you on here?\n']
670,"['01:47:04,099', '01:47:07,467']",[' but you and your family\n are gonna need a new look.\n']
671,"['01:47:09,070', '01:47:10,169']","["" Uh, please don't.\n""]"
672,"['01:47:13,208', '01:47:15,842']",[' No way.\n You guys have the best eyes.\n']
673,"['01:47:17,879', '01:47:19,512']","["" She has beautiful eyes.\n That's very sweet of you.\n""]"
674,"['01:47:21,182', '01:47:22,751']","["" I'll help you find a home.\n""]"
675,"['01:47:26,988', '01:47:29,489']",[' They can stay here\n with us.\n']
676,"['01:47:31,059', '01:47:33,693']","["" They won't\n be safe here, baby.\n""]"
677,"['01:47:35,263', '01:47:36,464']",[' They need their own home.\n']
678,"['01:47:39,834', '01:47:43,202']",[' Or maybe I could fly up\n and meet you halfway?\n']
679,"['01:47:46,174', '01:47:47,740']","["" Or maybe I'll build\n a spaceship.\n""]"
680,"['01:47:59,154', '01:48:01,690']",[' Keep the Tesseract\n on Earth.\n']
681,"['01:48:03,591', '01:48:05,627']","["" You sure that's what\n Marvel would want?\n""]"
682,"['01:48:07,562', '01:48:08,928']","["" That's what I said.\n""]"
683,"['01:48:11,533', '01:48:12,932']",[' Mar-Vell.\n']
684,"['01:48:14,069', '01:48:15,503']","[' You know,\n like the Marvelettes.\n']"
685,"['01:48:30,218', '01:48:32,253']","["" Keep singing.\n Maybe it'll come back to me.\n""]"
686,"['01:48:49,838', '01:48:52,207']","[' Range should be a couple\n galaxies, at least.\n']"
687,"['01:48:57,212', '01:49:00,849']","[' For emergencies only, okay?\n']"
688,"['01:49:08,223', '01:49:10,757']","["" if you're ever passing\n back through this galaxy...\n""]"
689,"['01:49:14,963', '01:49:16,831']",[' Oh!\n']
690,"['01:49:36,985', '01:49:38,820']","[' Thanks,\n Lieutenant Trouble.\n']"
691,"['01:49:48,063', '01:49:50,797']","["" It's hard for me\n to say goodbye, too.\n""]"
692,"['01:51:12,481', '01:51:15,283']","[' Glad to have you back, sir.\n This came for you.\n']"
693,"['01:51:22,458', '01:51:23,990']",[' That the Kree\n burned your eye out...\n']
694,"['01:51:27,262', '01:51:31,197']",[' I will neither confirm nor\n deny the facts of that story.\n']
695,"['01:51:33,902', '01:51:34,867']","["" I'm sorry to report\n""]"
696,"['01:51:36,104', '01:51:38,338']","["" I'm sure it'll turn up\n somewhere.\n""]"
697,"['01:51:41,876', '01:51:43,178']",[' Then what?\n']
698,"['01:51:45,113', '01:51:46,078']",[' We have no idea\n']
699,"['01:51:49,451', '01:51:51,518']",[' And our one-woman\n security force\n']
700,"['01:51:53,054', '01:51:54,856']",[' on the other side\n of the universe.\n']
701,"['01:52:01,363', '01:52:03,229']",[' We need to find more.\n']
702,"['01:52:04,366', '01:52:06,265']",[' More heroes.\n']
703,"['01:52:07,969', '01:52:10,972']","["" Hmm, we found her,\n and we weren't even looking.\n""]"
704,"['01:52:14,343', '01:52:16,211']",[' You got\n a big decision to make.\n']
705,"['01:55:18,660', '01:55:21,028']","["" I've had better nightmares.\n""]"
706,"['01:55:25,266', '01:55:27,401']","[' So, that thing just stopped\n']"
707,"['01:55:31,105', '01:55:33,673']",[' What do we got?\n']
708,"['01:55:36,277', '01:55:37,377']",[' I thought\n we bypassed the battery.\n']
709,"['01:55:38,514', '01:55:42,315']","["" It's still plugged in.\n It just stopped.\n""]"
710,"['01:55:44,252', '01:55:45,719']","["" We don't even know\n what this is.\n""]"
711,"['01:55:48,457', '01:55:51,190']",[' You tell me\n the second you get a signal.\n']
712,"['01:55:56,532', '01:55:58,065']","["" Where's Fury?\n""]"
