,time,content
0,"['00:02:26,396', '00:02:28,273']",[' Master Kaecilius.\n']
1,"['00:03:08,230', '00:03:09,447']",[' Hypocrite!\n']
2,"['00:05:11,436', '00:05:13,331']","["" Oh, come on, Billy, you've got\n to be messing with me.\n""]"
3,"['00:05:15,690', '00:05:17,863']","[' <i>Feels So Good,</i> Chuck Mangione, 1977.\n']"
4,"['00:05:20,862', '00:05:22,739']","["" - Ha! It's 1978.\n - No, Billy.\n""]"
5,"['00:05:25,575', '00:05:28,954']",[' the album was released\n in December of 1977.\n']
6,"['00:05:30,789', '00:05:31,836']",[' Check again.\n']
7,"['00:05:33,166', '00:05:34,268']",[' all this useless information?\n']
8,"['00:05:35,460', '00:05:37,300']",[' The man charted a top 10 hit\n with a flugelhorn.\n']
9,"['00:05:39,297', '00:05:40,298']",[' 1977.\n']
10,"['00:05:41,925', '00:05:42,972']",[' Oh!\n']
11,"['00:05:48,932', '00:05:50,149']","[' Oh, I got this, Stephen.\n']"
12,"['00:05:53,186', '00:05:54,187']",[' What is it?\n']
13,"['00:05:56,773', '00:05:58,053']","["" It's amazing you kept him alive.\n""]"
14,"['00:05:59,901', '00:06:01,118']",[' and the apnea reflex test.\n']
15,"['00:06:04,072', '00:06:05,574']",[' You left a bullet in his head.\n']
16,"['00:06:07,450', '00:06:09,873']",[' I needed a specialist.\n Nic diagnosed brain death.\n']
17,"['00:06:11,788', '00:06:12,789']",[' We have to run.\n']
18,"['00:06:15,584', '00:06:16,836']",[' What are you doing? Hey.\n']
19,"['00:06:18,795', '00:06:20,189']",[' Slow down. I did not agree to that.\n']
20,"['00:06:22,215', '00:06:23,317']",[' Prematurely.\n We need to get him prepped\n']
21,"['00:06:24,676', '00:06:26,303']",[' Not gonna let you operate\n on a dead man.\n']
22,"['00:06:28,054', '00:06:29,897']",[' - A bullet?\n - A perfect bullet.\n']
23,"['00:06:33,101', '00:06:36,651']","["" A toxic metal. And that's leeched\n directly into the cerebral spinal fluid.\n""]"
24,"['00:06:38,523', '00:06:39,524']",[' We gotta go.\n']
25,"['00:06:41,192', '00:06:42,614']",[' Still want to harvest his organs?\n']
26,"['00:06:45,280', '00:06:47,157']",[' Doctor Palmer will assist me.\n']
27,"['00:07:11,473', '00:07:13,225']","[' Image guidance, stat.\n']"
28,"['00:07:15,685', '00:07:16,686']","["" You can't do it freehand.\n""]"
29,"['00:07:18,271', '00:07:19,951']","["" This isn't a time\n for showing off, Strange.\n""]"
30,"['00:07:21,274', '00:07:23,868']",[' when you called\n the wrong time of death?\n']
31,"['00:07:59,270', '00:08:01,739']","[' Doctor West, cover your watch.\n']"
32,"['00:08:47,152', '00:08:48,713']","["" I didn't have to save his patient, either.\n""]"
33,"['00:08:51,531', '00:08:52,908']",[' Nic is a great doctor.\n']
34,"['00:08:54,242', '00:08:55,678']","[' Yeah, well, I needed a second opinion.\n']"
35,"['00:08:56,870', '00:08:58,310']",[' What you needed was a competent one.\n']
36,"['00:08:59,539', '00:09:00,641']",[' why you should be\n my neurosurgeon on call.\n']
37,"['00:09:02,208', '00:09:03,801']","["" I can't work in your butcher shop.\n""]"
38,"['00:09:05,045', '00:09:06,188']","["" I'm fusing transected spinal cords.\n""]"
39,"['00:09:08,465', '00:09:10,818']","["" The work I'm doing is gonna save\n thousands for years to come.\n""]"
40,"['00:09:13,344', '00:09:14,391']","["" Yeah, you're right.\n""]"
41,"['00:09:16,014', '00:09:17,812']","["" There's no fame, there's no, uh,\n""]"
42,"['00:09:19,642', '00:09:21,519']","["" I guess I'll just have to stick with Nic.\n""]"
43,"['00:09:22,729', '00:09:24,009']","["" You're not... You guys aren't...\n""]"
44,"['00:09:25,398', '00:09:28,151']","[' Sleeping together? Sorry, I thought\n that was implicit in my disgust.\n']"
45,"['00:09:29,861', '00:09:32,114']","[' No, I have a very strict rule\n against dating colleagues.\n']"
46,"['00:09:33,281', '00:09:34,425']","[' I call it the ""Strange Policy.""\n']"
47,"['00:09:37,577', '00:09:39,420']",[' I invented a laminectomy procedure.\n']
48,"['00:09:42,415', '00:09:43,917']",[' We invented that technique.\n']
49,"['00:09:48,379', '00:09:51,849']","["" I'm talking tonight\n at a Neurological Society dinner.\n""]"
50,"['00:09:53,426', '00:09:55,144']",[' Another speaking engagement?\n']
51,"['00:09:56,471', '00:09:58,282']",[' You used to love coming\n to those things with me.\n']
52,"['00:09:59,641', '00:10:01,314']",[' No! You had fun.\n']
53,"['00:10:04,104', '00:10:05,356']",[' Not only about me.\n']
54,"['00:10:09,067', '00:10:10,944']",[' Maybe we could hyphenate.\n']
55,"['00:10:13,279', '00:10:15,077']",[' Palmer-Strange.\n']
56,"['00:11:04,706', '00:11:05,753']",[' What have you got for me?\n']
57,"['00:11:07,500', '00:11:10,379']",[' <i>crushed his lower spine\n in some kind of experimental armor.</i>\n']
58,"['00:11:12,046', '00:11:13,389']","[' Yeah, well, I could help...\n']"
59,"['00:11:14,966', '00:11:16,309']",[' Find me something worth my time.\n']
60,"['00:11:20,471', '00:11:22,599']","[' Yeah, you want me to screw up\n my perfect record?\n']"
61,"['00:11:24,225', '00:11:25,545']",[' <i>How about a 22-year-old female...</i>\n']
62,"['00:11:28,897', '00:11:30,114']",[' <i>struck by lightning?</i>\n']
63,"['00:11:33,484', '00:11:35,031']",[' Can you send me the...\n']
64,"['00:12:38,758', '00:12:39,759']",[' Hey.\n']
65,"['00:12:57,652', '00:12:59,575']",[' What did they do?\n']
66,"['00:13:03,116', '00:13:05,210']",[' But it took a little while to find you.\n']
67,"['00:13:09,539', '00:13:12,213']",[' What did they do?\n']
68,"['00:13:19,173', '00:13:21,141']",[' Multiple torn ligaments...\n']
69,"['00:13:25,596', '00:13:27,815']",[' You were on the table for 11 hours.\n']
70,"['00:13:31,811', '00:13:33,404']",[' No one could have done better.\n']
71,"['00:14:10,350', '00:14:11,351']",[' No.\n']
72,"['00:14:15,521', '00:14:17,523']","["" You've ruined me.\n""]"
73,"['00:14:20,109', '00:14:21,253']",[' Doctor Strange.\n']
74,"['00:14:22,987', '00:14:24,034']","[' So, speed it up.\n']"
75,"['00:14:27,950', '00:14:28,951']","["" It's possible.\n""]"
76,"['00:14:33,331', '00:14:35,004']",[' All I need is possible.\n']
77,"['00:15:01,025', '00:15:02,026']",[' Up.\n']
78,"['00:15:09,992', '00:15:11,335']",[' This is useless.\n']
79,"['00:15:15,498', '00:15:18,092']","["" All right, answer me this,\n bachelor's degree.\n""]"
80,"['00:15:20,920', '00:15:22,513']",[' this severe to do this...\n']
81,"['00:15:23,923', '00:15:25,470']","[' One guy, yeah.\n']"
82,"['00:15:28,094', '00:15:30,517']","[' paralyzed, his leg wasted away.\n']"
83,"['00:15:31,931', '00:15:32,932']",[' from the wheelchair.\n']
84,"['00:15:35,685', '00:15:36,925']",[' Then one day he stopped coming.\n']
85,"['00:15:39,021', '00:15:41,115']","[' A few years later, he walked\n past me on the street.\n']"
86,"['00:15:42,775', '00:15:45,654']",[' Bullshit.\n Show me his file.\n']
87,"['00:15:48,531', '00:15:50,954']",[' But if it proves\n your arrogant ass wrong...\n']
88,"['00:16:07,717', '00:16:09,640']",[' <i>I looked\n at all your research...</i>\n']
89,"['00:16:12,096', '00:16:13,814']","["" <i>It's not gonna work.</i>\n""]"
90,"['00:16:15,558', '00:16:18,061']","["" <i>- how severe the damages are.</i>\n - Here's the thing...\n""]"
91,"['00:16:19,729', '00:16:22,152']","["" I understand. Here's the thing.\n""]"
92,"['00:16:24,734', '00:16:25,735']",[' Come on.\n']
93,"['00:16:27,737', '00:16:29,455']","["" - Etienne, wait. No.\n <i>- I can't help you.</i>\n""]"
94,"['00:16:36,996', '00:16:37,997']",[' Hey!\n']
95,"['00:16:48,758', '00:16:49,930']","["" He's a hack.\n""]"
96,"['00:16:52,678', '00:16:54,180']",[' They culture donor stem cells...\n']
97,"['00:16:55,681', '00:16:57,024']",[' and then 3D printing a scaffold.\n']
98,"['00:16:58,351', '00:16:59,352']",[' Stephen.\n']
99,"['00:17:01,270', '00:17:03,290']","["" You've always spent money\n as fast as you could make it...\n""]"
100,"['00:17:05,775', '00:17:08,153']","["" Maybe it's time to consider stopping.\n""]"
101,"['00:17:11,781', '00:17:14,455']","["" because, you see,\n I'm not getting any better!\n""]"
102,"['00:17:16,702', '00:17:18,295']",[' This is mania.\n']
103,"['00:17:21,290', '00:17:23,668']",[' - Life without my work...\n - Is still life.\n']
104,"['00:17:24,961', '00:17:27,840']",[' There are other things that\n can give your life meaning.\n']
105,"['00:17:32,176', '00:17:34,474']",[' This is the part where you apologize.\n']
106,"['00:17:37,682', '00:17:39,980']","["" Fine, I can't watch you\n do this to yourself anymore.\n""]"
107,"['00:17:41,811', '00:17:43,654']","[' Yes, it is.\n']"
108,"['00:17:46,232', '00:17:48,234']","["" - No, don't pity me.\n - I'm not pitying you.\n""]"
109,"['00:17:49,735', '00:17:52,047']","["" bringing cheese and wine\n like we're old friends going for a picnic?\n""]"
110,"['00:17:53,573', '00:17:54,745']",[' We were barely lovers.\n']
111,"['00:17:56,951', '00:17:58,123']",[' Is that what I am to you now?\n']
112,"['00:18:01,080', '00:18:02,081']","[' ""He finally needs me.""\n']"
113,"['00:18:03,958', '00:18:06,336']",[' Patch him up and send him\n back into the world...\n']
114,"['00:18:08,004', '00:18:11,349']","["" You care so much, don't you?\n""]"
115,"['00:19:05,811', '00:19:07,664']",[' All the way. Here we go.\n']
116,"['00:19:09,732', '00:19:12,736']",[' Yeah! All day.\n']
117,"['00:19:17,239', '00:19:18,582']",[' Talk a lot.\n']
118,"['00:19:21,035', '00:19:23,959']","[' C7-C8 spinal cord injury, complete.\n']"
119,"['00:19:25,748', '00:19:26,975']",[' Paralyzed from the mid-chest down.\n']
120,"['00:19:28,793', '00:19:30,761']","["" - I don't know you.\n - I'm Stephen Strange.\n""]"
121,"['00:19:34,965', '00:19:37,639']","[' Actually, you know what, man,\n I do know you.\n']"
122,"['00:19:40,680', '00:19:42,102']",[' I never got past your assistant.\n']
123,"['00:19:45,768', '00:19:47,770']","[' No glory for you in that, right?\n']"
124,"['00:19:56,445', '00:19:58,698']","["" I'm trying to\n find my own way back.\n""]"
125,"['00:20:10,960', '00:20:12,303']",[' All right.\n']
126,"['00:20:17,133', '00:20:19,053']","["" I thought my mind's\n the only thing I have left...\n""]"
127,"['00:20:21,637', '00:20:23,639']","[' So, I sat with gurus...\n']"
128,"['00:20:25,599', '00:20:28,478']",[' Strangers carried me to\n mountaintops to see holy men.\n']
129,"['00:20:29,979', '00:20:32,482']",[' I found my teacher.\n']
130,"['00:20:35,317', '00:20:36,489']",[' and my spirit deepened.\n']
131,"['00:20:38,612', '00:20:39,613']",[' Your body healed.\n']
132,"['00:20:42,491', '00:20:44,459']",[' There were deeper secrets\n to learn there...\n']
133,"['00:20:46,454', '00:20:49,253']",[' I chose to settle for my miracle\n and I came back home.\n']
134,"['00:20:57,882', '00:20:59,134']",[' But the cost there is high.\n']
135,"['00:21:01,218', '00:21:02,891']","["" I'm not talking about money.\n""]"
136,"['00:21:08,225', '00:21:10,648']","["" Let's ball. All right, ball up!\n""]"
137,"['00:21:33,125', '00:21:35,628']",[' You know where Kamar-Taj is?\n']
138,"['00:22:02,071', '00:22:03,914']",[' Kamar-Taj.\n']
139,"['00:22:36,105', '00:22:38,107']","["" Look, guys, I don't have any money.\n""]"
140,"['00:22:40,150', '00:22:43,154']","["" No, please. It's all I have left.\n""]"
141,"['00:22:47,741', '00:22:48,958']",[' All right.\n']
142,"['00:24:02,191', '00:24:03,192']",[' Really?\n']
143,"['00:24:06,028', '00:24:09,532']",[' That one looks\n a little more Kamar-Tajey.\n']
144,"['00:24:14,870', '00:24:18,670']","[' And I, too, was disrespectful.\n']"
145,"['00:24:23,045', '00:24:25,423']",[' Forget everything you think you know.\n']
146,"['00:24:38,560', '00:24:41,029']",[' The sanctuary of our teacher.\n']
147,"['00:24:42,773', '00:24:44,195']",[' The Ancient One?\n']
148,"['00:24:47,111', '00:24:48,112']",[' Right.\n']
149,"['00:25:01,792', '00:25:03,294']","[' Um, thank you for... Whoa!\n']"
150,"['00:25:08,632', '00:25:09,929']",[' Thank you for...\n']
151,"['00:25:12,052', '00:25:13,474']","[' Oh, thank you.\n']"
152,"['00:25:15,764', '00:25:17,562']","[' Uh, thank you...\n']"
153,"['00:25:20,602', '00:25:22,604']","["" You're very welcome.\n""]"
154,"['00:25:26,483', '00:25:29,327']","[' Thank you, Master Mordo.\n Thank you, Master Hamir.\n']"
155,"['00:25:31,405', '00:25:33,328']","[' Uh... Doctor, actually.\n']"
156,"['00:25:36,118', '00:25:37,210']","["" Isn't that why you're here?\n""]"
157,"['00:25:39,997', '00:25:42,216']","[' - Seven, right?\n - Yeah.\n']"
158,"['00:25:45,294', '00:25:46,295']",[' Yes.\n']
159,"['00:25:53,510', '00:25:54,511']",[' A paralyzed man?\n']
160,"['00:25:55,846', '00:25:57,769']",[' You helped him to walk again.\n']
161,"['00:25:59,141', '00:26:02,691']",[' How did you correct a complete\n C7-C8 spinal cord injury?\n']
162,"['00:26:04,772', '00:26:06,115']","["" He couldn't walk.\n""]"
163,"['00:26:07,858', '00:26:09,701']","["" You're not suggesting\n it was psychosomatic?\n""]"
164,"['00:26:11,987', '00:26:14,285']",[' is it you who heals it\n back together or the body?\n']
165,"['00:26:15,657', '00:26:17,034']",[' The cells are only programmed...\n']
166,"['00:26:19,286', '00:26:20,286']",[' Right.\n']
167,"['00:26:23,040', '00:26:26,169']",[' to put itself back together\n in all sorts of ways?\n']
168,"['00:26:30,506', '00:26:32,679']","["" That's bleeding edge medical tech.\n""]"
169,"['00:26:34,885', '00:26:37,058']",[' Without a governing medical board?\n']
170,"['00:26:40,057', '00:26:41,183']",[' Quite.\n']
171,"['00:26:44,061', '00:26:46,359']",[' to reprogram nerve cells to self-heal?\n']
172,"['00:26:49,983', '00:26:52,406']",[' I know how to reorient the spirit...\n']
173,"['00:26:56,031', '00:26:58,705']","["" - The spirit to heal the body?\n - That's right.\n""]"
174,"['00:27:02,996', '00:27:03,997']",[' How do we do that?\n']
175,"['00:27:11,213', '00:27:13,181']","["" - Don't like that map?\n - Oh, no.\n""]"
176,"['00:27:16,552', '00:27:17,804']",[' in gift shops.\n']
177,"['00:27:21,598', '00:27:23,566']","[' - Acupuncture, great.\n - Yeah?\n']"
178,"['00:27:26,895', '00:27:29,569']",[' Showing me an MRI scan.\n I do not believe this.\n']
179,"['00:27:32,401', '00:27:35,029']","[' who could see in part, but not the whole.\n']"
180,"['00:27:37,614', '00:27:40,834']","["" and you're talking to me\n about healing through belief?\n""]"
181,"['00:27:43,704', '00:27:45,265']","["" You've spent your whole life\n""]"
182,"['00:27:46,456', '00:27:48,083']","[' to see more, to know more.\n']"
183,"['00:27:51,545', '00:27:53,263']","["" in ways you can't imagine...\n""]"
184,"['00:27:55,424', '00:27:57,569']","[' No, I reject it because\n I do not believe in fairy tales...\n']"
185,"['00:27:59,511', '00:28:01,013']",[' or the power of belief.\n']
186,"['00:28:03,932', '00:28:06,811']",[' We are made of matter\n and nothing more.\n']
187,"['00:28:10,272', '00:28:11,569']",[' within an indifferent universe.\n']
188,"['00:28:13,567', '00:28:15,490']","[' Oh, you think\n you see through me, do you?\n']"
189,"['00:28:16,820', '00:28:19,619']",[' But I see through you!\n']
190,"['00:28:38,926', '00:28:40,974']",[' I pushed your astral form\n out of your physical form.\n']
191,"['00:28:42,763', '00:28:44,481']",[' Psilocybin? LSD?\n']
192,"['00:28:46,350', '00:28:47,397']",[' with a little honey.\n']
193,"['00:28:49,353', '00:28:51,697']","[' For a moment, you entered\n the astral dimension.\n']"
194,"['00:28:52,981', '00:28:55,905']",[' A place where the soul exists\n apart from the body.\n']
195,"['00:28:58,070', '00:29:00,493']","["" To show you\n just how much you don't know.\n""]"
196,"['00:29:07,329', '00:29:09,957']","[' Oh, shit!\n']"
197,"['00:29:12,668', '00:29:14,045']","[' No, no, no!\n']"
198,"['00:29:15,379', '00:29:17,473']","["" This isn't real!\n""]"
199,"['00:29:36,316', '00:29:37,363']",[' He looks all right to me.\n']
200,"['00:29:42,864', '00:29:46,084']",[' <i>You think that this material universe\n is all there is?</i>\n']
201,"['00:29:54,501', '00:29:57,596']",[' <i>What mysteries lie beyond\n the reach of your senses?</i>\n']
202,"['00:30:02,259', '00:30:05,354']",[' <i>mind and matter meet.</i>\n']
203,"['00:30:16,231', '00:30:17,778']",[' Oh!\n']
204,"['00:30:27,743', '00:30:29,745']",[' <i>Worlds without end.</i>\n']
205,"['00:30:35,917', '00:30:39,592']",[' <i>Others filled with malice and hunger.</i>\n']
206,"['00:30:43,633', '00:30:48,434']",[' <i>where powers older than time\n lie ravenous...</i>\n']
207,"['00:30:59,149', '00:31:05,202']","[' <i>Who are you\n in this vast Multiverse, Mr. Strange?</i>\n']"
208,"['00:31:35,310', '00:31:36,607']",[' Teach me.\n']
209,"['00:31:46,154', '00:31:47,201']",[' No.\n']
210,"['00:31:48,448', '00:31:50,496']","[' No, no, no!\n']"
211,"['00:31:53,829', '00:31:56,127']",[' Open the door! Please!\n']
212,"['00:32:05,549', '00:32:08,143']",[' You think I was wrong to cast him out?\n']
213,"['00:32:11,805', '00:32:13,398']","["" There's a strength to him.\n""]"
214,"['00:32:16,268', '00:32:17,941']","["" I've seen it all before.\n""]"
215,"['00:32:21,231', '00:32:24,075']",[' I cannot lead another\n gifted student to power...\n']
216,"['00:32:28,363', '00:32:29,865']","["" You didn't lose me.\n""]"
217,"['00:32:32,617', '00:32:36,247']",[' You gave me the power\n to defeat my demons.\n']
218,"['00:32:39,541', '00:32:42,590']","[' We never lose our demons, Mordo.\n']"
219,"['00:32:47,299', '00:32:50,178']",[' Kaecilius still has the stolen pages.\n']
220,"['00:32:52,721', '00:32:54,143']",[' upon us all.\n']
221,"['00:32:57,726', '00:33:00,855']",[' Perhaps Kamar-Taj\n could use a man like Strange.\n']
222,"['00:33:15,660', '00:33:18,664']","["" I haven't got anywhere else to go.\n""]"
223,"['00:33:28,924', '00:33:29,971']",[' Bathe.\n']
224,"['00:33:33,261', '00:33:34,638']",[' Meditate...\n']
225,"['00:33:36,806', '00:33:38,854']",[' The Ancient One will send for you.\n']
226,"['00:33:50,612', '00:33:52,285']",[' The Wi-Fi password.\n']
227,"['00:34:26,815', '00:34:28,988']",[' <i>The language\n of the mystic arts...</i>\n']
228,"['00:34:32,070', '00:34:34,198']",[' The sorcerers of antiquity...\n']
229,"['00:34:37,325', '00:34:39,387']",[' But if that word offends\n your modern sensibilities...\n']
230,"['00:34:42,372', '00:34:45,091']",[' The source code that shapes reality.\n']
231,"['00:34:49,379', '00:34:52,679']",[' drawn from other dimensions\n of the Multiverse...\n']
232,"['00:34:57,387', '00:34:59,981']",[' to conjure shields...\n']
233,"['00:35:03,018', '00:35:04,190']",[' to make magic.\n']
234,"['00:35:23,038', '00:35:25,837']",[' my hands would just be\n waving in the air.\n']
235,"['00:35:28,376', '00:35:31,721']",[' How did you get\n to reattach severed nerves...\n']
236,"['00:35:34,633', '00:35:36,977']","[' Study and practice, years of it.\n']"
237,"['00:35:50,273', '00:35:51,616']",[' Mr. Strange.\n']
238,"['00:35:53,902', '00:35:55,904']",[' - And you are?\n - Wong.\n']
239,"['00:35:57,906', '00:35:59,158']",[' Just Wong?\n']
240,"['00:36:02,952', '00:36:04,579']",[' Or Aristotle.\n']
241,"['00:36:07,749', '00:36:08,796']",[' Bono.\n']
242,"['00:36:16,257', '00:36:18,510']",[' <i>The Book of the Invisible Sun.</i>\n']
243,"['00:36:21,096', '00:36:22,643']",[' <i>Codex Imperium.</i>\n']
244,"['00:36:26,935', '00:36:28,232']",[' You finished all of these?\n']
245,"['00:36:30,271', '00:36:31,318']",[' Come with me.\n']
246,"['00:36:33,608', '00:36:35,485']",[' This section\n is for masters only...\n']
247,"['00:36:39,280', '00:36:41,624']","["" You should start with Maxim's Primer.\n""]"
248,"['00:36:47,122', '00:36:50,126']","["" I'm fluent in Google Translate.\n""]"
249,"['00:36:57,006', '00:36:58,007']",[' What are those?\n']
250,"['00:37:01,928', '00:37:03,145']","["" So, they're forbidden?\n""]"
251,"['00:37:05,974', '00:37:07,772']",[' Only certain practices.\n']
252,"['00:37:10,687', '00:37:12,781']",[' for anyone other than\n the Sorcerer Supreme.\n']
253,"['00:37:27,162', '00:37:29,290']","["" That's <i>The Book of Cagliostro.</i>\n""]"
254,"['00:37:31,458', '00:37:34,086']",[' One of the rituals was stolen\n by a former master.\n']
255,"['00:37:39,299', '00:37:41,927']",[' Just after he strung up\n the former librarian...\n']
256,"['00:37:47,182', '00:37:49,059']",[' I am now the guardian of these books.\n']
257,"['00:37:53,188', '00:37:54,360']","["" I'd know it...\n""]"
258,"['00:38:01,362', '00:38:03,535']","["" What if it's just overdue?\n""]"
259,"['00:38:10,663', '00:38:12,540']",[' People used to think that I was funny.\n']
260,"['00:38:14,250', '00:38:16,218']","["" All right. Well, it's been\n lovely talking to you.\n""]"
261,"['00:38:18,213', '00:38:20,432']",[' and for the horrifying story...\n']
262,"['00:38:53,581', '00:38:55,424']",[' We will now receive the power\n']
263,"['00:38:59,879', '00:39:02,098']",[' The one who betrays the world.\n']
264,"['00:40:05,570', '00:40:07,948']",[' They allow us to travel\n throughout the Multiverse.\n']
265,"['00:40:11,326', '00:40:12,543']",[' Visualize.\n']
266,"['00:40:16,581', '00:40:19,130']",[' Look beyond the world in front of you.\n']
267,"['00:40:23,421', '00:40:27,392']","[' The clearer the picture,\n the quicker and easier...\n']"
268,"['00:40:33,431', '00:40:34,603']",[' And stop.\n']
269,"['00:40:38,019', '00:40:39,111']",[' Of course.\n']
270,"['00:40:44,609', '00:40:45,781']","["" It's not about your hands.\n""]"
271,"['00:40:48,655', '00:40:49,656']",[' Master Hamir.\n']
272,"['00:41:06,881', '00:41:09,600']",[' You cannot beat a river into submission.\n']
273,"['00:41:11,803', '00:41:14,056']",[' and use its power as your own.\n']
274,"['00:41:16,474', '00:41:17,896']","["" That doesn't make any sense.\n""]"
275,"['00:41:21,187', '00:41:23,690']",[' Your intellect has\n taken you far in life...\n']
276,"['00:41:25,817', '00:41:27,819']","[' Surrender, Stephen.\n']"
277,"['00:41:30,321', '00:41:32,198']",[' and your power will rise.\n']
278,"['00:41:39,372', '00:41:40,464']",[' Wait.\n']
279,"['00:41:44,043', '00:41:45,187']",[' Beautiful.\n']
280,"['00:41:47,922', '00:41:50,345']",[' Freezing but beautiful.\n']
281,"['00:41:51,884', '00:41:54,012']",[' a person can last for 30 minutes...\n']
282,"['00:41:56,931', '00:41:57,932']",[' Great.\n']
283,"['00:42:01,769', '00:42:03,897']","[' - What?\n - Surrender, Stephen.\n']"
284,"['00:42:14,949', '00:42:16,109']","["" How's our new recruit?\n""]"
285,"['00:42:19,037', '00:42:20,755']",[' Any second now.\n']
286,"['00:42:29,464', '00:42:30,465']",[' Maybe I should...\n']
287,"['00:43:45,957', '00:43:46,958']",[' Wong.\n']
288,"['00:43:48,084', '00:43:49,506']",[' Books on astral projection.\n']
289,"['00:43:52,213', '00:43:54,011']","[' Try me, BeyoncÃ©.\n']"
290,"['00:43:58,553', '00:43:59,930']","["" She's a huge star, right?\n""]"
291,"['00:44:05,143', '00:44:06,770']","[' Oh, come on, just give me the book.\n']"
292,"['00:44:36,257', '00:44:38,009']","[' <i>Once, in this room,</i>\n']"
293,"['00:44:40,887', '00:44:43,436']","["" Now, I'm told\n you question every lesson...\n""]"
294,"['00:44:45,391', '00:44:47,161']","[' Once, in this room,\n you told me to open my eye.\n']"
295,"['00:44:49,312', '00:44:50,609']",[' that make no sense.\n']
296,"['00:44:53,983', '00:44:55,360']",[' Wong told on me?\n']
297,"['00:44:58,112', '00:45:00,786']",[' You need a safe space\n to practice your spells.\n']
298,"['00:45:21,594', '00:45:24,097']",[' ever present but undetected.\n']
299,"['00:45:28,267', '00:45:31,441']","[' We use the Mirror Dimension\n to train, surveil...\n']"
300,"['00:45:34,649', '00:45:36,889']","["" You don't wanna be stuck in here\n without your sling ring.\n""]"
301,"['00:45:49,622', '00:45:53,468']",[' Learning of an infinite Multiverse\n includes learning of infinite dangers.\n']
302,"['00:45:56,837', '00:45:58,384']","["" you'd run from here in terror.\n""]"
303,"['00:46:09,183', '00:46:11,561']",[' No one knows the age\n of the Sorcerer Supreme.\n']
304,"['00:46:15,690', '00:46:17,533']","["" You follow her, even though\n you don't know?\n""]"
305,"['00:46:18,859', '00:46:20,281']",[' but unpredictable.\n']
306,"['00:46:23,906', '00:46:25,374']",[' She made me what I am.\n']
307,"['00:46:29,203', '00:46:30,250']","["" and don't lose your way.\n""]"
308,"['00:46:31,956', '00:46:32,957']","["" That's right.\n""]"
309,"['00:46:40,172', '00:46:41,252']",[' When he first came to us...\n']
310,"['00:46:43,884', '00:46:47,559']","[' He was a grieving, broken man\n searching for answers in the mystic arts.\n']"
311,"['00:46:51,642', '00:46:53,722']","[' He questioned the Ancient One,\n rejected her teaching.\n']"
312,"['00:47:03,237', '00:47:05,786']",[' His disciples followed him like sheep.\n']
313,"['00:47:07,908', '00:47:10,331']","[' And he stole the forbidden ritual, right?\n']"
314,"['00:47:11,579', '00:47:12,751']",[' What did it do?\n']
315,"['00:47:17,918', '00:47:19,010']","["" What's that?\n""]"
316,"['00:47:22,089', '00:47:23,932']",[' This is a relic.\n']
317,"['00:47:26,093', '00:47:27,293']",[' so we imbue objects with it...\n']
318,"['00:47:30,765', '00:47:33,609']",[' This is the staff...\n']
319,"['00:47:39,190', '00:47:40,316']",[' There are many relics.\n']
320,"['00:47:42,610', '00:47:44,908']",[' The Vaulting Boots of Valtorr.\n']
321,"['00:47:47,865', '00:47:49,665']","["" - When do I get my relic?\n - When you're ready.\n""]"
322,"['00:47:51,369', '00:47:53,963']","["" You're ready when the relic\n decides you're ready.\n""]"
323,"['00:47:56,874', '00:47:57,875']",[' conjure a weapon.\n']
324,"['00:48:07,051', '00:48:08,143']",[' Fight!\n']
325,"['00:48:16,977', '00:48:18,354']",[' Because one day...\n']
326,"['00:49:30,217', '00:49:31,218']",[' Wong?\n']
327,"['00:49:45,566', '00:49:49,116']","[' ""First, open the Eye of Agamotto.""\n']"
328,"['00:50:33,822', '00:50:35,165']","[' Oh, my.\n']"
329,"['00:51:12,695', '00:51:14,072']","[' ""Dormammu.""\n']"
330,"['00:51:17,950', '00:51:19,418']",[' Eternal life?\n']
331,"['00:51:30,879', '00:51:33,177']",[' Tampering with continuum probabilities\n is forbidden.\n']
332,"['00:51:36,093', '00:51:37,219']",[' What did the book say\n']
333,"['00:51:38,887', '00:51:40,532']","["" I don't know.\n I hadn't gotten to that part yet.\n""]"
334,"['00:51:43,726', '00:51:45,979']",[' Unstable dimensional openings.\n']
335,"['00:51:48,522', '00:51:50,490']",[' You wanna get stuck\n reliving the same moment\n']
336,"['00:51:51,942', '00:51:53,285']",[' or never having existed at all?\n']
337,"['00:51:57,031', '00:51:58,999']",[' Your curiosity could have\n gotten you killed.\n']
338,"['00:52:01,493', '00:52:02,494']",[' you were breaking it.\n']
339,"['00:52:05,956', '00:52:06,957']",[' We defend it.\n']
340,"['00:52:08,834', '00:52:09,881']",[' Hmm?\n']
341,"['00:52:13,297', '00:52:14,357']","["" I've got a photographic memory.\n""]"
342,"['00:52:16,467', '00:52:17,889']",[' What you just did...\n']
343,"['00:52:20,596', '00:52:22,314']",[' You were born for the mystic arts.\n']
344,"['00:52:24,808', '00:52:25,934']","[' For now, yes.\n']"
345,"['00:52:27,478', '00:52:28,525']","["" We're not prophets.\n""]"
346,"['00:52:35,819', '00:52:37,492']",[' While heroes like the Avengers\n']
347,"['00:52:39,948', '00:52:43,418']",[' we sorcerers safeguard it\n against more mystical threats.\n']
348,"['00:52:47,081', '00:52:48,207']",[' of Sorcerers Supreme...\n']
349,"['00:52:52,252', '00:52:53,378']",[' the mighty Agamotto.\n']
350,"['00:53:00,010', '00:53:03,514']",[' Agamotto built three Sanctums\n in places of power...\n']
351,"['00:53:05,766', '00:53:07,939']",[' That door leads to\n the Hong Kong Sanctum.\n']
352,"['00:53:11,271', '00:53:12,511']",[' That one to the London Sanctum.\n']
353,"['00:53:14,942', '00:53:18,367']",[' the Sanctums generate\n a protective shield around our world.\n']
354,"['00:53:20,614', '00:53:21,957']",[' and we sorcerers...\n']
355,"['00:53:24,118', '00:53:25,995']",[' From what?\n']
356,"['00:53:29,498', '00:53:30,624']",[' Like Dormammu.\n']
357,"['00:53:34,211', '00:53:37,385']",[' I just read it in\n <i>The Book of Cagliostro.</i> Why?\n']
358,"['00:53:46,306', '00:53:47,307']",[' Beyond time.\n']
359,"['00:53:50,227', '00:53:52,150']",[' the destroyer of worlds.\n']
360,"['00:53:56,066', '00:53:58,489']",[' on a quest to invade every universe...\n']
361,"['00:54:02,698', '00:54:05,167']",[' And he hungers for Earth most of all.\n']
362,"['00:54:08,996', '00:54:11,090']",[' A ritual to contact Dormammu\n']
363,"['00:54:16,170', '00:54:18,719']",[' Uh... Okay...\n']
364,"['00:54:22,176', '00:54:24,679']",[' I came here\n to heal my hands.\n']
365,"['00:54:30,934', '00:54:32,026']",[' London.\n']
366,"['00:54:38,150', '00:54:39,151']",[' No!\n']
367,"['00:55:38,210', '00:55:39,257']",[' Hello?\n']
368,"['00:56:48,322', '00:56:51,952']","[' Daniel, I see they made you\n master of this Sanctum.\n']"
369,"['00:56:55,662', '00:56:57,335']","["" That you'll die protecting it.\n""]"
370,"['00:57:25,901', '00:57:28,245']","[' How long have you been\n at Kamar-Taj, Mister...\n']"
371,"['00:57:31,114', '00:57:32,115']",[' Mister Doctor?\n']
372,"['00:57:35,827', '00:57:38,205']",[' Maybe. Who am I to judge?\n']
373,"['01:00:03,350', '01:00:05,318']","["" You don't know how to use that, do you?\n""]"
374,"['01:01:50,457', '01:01:51,925']",[' What?\n']
375,"['01:01:58,423', '01:01:59,424']",[' I said stop it.\n']
376,"['01:02:01,259', '01:02:03,603']","[' I don\'t even know what ""this"" is.\n']"
377,"['01:02:05,138', '01:02:06,811']",[' and the beginning.\n']
378,"['01:02:11,436', '01:02:12,955']","["" If you're not gonna start making sense...\n""]"
379,"['01:02:14,814', '01:02:15,861']","[' Tell me, Mister Doctor...\n']"
380,"['01:02:19,611', '01:02:21,158']",[' - You are a doctor?\n - Yeah.\n']
381,"['01:02:22,864', '01:02:24,491']",[' You understand the laws of nature.\n']
382,"['01:02:28,036', '01:02:29,583']","[' In the end, our sun burns out.\n']"
383,"['01:02:32,540', '01:02:33,792']",[' But the Dark Dimension...\n']
384,"['01:02:36,878', '01:02:38,439']","["" That's it. I'm putting this thing back on.\n""]"
385,"['01:02:40,131', '01:02:42,731']",[' This world can take its rightful place\n alongside so many others...\n']
386,"['01:02:44,844', '01:02:46,687']",[' The great and beautiful One.\n']
387,"['01:02:49,516', '01:02:50,688']",[' Really?\n']
388,"['01:02:57,023', '01:02:58,103']",[' The same as you.\n']
389,"['01:03:01,611', '01:03:03,534']",[' People think in terms of good and evil...\n']
390,"['01:03:05,615', '01:03:07,333']",[' Time kills everything.\n']
391,"['01:03:09,452', '01:03:10,544']",[' Tiny.\n']
392,"['01:03:15,208', '01:03:17,085']",[' Yes. You see.\n']
393,"['01:03:20,547', '01:03:22,299']",[' The world is not what it ought to be.\n']
394,"['01:03:24,968', '01:03:27,687']","[' for a world beyond time,\n because time is what enslaves us.\n']"
395,"['01:03:30,098', '01:03:31,725']",[' Death is an insult.\n']
396,"['01:03:35,395', '01:03:37,864']","["" we don't seek to rule this world.\n""]"
397,"['01:03:39,274', '01:03:42,778']","[' to hand it over to Dormammu,\n who is the intent of all evolution...\n']"
398,"['01:03:46,614', '01:03:49,538']",[' The Sorcerer Supreme\n defends existence.\n']
399,"['01:03:53,580', '01:03:54,832']",[' Was it enlightenment?\n']
400,"['01:03:58,668', '01:04:01,091']","[' You came to be healed, as did we all.\n']"
401,"['01:04:05,508', '01:04:07,510']",[' We all come with the promise\n of being healed...\n']
402,"['01:04:11,681', '01:04:14,275']",[' The real magic she keeps for herself.\n']
403,"['01:04:22,942', '01:04:25,286']",[' I saw the rituals\n in <i>The Book of Cagliostro.</i>\n']
404,"['01:04:28,114', '01:04:29,707']",[' The ritual gives me the power\n']
405,"['01:04:31,201', '01:04:32,953']",[' and tear her Sanctums down.\n']
406,"['01:04:35,789', '01:04:37,791']","[' Because what The Ancient One hoards,\n']"
407,"['01:04:40,335', '01:04:41,837']",[' Life everlasting.\n']
408,"['01:04:45,048', '01:04:46,971']","["" He's the savior of worlds.\n""]"
409,"['01:04:49,344', '01:04:51,187']",[' Look at your face.\n']
410,"['01:04:53,807', '01:04:56,026']",[' Just how good can his kingdom be?\n']
411,"['01:04:59,979', '01:05:01,652']","[' No, not that.\n']"
412,"['01:06:12,594', '01:06:13,686']","[' Sir, can I help you?\n']"
413,"['01:06:15,138', '01:06:16,698']",[' - Sir. We need to get...\n - Where is she?\n']
414,"['01:06:18,308', '01:06:19,400']",[' Christine!\n']
415,"['01:06:22,645', '01:06:23,737']","[' Oh, my God.\n']"
416,"['01:06:26,483', '01:06:27,609']","["" Now! I haven't any time.\n""]"
417,"['01:06:29,402', '01:06:32,372']",[' I was stabbed. Cardiac tamponade.\n']
418,"['01:06:41,581', '01:06:42,581']",[' Chest cavity is clear.\n']
419,"['01:06:48,338', '01:06:49,510']","[' No, no, no.\n']"
420,"['01:06:52,175', '01:06:53,392']","[' Come on, come on.\n']"
421,"['01:07:22,580', '01:07:23,940']",[' Please be careful with the needle.\n']
422,"['01:07:29,629', '01:07:30,630']",[' What am I seeing?\n']
423,"['01:07:33,967', '01:07:34,968']",[' Are you dead?\n']
424,"['01:07:39,055', '01:07:40,932']",[' Right.\n']
425,"['01:07:44,143', '01:07:45,144']",[' Okay.\n']
426,"['01:07:54,904', '01:07:56,872']","["" I've never seen a wound like this.\n""]"
427,"['01:07:59,367', '01:08:00,584']","["" I don't know.\n""]"
428,"['01:08:22,348', '01:08:23,565']",[' What?\n']
429,"['01:08:26,311', '01:08:27,779']",[' Huh?\n']
430,"['01:08:31,316', '01:08:32,818']",[' Uh-huh.\n']
431,"['01:09:33,127', '01:09:34,674']","[' Come on, come on.\n']"
432,"['01:09:43,554', '01:09:44,976']",[' Hit me again.\n']
433,"['01:09:46,933', '01:09:48,606']",[' Up the voltage and hit me again.\n']
434,"['01:09:49,894', '01:09:51,146']",[' Just do it!\n']
435,"['01:10:22,719', '01:10:24,721']","[' Oh, God! Oh, God!\n']"
436,"['01:10:26,055', '01:10:27,147']",[' Yeah.\n']
437,"['01:10:34,772', '01:10:36,820']",[' After all this time...\n']
438,"['01:10:40,319', '01:10:42,413']",[' flying out of your body.\n']
439,"['01:10:44,449', '01:10:45,996']","[' I missed you, too, by the way.\n']"
440,"['01:10:48,035', '01:10:50,663']","[' I wrote you emails,\n but you never responded.\n']"
441,"['01:10:52,915', '01:10:55,213']","[' Christine, I am so, so sorry.\n']"
442,"['01:10:58,337', '01:11:01,932']",[' I was a complete asshole.\n I treated you so horribly.\n']
443,"['01:11:04,677', '01:11:06,054']","["" Stop. You're clearly in shock.\n""]"
444,"['01:11:10,475', '01:11:11,772']",[' Where have you been?\n']
445,"['01:11:15,938', '01:11:18,908']","[' I headed east,\n and I ended up in Kathmandu.\n']"
446,"['01:11:20,234', '01:11:21,531']",[' Yeah.\n']
447,"['01:11:24,030', '01:11:25,782']","[' 1975, <i>Beautiful Loser,</i> side A. Yeah.\n']"
448,"['01:11:29,827', '01:11:33,502']","[' and I talked to someone\n called ""The Ancient One.""\n']"
449,"['01:11:35,708', '01:11:38,302']","["" No, I didn't. No, not exactly. No.\n""]"
450,"['01:11:41,339', '01:11:42,636']",[' Yeah. That sounds like a cult.\n']
451,"['01:11:44,300', '01:11:45,778']","["" Well, that's what a cultist would say.\n""]"
452,"['01:11:47,386', '01:11:49,855']","["" Wait. Stephen, wait.\n What do you think you're doing?\n""]"
453,"['01:11:55,520', '01:11:56,612']",[' This is insane.\n']
454,"['01:11:57,855', '01:11:59,857']",[' - Where are you going?\n - Um...\n']
455,"['01:12:02,109', '01:12:04,487']","[' Well, a powerful sorcerer\n']"
456,"['01:12:06,364', '01:12:08,992']","[' can bend the very laws of physics,\n tried very hard to kill me.\n']"
457,"['01:12:10,952', '01:12:13,514']",[' and the quickest way back there\n is through a dimensional gateway...\n']
458,"['01:12:14,705', '01:12:16,582']","["" Okay. Don't tell me. Fine.\n""]"
459,"['01:12:29,804', '01:12:30,896']",[' Yeah.\n']
460,"['01:13:20,271', '01:13:21,523']","["" You're okay.\n""]"
461,"['01:13:24,650', '01:13:26,402']",[' The Cloak of Levitation.\n']
462,"['01:13:29,697', '01:13:31,119']",[' No minor feat.\n']
463,"['01:13:33,701', '01:13:35,669']","["" - He's escaped.\n - Kaecilius?\n""]"
464,"['01:13:37,538', '01:13:39,757']",[' He can fold space and matter at will.\n']
465,"['01:13:43,544', '01:13:44,636']",[' in the real world?\n']
466,"['01:13:46,005', '01:13:47,803']",[' - How many more?\n - Two.\n']
467,"['01:13:50,968', '01:13:52,060']",[' And the other?\n']
468,"['01:13:53,679', '01:13:55,477']",[' Master Drumm is in the foyer.\n']
469,"['01:13:57,433', '01:13:59,077']",[' The London Sanctum has fallen.\n']
470,"['01:14:01,604', '01:14:03,606']",[' to shield us from the Dark Dimension.\n']
471,"['01:14:07,485', '01:14:09,237']","[' With its master gone, it needs another.\n']"
472,"['01:14:13,783', '01:14:14,784']",[' No.\n']
473,"['01:14:18,079', '01:14:20,798']",[' Not Master Strange. Not Mister Strange.\n']
474,"['01:14:23,459', '01:14:26,929']","[' When I became a doctor,\n I swore an oath to do no harm.\n']"
475,"['01:14:28,422', '01:14:30,265']","["" I'm not doing that again.\n""]"
476,"['01:14:33,052', '01:14:36,226']",[' You became a doctor\n to save one life above all others.\n']
477,"['01:14:38,891', '01:14:40,564']","[' Still seeing through me, are you?\n']"
478,"['01:14:44,939', '01:14:48,113']",[' You want to go back to the delusion\n that you can control anything...\n']
479,"['01:14:49,819', '01:14:51,412']",[' which no one can control.\n']
480,"['01:14:54,490', '01:14:56,584']",[' Not even Dormammu?\n']
481,"['01:15:00,246', '01:15:02,248']","["" It's our fear of death\n that gives Dormammu life.\n""]"
482,"['01:15:03,708', '01:15:06,052']",[' Like you feed off him?\n']
483,"['01:15:08,045', '01:15:09,137']","[' Oh, I know how you do it.\n']"
484,"['01:15:13,050', '01:15:15,929']","[' Measure your next words\n very carefully, doctor.\n']"
485,"['01:15:18,222', '01:15:21,021']",[' Because you may not know\n of what you speak.\n']
486,"['01:15:22,935', '01:15:26,235']","["" I'm talking about her long life,\n the source of her immortality.\n""]"
487,"['01:15:29,900', '01:15:31,277']",[' to stay alive.\n']
488,"['01:15:34,613', '01:15:36,741']","["" I've seen the rituals. Worked them out.\n""]"
489,"['01:15:40,745', '01:15:42,167']",[' Once they regroup...\n']
490,"['01:15:44,623', '01:15:46,466']","["" You'll need reinforcements.\n""]"
491,"['01:15:55,634', '01:15:57,477']","["" You don't have the right to say that.\n""]"
492,"['01:16:00,389', '01:16:02,312']","["" No, and I don't want to know.\n""]"
493,"['01:16:04,143', '01:16:05,190']","["" Because I'm not a killer?\n""]"
494,"['01:16:07,021', '01:16:09,615']","["" and you can't muster the strength\n to snuff them first?\n""]"
495,"['01:16:11,317', '01:16:12,534']",[' You saved your own life!\n']
496,"['01:16:16,655', '01:16:18,133']","[' Oh, you would have done it so easily?\n']"
497,"['01:16:22,995', '01:16:24,872']",[' And the answer is yes.\n']
498,"['01:16:26,916', '01:16:28,036']","["" Even if there's another way?\n""]"
499,"['01:16:30,169', '01:16:31,466']",[' You lack imagination.\n']
500,"['01:16:32,922', '01:16:36,347']",[' You lack a spine.\n']
501,"['01:16:49,438', '01:16:50,781']",[' We have to end this.\n']
502,"['01:16:57,363', '01:16:58,410']",[' Strange!\n']
503,"['01:17:00,574', '01:17:01,666']",[' No!\n']
504,"['01:17:07,998', '01:17:10,376']","["" You can't affect the real world in here.\n""]"
505,"['01:17:12,378', '01:17:13,504']",[' Asshole.\n']
506,"['01:17:30,729', '01:17:31,748']","["" I've got his sling ring.\n""]"
507,"['01:17:34,191', '01:17:35,283']",[' Run!\n']
508,"['01:17:54,170', '01:17:56,093']",[' makes them more powerful\n in the Mirror Dimension.\n']
509,"['01:17:58,591', '01:18:01,435']","["" This wasn't cleverness. It was suicide!\n""]"
510,"['01:19:06,659', '01:19:08,206']",[' This was a mistake.\n']
511,"['01:20:11,640', '01:20:12,641']",[' Oh!\n']
512,"['01:20:42,713', '01:20:46,092']",[' She does draw power\n from the Dark Dimension.\n']
513,"['01:20:53,557', '01:20:56,276']",[' I came to you broken...\n']
514,"['01:20:59,521', '01:21:02,274']","[' Trusted you to be my teacher,\n and you fed me lies.\n']"
515,"['01:21:04,485', '01:21:06,738']",[' - From the truth?\n - From yourself.\n']
516,"['01:21:09,448', '01:21:10,620']",[' Dormammu deceives you.\n']
517,"['01:21:14,119', '01:21:17,965']","[' His eternal life is not paradise,\n but torment.\n']"
518,"['01:22:15,097', '01:22:16,189']",[' Christine!\n']
519,"['01:22:19,768', '01:22:20,769']","[' Oh, my God.\n']"
520,"['01:22:25,607', '01:22:26,807']",[' - Neurogenic?\n - Yes.\n']
521,"['01:22:35,534', '01:22:36,535']",[' Nic?\n']
522,"['01:22:44,209', '01:22:46,382']","["" She's still dropping.\n""]"
523,"['01:22:47,588', '01:22:48,840']",[' We need to increase her oxygen!\n']
524,"['01:22:50,090', '01:22:51,410']",[' Her pupils have dilated!\n']
525,"['01:22:52,968', '01:22:54,448']","["" We're not reading any brain activity.\n""]"
526,"['01:23:08,484', '01:23:10,236']","["" Come on, you're dying!\n""]"
527,"['01:23:21,538', '01:23:23,211']",[' Time is relative.\n']
528,"['01:23:27,503', '01:23:29,301']","["" I've spent so many years...\n""]"
529,"['01:23:31,256', '01:23:33,759']",[' looking at this exact moment.\n']
530,"['01:23:36,136', '01:23:39,686']","["" I've prevented countless,\n terrible futures.\n""]"
531,"['01:23:42,434', '01:23:44,812']",[' And they all lead here...\n']
532,"['01:23:46,146', '01:23:48,114']",[' You think this is where you die.\n']
533,"['01:23:51,485', '01:23:52,611']",[' No.\n']
534,"['01:23:56,073', '01:23:57,620']",[' I never saw your future.\n']
535,"['01:24:00,327', '01:24:03,046']",[' You have such a capacity for goodness.\n']
536,"['01:24:05,207', '01:24:07,710']",[' but not because you craved success...\n']
537,"['01:24:10,337', '01:24:12,089']","["" That's what made me a great doctor.\n""]"
538,"['01:24:16,009', '01:24:18,057']",[' Arrogance and fear still keep you...\n']
539,"['01:24:19,596', '01:24:21,644']",[' and most significant lesson of all.\n']
540,"['01:24:24,977', '01:24:27,196']","["" It's not about you.\n""]"
541,"['01:24:32,359', '01:24:35,533']",[' you asked me how I was able\n to heal Jonathan Pangborn.\n']
542,"['01:24:39,741', '01:24:43,996']",[' He channels dimensional energy\n directly into his own body.\n']
543,"['01:24:45,998', '01:24:47,170']",[' Constantly.\n']
544,"['01:24:50,377', '01:24:52,345']",[' to return to his own life...\n']
545,"['01:24:55,299', '01:24:57,973']",[' So I could have my hands back again?\n']
546,"['01:25:00,137', '01:25:01,389']",[' You could.\n']
547,"['01:25:06,852', '01:25:10,152']","["" I've hated drawing power\n from the Dark Dimension.\n""]"
548,"['01:25:11,481', '01:25:13,859']",[' sometimes one must break the rules...\n']
549,"['01:25:15,986', '01:25:17,909']","["" Mordo won't see it that way.\n""]"
550,"['01:25:20,699', '01:25:22,918']",[' forged by the fires of his youth.\n']
551,"['01:25:24,995', '01:25:27,043']",[' just as you need his strength.\n']
552,"['01:25:32,085', '01:25:33,553']","["" I'm not ready.\n""]"
553,"['01:25:38,717', '01:25:40,890']","["" We don't get to choose our time.\n""]"
554,"['01:25:48,352', '01:25:50,946']",[' To know your days are numbered.\n']
555,"['01:25:55,025', '01:25:57,323']","["" You'd think after\n all this time, I'd be ready.\n""]"
556,"['01:26:00,072', '01:26:03,076']",[' Stretching one moment out\n into a thousand...\n']
557,"['01:26:44,408', '01:26:45,830']",[' Are you okay?\n']
558,"['01:26:55,919', '01:26:57,011']",[' I know.\n']
559,"['01:27:05,595', '01:27:08,474']","["" You said that losing my hands\n didn't have to be the end.\n""]"
560,"['01:27:10,434', '01:27:11,481']",[' Yeah.\n']
561,"['01:27:18,817', '01:27:20,319']",[' A harder way.\n']
562,"['01:27:24,906', '01:27:26,829']","[' <i>Doctor Palmer to the ER, please.</i>\n']"
563,"['01:27:32,831', '01:27:34,674']","["" I don't want you to go.\n""]"
564,"['01:28:53,829', '01:28:55,831']",[' Choose your weapon wisely.\n']
565,"['01:29:03,588', '01:29:04,635']",[' No one.\n']
566,"['01:29:22,274', '01:29:24,447']","["" You're on the wrong side\n of history, Wong.\n""]"
567,"['01:29:38,748', '01:29:39,965']",[' You were right.\n']
568,"['01:29:44,379', '01:29:46,131']",[' She was complicated.\n']
569,"['01:29:55,432', '01:29:57,776']",[' The Dark Dimension is volatile.\n']
570,"['01:29:59,936', '01:30:01,188']",[' What if it overtook her?\n']
571,"['01:30:06,359', '01:30:10,239']",[' while she drew on its power\n to steal centuries of life.\n']
572,"['01:30:12,240', '01:30:13,958']",[' The bill comes due.\n']
573,"['01:30:17,829', '01:30:21,254']",[' Her transgressions\n led the Zealots to Dormammu.\n']
574,"['01:30:25,587', '01:30:26,713']",[' And here we are...\n']
575,"['01:30:32,469', '01:30:33,766']",[' A world on fire.\n']
576,"['01:30:36,389', '01:30:38,266']",[' The New York one\n has been attacked twice.\n']
577,"['01:30:40,393', '01:30:41,485']",[' Hong Kong.\n']
578,"['01:30:43,939', '01:30:44,979']","[' because one day, it might.\n']"
579,"['01:30:47,484', '01:30:49,907']",[' I cannot defeat them alone.\n']
580,"['01:31:16,596', '01:31:18,519']",[' The Dark Dimension.\n']
581,"['01:31:24,354', '01:31:25,401']","["" It's too late.\n""]"
582,"['01:31:29,526', '01:31:30,823']",[' Not necessarily.\n']
583,"['01:32:17,615', '01:32:18,912']","["" The spell's working.\n""]"
584,"['01:32:31,212', '01:32:32,429']",[' Whoa!\n']
585,"['01:34:13,398', '01:34:14,900']",[' Wong.\n']
586,"['01:34:27,203', '01:34:28,625']","["" Well, don't stop now.\n""]"
587,"['01:34:31,749', '01:34:32,921']","["" they'll attack it again.\n""]"
588,"['01:34:34,419', '01:34:35,671']",[' Come on!\n']
589,"['01:35:05,241', '01:35:06,458']",[' Get up and fight.\n']
590,"['01:35:09,662', '01:35:11,630']","["" You can't fight the inevitable.\n""]"
591,"['01:35:18,296', '01:35:20,719']",[' A world beyond time.\n']
592,"['01:35:28,806', '01:35:31,309']",[' - Beyond time...\n - Strange.\n']
593,"['01:36:06,886', '01:36:10,186']",[' Even Strange has left you\n and surrendered to his power.\n']
594,"['01:36:45,633', '01:36:47,886']","["" You've come to die.\n""]"
595,"['01:36:52,598', '01:36:55,067']",[' like all worlds.\n']
596,"['01:37:28,676', '01:37:31,350']","["" You've come to die.\n""]"
597,"['01:37:35,600', '01:37:37,102']",[' What is this?\n']
598,"['01:37:39,270', '01:37:40,613']",[' No. This is real.\n']
599,"['01:37:52,450', '01:37:55,499']","["" Dormammu, I've come to bargain.\n""]"
600,"['01:37:59,582', '01:38:02,381']",[' Just as you gave Kaecilius\n powers from your dimension...\n']
601,"['01:38:05,338', '01:38:07,466']",[' This is time.\n']
602,"['01:38:11,636', '01:38:13,559']",[' You dare!\n']
603,"['01:38:17,308', '01:38:19,652']","["" Dormammu, I've come to bargain.\n""]"
604,"['01:38:23,106', '01:38:24,653']","[' Actually, I can.\n']"
605,"['01:38:27,360', '01:38:30,489']","[' You and me, trapped in this moment...\n']"
606,"['01:38:31,948', '01:38:35,498']",[' Then you will spend eternity dying.\n']
607,"['01:38:39,956', '01:38:41,549']",[' But you will suffer.\n']
608,"['01:38:46,045', '01:38:47,672']",[' Dormammu...\n']
609,"['01:38:49,173', '01:38:50,174']",[' End this!\n']
610,"['01:39:09,277', '01:39:12,281']",[' You will never win.\n']
611,"['01:39:15,408', '01:39:16,876']",[' but I can lose...\n']
612,"['01:39:21,038', '01:39:22,085']",[' and again...\n']
613,"['01:39:26,377', '01:39:27,879']",[' And that makes you my prisoner.\n']
614,"['01:39:29,380', '01:39:30,620']",[' Stop!\n']
615,"['01:39:33,885', '01:39:35,887']",[' Set me free!\n']
616,"['01:39:38,514', '01:39:40,357']","["" I've come to bargain.\n""]"
617,"['01:39:46,189', '01:39:48,237']",[' Take your Zealots from the Earth.\n']
618,"['01:39:51,527', '01:39:52,949']",[' Never come back.\n']
619,"['01:39:55,114', '01:39:57,287']","["" and I'll break the loop.\n""]"
620,"['01:40:08,211', '01:40:09,337']",[' Get up and fight.\n']
621,"['01:40:12,089', '01:40:13,289']","["" Isn't it beautiful?\n""]"
622,"['01:40:20,556', '01:40:22,103']",[' Beyond death.\n']
623,"['01:40:35,446', '01:40:36,993']",[' I made a bargain.\n']
624,"['01:40:42,036', '01:40:44,880']","["" Well, it's everything you've ever wanted.\n""]"
625,"['01:40:50,753', '01:40:52,505']","["" You're not gonna like it.\n""]"
626,"['01:41:13,818', '01:41:16,742']",[' stolen the whole book\n because the warnings...\n']
627,"['01:41:28,749', '01:41:30,171']","["" Oh, that's funny.\n""]"
628,"['01:42:01,866', '01:42:03,038']",[' Yes.\n']
629,"['01:42:06,537', '01:42:07,959']",[' By also violating...\n']
630,"['01:42:10,541', '01:42:13,215']","["" Look around you. It's over.\n""]"
631,"['01:42:17,632', '01:42:19,305']",[' No price to pay?\n']
632,"['01:42:23,888', '01:42:27,358']",[' The bill comes due.\n']
633,"['01:42:30,394', '01:42:31,566']",[' A reckoning.\n']
634,"['01:43:11,394', '01:43:12,862']","[' Yeah, okay.\n']"
635,"['01:43:24,281', '01:43:26,375']","["" You'll wear the Eye of Agamotto...\n""]"
636,"['01:43:28,786', '01:43:29,958']",[' Until then...\n']
637,"['01:43:33,791', '01:43:34,838']",[' A what?\n']
638,"['01:43:38,379', '01:43:40,222']",[' but you still have much to learn.\n']
639,"['01:43:45,428', '01:43:47,977']",[' Earth has no Sorcerer Supreme\n to defend it.\n']
640,"['01:43:49,640', '01:43:50,641']","["" We'll be ready.\n""]"
641,"['01:46:42,479', '01:46:43,480']",[' Tea?\n']
642,"['01:46:45,566', '01:46:46,567']",[' What do you drink?\n']
643,"['01:46:52,781', '01:46:54,328']","[' So, I keep a watch list...\n']"
644,"['01:46:56,452', '01:46:57,852']",[' that may be a threat to this world.\n']
645,"['01:47:04,001', '01:47:05,674']",[' Worthy inclusion.\n']
646,"['01:47:08,130', '01:47:12,101']",[' So why bring him here to New York?\n']
647,"['01:47:13,844', '01:47:15,846']","[' Family drama, that kind of thing.\n']"
648,"['01:47:18,182', '01:47:21,402']","[' Oh, okay. So if you found Odin...\n']"
649,"['01:47:24,688', '01:47:25,985']","[' Oh, yes. Promptly.\n']"
650,"['01:47:28,859', '01:47:30,486']",[' Allow me to help you.\n']
651,"['01:53:34,099', '01:53:37,228']",[' They carried you into Kamar-Taj\n on a stretcher.\n']
652,"['01:53:42,107', '01:53:43,108']",[' Mordo.\n']
653,"['01:53:47,863', '01:53:49,706']","["" I've been away\n for many months now,\n""]"
654,"['01:53:52,409', '01:53:54,958']",[' The true purpose of a sorcerer...\n']
655,"['01:53:58,790', '01:54:00,292']",[' stealing power...\n']
656,"['01:54:03,295', '01:54:04,638']",[' Like you.\n']
657,"['01:54:08,759', '01:54:10,807']",[' - Mine.\n - Power...\n']
658,"['01:54:27,652', '01:54:29,780']",[' Why are you doing this?\n']
659,[],[]
