,time,content
0,"['00:01:07,645', '00:01:11,194']","["" <i>There's a girl in this harbor town</i>\n""]"
1,"['00:01:15,045', '00:01:18,833']","[' <i>They say, ""Brandy, fetch another round""</i>\n']"
2,"['00:01:22,205', '00:01:26,164']","[' <i>The sailors say\n ""Brandy, you\'re a fine girl""</i>\n']"
3,"['00:01:41,245', '00:01:43,122']",[' Come on!\n Slow down!\n']
4,"['00:01:48,005', '00:01:49,154']",[' Where are you taking me?\n']
5,"['00:01:50,845', '00:01:52,676']",[' Look. Look!\n']
6,"['00:01:55,005', '00:01:56,996']","["" I was afraid it wouldn't\n take to the soil...\n""]"
7,"['00:01:58,685', '00:02:01,245']","["" And soon, it'll be everywhere.\n""]"
8,"['00:02:05,845', '00:02:07,836']","["" Well, I don't know what\n you're talking about...\n""]"
9,"['00:02:10,045', '00:02:11,444']",[' My heart is yours...\n']
10,"['00:02:15,365', '00:02:18,675']","["" I can't believe I fell in love\n with a spaceman.\n""]"
11,"['00:03:14,005', '00:03:16,394']",[' It will be here any minute.\n']
12,"['00:03:18,525', '00:03:19,924']",[' I thought your thing was a sword?\n']
13,"['00:03:22,405', '00:03:25,085']","["" from feeding on those batteries,\n and I'm gonna stop it with a sword?\n""]"
14,"['00:03:27,365', '00:03:30,084']","["" But I guess we're both doing guns now.\n I just didn't know that.\n""]"
15,"['00:03:33,845', '00:03:35,073']",[' It hurts.\n']
16,"['00:03:37,925', '00:03:39,438']",[' I have sensitive nipples.\n']
17,"['00:03:43,445', '00:03:45,003']","["" What about him? What's he doing?\n""]"
18,"['00:03:47,885', '00:03:49,113']",[' How is that a priority?\n']
19,"['00:03:51,805', '00:03:53,397']","[' No, I actually agree with Drax on this.\n']"
20,"['00:03:55,125', '00:03:57,400']","[' Oh, okay. Sure, Quill.\n']"
21,"['00:04:00,805', '00:04:04,115']","["" No, I understand that.\n You're being very serious right now.\n""]"
22,"['00:04:06,725', '00:04:08,716']","["" Damn it. I'm using my left eye?\n""]"
23,"['00:04:16,365', '00:04:18,885']",[' They were not looking at you funny.\n']
24,"['00:05:27,165', '00:05:28,165']",[' Groot!\n']
25,"['00:05:46,045', '00:05:47,045']",[' Hi.\n']
26,"['00:06:31,925', '00:06:33,074']",[' Come on!\n']
27,"['00:07:39,165', '00:07:41,998']","["" The beast's hide is too thick\n to be pierced from the outside.\n""]"
28,"['00:07:44,485', '00:07:45,485']",[' Huh?\n']
29,"['00:07:48,165', '00:07:49,165']",[' Drax!\n']
30,"['00:08:00,325', '00:08:03,086']","[' He said the skin is too thick\n to be pierced from the outside, so he...\n']"
31,"['00:08:05,205', '00:08:07,861']",[' Skin is the same level of thickness\n from the inside as from the outside!\n']
32,"['00:08:13,205', '00:08:15,355']",[' There is a cut on its neck.\n']
33,"['00:08:20,005', '00:08:22,678']","[' Hey, you giant Sea-Monkey! Up here!\n']"
34,"['00:09:19,885', '00:09:21,796']",[' Yes! I have single-handedly...\n']
35,"['00:09:27,165', '00:09:28,314']",[' What?\n']
36,"['00:09:40,205', '00:09:41,479']",[' Anulax batteries.\n']
37,"['00:09:44,165', '00:09:46,474']","["" That's nothing like what I just said.\n""]"
38,"['00:09:48,485', '00:09:50,525']",[' which is why the Sovereign\n hired us to protect them.\n']
39,"['00:09:54,365', '00:09:55,957']",[' The cost of transgression is death.\n']
40,"['00:10:01,605', '00:10:05,598']",[' We could not risk the lives\n of our own Sovereign citizens.\n']
41,"['00:10:10,485', '00:10:13,602']","[' Impeccable,\n both physically and mentally.\n']"
42,"['00:10:16,125', '00:10:18,320']",[' germinating them in birthing pods.\n']
43,"['00:10:23,645', '00:10:25,765']","[' Perhaps someday,\n you could give me a history lesson...\n']"
44,"['00:10:29,645', '00:10:31,636']",[' For academic purposes.\n']
45,"['00:10:33,885', '00:10:35,876']",[' In the name of research...\n']
46,"['00:10:38,725', '00:10:39,999']",[' repulsive.\n']
47,"['00:10:42,445', '00:10:43,480']","[' Oh, please.\n']"
48,"['00:10:47,125', '00:10:48,399']",[' Bring it...\n']
49,"['00:11:04,125', '00:11:06,559']",[' Family reunion. Yay.\n']
50,"['00:11:09,325', '00:11:13,523']","["" She's worth no more to me\n than the bounty due for her on Xandar.\n""]"
51,"['00:11:19,205', '00:11:21,082']",[' Do with her as you please.\n']
52,"['00:11:26,805', '00:11:29,365']","[' What is your heritage, Mr. Quill?\n']"
53,"['00:11:34,405', '00:11:36,123']",[' And your father?\n']
54,"['00:11:40,925', '00:11:42,244']",[' I see it within you.\n']
55,"['00:11:46,245', '00:11:50,363']",[' A hybrid that seems particularly...\n']
56,"['00:11:54,005', '00:11:56,997']","[' You know, they told me you people\n were conceited douchebags...\n']"
57,"['00:12:04,765', '00:12:05,765']","[' Oh, shit.\n']"
58,"['00:12:08,125', '00:12:10,355']","["" I'm sorry. That was meant to be\n behind your back.\n""]"
59,"['00:12:14,285', '00:12:16,037']","["" You're telling me.\n""]"
60,"['00:12:30,085', '00:12:32,553']","["" <i>All right,\n let's get baldy to Xandar</i>\n""]"
61,"['00:13:26,325', '00:13:28,361']",[' That stuff about my father...\n']
62,"['00:13:30,805', '00:13:33,114']","["" I know you're sensitive about that.\n""]"
63,"['00:13:37,165', '00:13:40,043']",[' Sorry if it seemed like\n I was flirting with the High Priestess.\n']
64,"['00:13:42,085', '00:13:44,155']","["" I don't care if you were.\n""]"
65,"['00:13:46,285', '00:13:48,515']","["" That's why I'm apologizing. So, sorry!\n""]"
66,"['00:13:51,845', '00:13:52,960']",[' Damn shadow.\n']
67,"['00:13:55,245', '00:13:56,997']","[' those who dance, and those who do not.\n']"
68,"['00:13:59,405', '00:14:01,396']",[' I first met my beloved at a war rally.\n']
69,"['00:14:02,645', '00:14:05,478']","[' Everyone in the village\n flailed about, dancing.\n']"
70,"['00:14:07,565', '00:14:08,998']",[' My Ovette.\n']
71,"['00:14:12,165', '00:14:14,599']",[' The most melodic song in the world\n could be playing.\n']
72,"['00:14:18,365', '00:14:20,481']","["" Wouldn't move a muscle.\n""]"
73,"['00:14:23,525', '00:14:24,924']",[' That does sound pretty hot.\n']
74,"['00:14:28,325', '00:14:30,202']","[' Okay. I get it, yes.\n']"
75,"['00:14:32,445', '00:14:35,881']",[' You just need to find a woman\n who is pathetic... like you.\n']
76,"['00:14:41,445', '00:14:44,118']","["" I'm hungry.\n Hand me some of that yaro root.\n""]"
77,"['00:14:45,925', '00:14:46,960']",[' and I hate you.\n']
78,"['00:14:48,605', '00:14:51,324']",[' You left me there\n while you stole that stone for yourself.\n']
79,"['00:14:53,765', '00:14:56,518']","[' I will be free of these shackles\n soon enough, and I will kill you.\n']"
80,"['00:14:58,445', '00:14:59,560']",[' No.\n']
81,"['00:15:01,605', '00:15:03,118']",[' in a prison on Xandar...\n']
82,"['00:15:11,565', '00:15:12,634']",[' This is weird.\n']
83,"['00:15:14,685', '00:15:15,821']",[' Why would they do that?\n']
84,"['00:15:17,485', '00:15:18,485']",[' Dude!\n']
85,"['00:15:20,085', '00:15:21,285']","["" He didn't steal some of those.\n""]"
86,"['00:15:34,325', '00:15:36,156']",[' What were you thinking?\n']
87,"['00:15:37,725', '00:15:39,158']","["" - That's your defense?\n - Come on!\n""]"
88,"['00:15:41,765', '00:15:43,483']","["" Now I'm teaching her a lesson!\n""]"
89,"['00:15:47,045', '00:15:49,541']","["" It's really a shame the Sovereign\n have mistaken your intentions...\n""]"
90,"['00:15:51,325', '00:15:53,077']",[' I was being sarcastic!\n']
91,"['00:15:54,485', '00:15:55,661']","["" You're supposed to use\n a sarcastic voice!\n""]"
92,"['00:15:57,165', '00:15:58,501']",[' Can we put the bickering on hold...\n']
93,"['00:16:00,845', '00:16:02,483']",[' More incoming!\n Good!\n']
94,"['00:16:12,005', '00:16:13,365']","["" You're not killing anyone.\n""]"
95,"['00:16:18,565', '00:16:19,565']",[' Damn it!\n']
96,"['00:16:32,285', '00:16:36,358']","[' High Priestess, the batteries,\n they are exceptionally combustible...\n']"
97,"['00:16:37,845', '00:16:40,564']",[' Our concern is their slight\n against our people.\n']
98,"['00:16:45,525', '00:16:46,885']",[' It is heresy of the highest order.\n']
99,"['00:16:51,045', '00:16:53,639']",[' <i>fire with the intent to kill.</i>\n']
100,"['00:17:05,765', '00:17:07,118']","["" It's called Berhert.\n""]"
101,"['00:17:09,165', '00:17:12,157']",[' But the access point is 47 clicks away.\n']
102,"['00:17:24,685', '00:17:26,005']","[' Quill, to make it through that...\n']"
103,"['00:17:27,805', '00:17:28,840']","[' Lucky for us, I...\n']"
104,"['00:17:43,245', '00:17:43,961']",[' What are you doing?\n']
105,"['00:17:46,445', '00:17:49,357']",[' I was cybernetically engineered\n to pilot a spacecraft.\n']
106,"['00:17:52,805', '00:17:53,805']",[' Stop it.\n']
107,"['00:17:55,805', '00:17:57,941']","["" and there's gonna be something squishy\n in your pillow case.\n""]"
108,"['00:17:59,405', '00:18:01,285']","["" And it's gonna be because\n I put a turd in there!\n""]"
109,"['00:18:05,285', '00:18:06,764']","["" Oh, it won't be my turd.\n""]"
110,"['00:18:10,925', '00:18:12,597']",[' I have famously huge turds.\n']
111,"['00:18:17,965', '00:18:18,965']",[' Son of a...\n']
112,"['00:18:21,165', '00:18:22,165']",[' Hey! Let me...\n']
113,"['00:18:38,125', '00:18:39,125']","["" Well, that's what you get\n""]"
114,"['00:18:40,725', '00:18:42,238']",[' Ow!\n']
115,"['00:18:47,605', '00:18:49,436']",[' Our weapons are down.\n']
116,"['00:18:54,685', '00:18:55,685']",[' Hold on.\n']
117,"['00:19:16,005', '00:19:18,155']","[' Come on, Zylak. You can do this.\n']"
118,"['00:19:24,565', '00:19:26,556']",[' 15 clicks to the jump!\n']
119,"['00:19:28,965', '00:19:30,444']",[' Keep going!\n']
120,"['00:19:49,565', '00:19:51,283']","[' Die, spaceship!\n']"
121,"['00:19:57,525', '00:19:58,560']",[' Typical.\n']
122,"['00:20:08,085', '00:20:09,598']",[' Son of a...\n']
123,"['00:20:26,245', '00:20:28,440']",[' Someone destroyed all our ships!\n']
124,"['00:20:32,725', '00:20:34,522']",[' Who?\n']
125,"['00:20:38,165', '00:20:39,962']",[' - What is that?\n - Who cares?\n']
126,"['00:20:45,165', '00:20:46,883']","["" It's a guy.\n""]"
127,"['00:20:55,005', '00:20:56,438']","["" He's still out there?\n""]"
128,"['00:21:26,645', '00:21:28,840']",[' Prepare for a really bad landing!\n']
129,"['00:22:12,805', '00:22:13,874']",[' Yes!\n']
130,"['00:22:18,085', '00:22:19,677']",[' Where is the other half of our ship?\n']
131,"['00:22:21,005', '00:22:24,714']",[' Either one of you could have\n gotten us through that field...\n']
132,"['00:22:26,125', '00:22:27,604']","["" instead of what's between your legs!\n""]"
133,"['00:22:31,285', '00:22:33,401']",[' I guarantee I could have landed\n this ship with it.\n']
134,"['00:22:36,885', '00:22:38,045']",[' More like because he stole...\n']
135,"['00:22:39,445', '00:22:41,720']","["" They're called Harbulary batteries.\n""]"
136,"['00:22:43,685', '00:22:45,357']","[' Do you know why I did it,\n Star-Munch? Hmm?\n']"
137,"['00:22:47,765', '00:22:49,676']",[' I did it because I wanted to!\n']
138,"['00:22:50,685', '00:22:52,562']",[' What are we even talking about this for?\n']
139,"['00:22:55,365', '00:22:56,365']",[' How little?\n']
140,"['00:22:58,805', '00:23:00,443']",[' A little one-inch man saved us?\n']
141,"['00:23:02,925', '00:23:05,280']","["" That's how eyesight works,\n you stupid raccoon.\n""]"
142,"['00:23:07,165', '00:23:09,599']","["" I'm sorry. I took it too far.\n""]"
143,"['00:23:14,085', '00:23:15,279']",[' Is that better?\n']
144,"['00:23:17,685', '00:23:19,915']","["" It's worse. It's so much worse.\n""]"
145,"['00:23:21,485', '00:23:22,201']",[' Hey!\n']
146,"['00:23:23,885', '00:23:25,925']",[' Someone followed you\n through the jump point.\n']
147,"['00:23:30,005', '00:23:31,120']","["" I'm not a fool, Nebula.\n""]"
148,"['00:23:33,325', '00:23:34,661']","["" You'll attack me the moment I let you go.\n""]"
149,"['00:23:35,845', '00:23:39,121']","["" You'd think an evil supervillain\n would learn how to properly lie.\n""]"
150,"['00:24:13,165', '00:24:16,840']","["" After all these years, I've found you.\n""]"
151,"['00:24:20,205', '00:24:23,436']",[' I figured my rugged good looks\n would make that obvious.\n']
152,"['00:24:28,205', '00:24:29,604']","["" and I'm your dad, Peter.\n""]"
153,"['00:24:47,805', '00:24:50,683']","[' ""You\'re out of luck\n until you\'ve gone duck.""\n']"
154,"['00:25:19,605', '00:25:21,561']",[' Come on down!\n']
155,"['00:25:35,525', '00:25:37,402']",[' with this woman I end up marrying.\n']
156,"['00:25:40,405', '00:25:41,838']","[' ""but you\'re losing your mind!""\n']"
157,"['00:25:44,125', '00:25:45,922']",[' I could never trust her. You know?\n']
158,"['00:25:51,325', '00:25:53,043']","["" It's been some time.\n""]"
159,"['00:26:07,205', '00:26:08,205']",[' - Sir!\n - Stakar!\n']
160,"['00:26:10,965', '00:26:13,923']",[' You lost the business of 99 of them\n by serving one.\n']
161,"['00:26:15,805', '00:26:17,033']",[' Get away from me.\n']
162,"['00:26:25,485', '00:26:27,601']","["" I don't give a damn what you think of me!\n""]"
163,"['00:26:29,965', '00:26:31,461']","["" Because you're gonna listen to\n what I gotta say!\n""]"
164,"['00:26:33,005', '00:26:34,324']",[' You betrayed the code!\n']
165,"['00:26:36,485', '00:26:39,318']","["" I told you before!\n I didn't know what was going on!\n""]"
166,"['00:26:40,525', '00:26:42,181']","["" you didn't want to know\n because it made you rich.\n""]"
167,"['00:26:44,445', '00:26:46,515']","[' I wear these flames, same as you.\n']"
168,"['00:26:48,965', '00:26:51,445']","["" but you'll never hear the Horns\n of Freedom when you die, Yondu.\n""]"
169,"['00:26:53,645', '00:26:56,955']",[' will never flash over your grave.\n']
170,"['00:27:00,845', '00:27:03,996']",[' I take pleasure in exiling you...\n']
171,"['00:27:08,645', '00:27:11,523']",[' You broke all our hearts.\n']
172,"['00:27:29,645', '00:27:31,636']","[' First, Quill betrays us...\n']"
173,"['00:27:36,005', '00:27:38,394']",[' We followed him\n because he was the one...\n']
174,"['00:27:41,205', '00:27:43,435']","["" Seems he's goin' soft.\n""]"
175,"['00:27:47,085', '00:27:48,882']","["" You know I'm right, Kraglin.\n""]"
176,"['00:27:53,645', '00:27:55,203']",[' Who the hell is that?\n']
177,"['00:28:37,605', '00:28:39,755']",[' I have a proposition for you.\n']
178,"['00:28:42,605', '00:28:44,641']",[' when your mother passed away.\n']
179,"['00:28:46,805', '00:28:48,602']",[' Yondu kept you.\n']
180,"['00:28:52,445', '00:28:53,958']","["" Well, I'll tell you why.\n""]"
181,"['00:28:55,605', '00:28:57,261']","["" who could squeeze into places\n adults couldn't.\n""]"
182,"['00:28:58,965', '00:29:02,241']","["" Well, I've been trying to\n track you down ever since.\n""]"
183,"['00:29:04,525', '00:29:06,595']","["" What? We've been together\n this whole time...\n""]"
184,"['00:29:09,725', '00:29:10,953']",[' You look exactly alike.\n']
185,"['00:29:14,405', '00:29:16,043']","["" No, he's not my father!\n""]"
186,"['00:29:18,845', '00:29:20,781']",[' kicked the crap out of me\n so I could learn to fight...\n']
187,"['00:29:22,965', '00:29:24,318']",[' - Eat you?\n - Yeah.\n']
188,"['00:29:26,645', '00:29:27,998']","["" How'd you locate us now?\n""]"
189,"['00:29:32,005', '00:29:34,394']","["" we've heard tell about the man\n they call Star-Lord.\n""]"
190,"['00:29:37,125', '00:29:39,765']",[' Your associates are welcome.\n Even that triangle-faced monkey there.\n']
191,"['00:29:42,405', '00:29:44,316']","["" it's unlike any other place\n you've ever seen.\n""]"
192,"['00:29:46,805', '00:29:50,480']",[' I can explain your very special heritage.\n']
193,"['00:29:53,805', '00:29:56,524']","["" the father I've always wanted to be.\n""]"
194,"['00:29:59,965', '00:30:01,364']","["" I've gotta take a whiz.\n""]"
195,"['00:30:11,485', '00:30:13,157']","["" Let's go take a walk.\n""]"
196,"['00:30:25,205', '00:30:26,524']",[' What are you doing?\n']
197,"['00:30:29,045', '00:30:31,479']",[' I hear it is the thing to do\n to make people like you.\n']
198,"['00:30:35,205', '00:30:36,240']",[' Oh...\n']
199,"['00:30:39,125', '00:30:43,755']",[' I do not understand\n the intricacies of social interaction.\n']
200,"['00:30:52,645', '00:30:53,680']",[' Yes.\n']
201,"['00:31:09,925', '00:31:11,916']",[' I liked it very much!\n']
202,"['00:31:16,605', '00:31:17,605']",[' Give me a break!\n']
203,"['00:31:19,605', '00:31:21,061']","["" you're gonna show up,\n and all of a sudden...\n""]"
204,"['00:31:22,965', '00:31:25,115']","[' And by the way,\n this could be a trap.\n']"
205,"['00:31:27,005', '00:31:28,677']","[' - they all want us dead.\n - I know, but...\n']"
206,"['00:31:29,885', '00:31:32,274']",[' What was that story you told me\n about Zardu Hasselfrau?\n']
207,"['00:31:33,565', '00:31:34,793']",[' He owned a magic boat?\n']
208,"['00:31:38,285', '00:31:39,115']",[' Right.\n']
209,"['00:31:41,525', '00:31:42,525']",[' Why did he talk again?\n']
210,"['00:31:46,365', '00:31:48,959']","[' As a child, you would carry\n his picture in your pocket...\n']"
211,"['00:31:50,965', '00:31:53,195']","[' that he was your father,\n but that he was out of town.\n']"
212,"['00:31:55,965', '00:31:58,461']",[' I told you that when I was drunk.\n Why are you bringing that up now?\n']
213,"['00:31:59,645', '00:32:01,681']",[' I hate that story.\n']
214,"['00:32:04,125', '00:32:08,482']","[' As a kid, I used to see all the other kids\n off playing catch with their dad.\n']"
215,"['00:32:12,085', '00:32:13,757']","["" That's my point, Peter.\n""]"
216,"['00:32:20,885', '00:32:22,318']",[' If he ends up being evil...\n']
217,"['00:32:33,845', '00:32:35,125']","["" You're leaving me with that fox?\n""]"
218,"['00:32:36,485', '00:32:38,521']",[' Shoot her if she does\n anything suspicious.\n']
219,"['00:32:43,285', '00:32:45,515']","["" It'll be just a couple of days.\n""]"
220,"['00:32:51,765', '00:32:53,596']",[' <i>What if the Sovereign come?</i>\n']
221,"['00:32:56,005', '00:32:57,597']","["" I'm uncertain about parting ways.\n""]"
222,"['00:32:59,525', '00:33:01,197']","["" Because I'm wise?\n""]"
223,"['00:33:04,285', '00:33:06,435']","["" I don't want Groot\n playing with my things.\n""]"
224,"['00:33:14,165', '00:33:17,919']",[' What is your goal here?\n To get everybody to hate you?\n']
225,"['00:33:24,205', '00:33:29,518']","["" <i>And if you don't love me now\n You will never love me again</i>\n""]"
226,"['00:33:35,885', '00:33:38,877']","["" <i>And if you don't love me now</i>\n""]"
227,"['00:33:42,325', '00:33:46,238']",[' <i>I can still hear you saying</i>\n']
228,"['00:33:48,565', '00:33:51,762']","["" <i>And if you don't love me now</i>\n""]"
229,"['00:33:54,765', '00:33:57,757']",[' <i>I can still hear you saying</i>\n']
230,"['00:34:08,365', '00:34:10,321']","[' Hey, can I ask you\n a personal question?\n']"
231,"['00:34:12,085', '00:34:14,440']",[' No one has ever asked me\n a personal question.\n']
232,"['00:34:17,045', '00:34:18,114']",[' Their purpose?\n']
233,"['00:34:20,285', '00:34:22,355']","["" Dude. You're not supposed to say that!\n""]"
234,"['00:34:24,605', '00:34:26,994']",[' if you are about to go through\n a doorway that is too low...\n']
235,"['00:34:30,125', '00:34:32,275']","["" Right.\n And if it's anything other than...\n""]"
236,"['00:34:36,005', '00:34:38,473']",[' They are not for feeling doorways.\n']
237,"['00:34:41,565', '00:34:44,284']",[' they have something to do\n with my empathic abilities.\n']
238,"['00:34:46,045', '00:34:49,515']","[' If I touch someone,\n I can feel their feelings.\n']"
239,"['00:34:52,605', '00:34:54,880']",[' Telepaths know thoughts.\n']
240,"['00:34:58,645', '00:34:59,645']",[' Emotions.\n']
241,"['00:35:04,485', '00:35:05,998']",[' All right.\n']
242,"['00:35:18,365', '00:35:21,357']","[' Yeah. I guess I feel a general,\n unselfish love for just about everybody.\n']"
243,"['00:35:22,845', '00:35:24,676']","[' Romantic, sexual love.\n']"
244,"['00:35:26,485', '00:35:28,043']",[' - For her!\n - No!\n']
245,"['00:35:35,685', '00:35:37,835']","[' She just told everyone\n your deepest, darkest secret!\n']"
246,"['00:35:40,485', '00:35:41,804']",[' You must be so embarrassed!\n']
247,"['00:35:52,885', '00:35:55,843']",[' I have never felt such humor!\n']
248,"['00:36:02,725', '00:36:04,158']","[' Oh, Quill.\n']"
249,"['00:36:15,845', '00:36:19,474']",[' I can also alter emotions to some extent.\n']
250,"['00:36:21,525', '00:36:24,642']",[' If I touch someone who is sad...\n']
251,"['00:36:27,725', '00:36:31,513']",[' I can make a stubborn person compliant.\n']
252,"['00:36:34,925', '00:36:38,759']",[' He lies awake at night\n thinking about his progeny.\n']
253,"['00:36:46,645', '00:36:48,237']",[' Sleep.\n']
254,"['00:38:12,245', '00:38:13,245']",[' Huh?\n']
255,"['00:38:27,365', '00:38:28,365']",[' Ah...\n']
256,"['00:39:38,845', '00:39:40,961']",[' are you?\n']
257,"['00:40:00,805', '00:40:01,920']",[' Crap.\n']
258,"['00:40:09,125', '00:40:11,434']","["" How's it going, you blue idiot?\n""]"
259,"['00:40:14,165', '00:40:16,554']",[' We got ourselves a pretty good\n little gig here.\n']
260,"['00:40:19,725', '00:40:23,638']",[' has offered us a large sum to deliver you\n and your pals over to her...\n']
261,"['00:40:24,845', '00:40:26,403']","["" to kill y'all.\n""]"
262,"['00:40:27,965', '00:40:29,637']","["" There's too many of them.\n""]"
263,"['00:40:33,205', '00:40:35,799']",[' you need to get me out of these bonds.\n']
264,"['00:40:38,485', '00:40:40,635']","[' I tell you,\n it was pretty easy to find you.\n']"
265,"['00:40:42,925', '00:40:44,244']",[' during the war over Xandar.\n']
266,"['00:40:47,325', '00:40:49,202']","["" and I'll tell you where the batteries are.\n""]"
267,"['00:40:52,925', '00:40:55,155']","["" Otherwise, I'd actually hand you over.\n""]"
268,"['00:40:57,885', '00:40:59,364']","["" We'll take them batteries.\n""]"
269,"['00:41:03,165', '00:41:05,474']",[' That Priestess offered us a million.\n']
270,"['00:41:08,565', '00:41:09,680']","["" A quarter ain't a third.\n""]"
271,"['00:41:11,805', '00:41:12,805']",[' No.\n']
272,"['00:41:15,405', '00:41:16,440']",[' Enough!\n']
273,"['00:41:21,845', '00:41:24,313']",[' The whole dang Nova Corps\n would be on us.\n']
274,"['00:41:27,205', '00:41:30,242']","[' I just gotta say it\n this one time, Captain.\n']"
275,"['00:41:32,885', '00:41:35,763']",[' you protect him like\n none of the rest of us much matter!\n']
276,"['00:41:37,085', '00:41:38,598']","["" I'm the one what sticks up for you!\n""]"
277,"['00:41:39,885', '00:41:42,353']","["" Damn straight, lad. He's gone soft.\n""]"
278,"['00:41:50,725', '00:41:52,955']",[' Put your damn guns down!\n']
279,"['00:41:54,565', '00:41:58,001']","[' There must be some kind of\n peaceful resolution to this, fellas.\n']"
280,"['00:42:20,045', '00:42:21,717']","[' Well, hello, boys.\n']"
281,"['00:43:13,765', '00:43:17,235']","[' Welcome, everyone, to my world.\n']"
282,"['00:43:19,885', '00:43:23,673']","["" Come on.\n No larger than your Earth's Moon.\n""]"
283,"['00:43:25,565', '00:43:26,964']",[' I like it.\n']
284,"['00:44:12,205', '00:44:16,323']",[' You own a planet and can destroy\n two dozen spaceships without a suit.\n']
285,"['00:44:19,885', '00:44:23,116']","["" I'm what's called a Celestial, sweetheart.\n""]"
286,"['00:44:28,205', '00:44:30,719']","[' Mmm, small ""g,"" son.\n']"
287,"['00:44:45,005', '00:44:46,005']",[' Whoa!\n']
288,"['00:44:51,605', '00:44:53,561']",[' First thing I remember is flickering...\n']
289,"['00:44:57,045', '00:44:59,479']",[' and entirely alone.\n']
290,"['00:45:02,725', '00:45:06,240']",[' I learned to control\n the molecules around me.\n']
291,"['00:45:11,725', '00:45:14,683']",[' And I continued building from there...\n']
292,"['00:45:17,125', '00:45:19,719']",[' the very planet you walk on now.\n']
293,"['00:45:21,765', '00:45:22,914']",[' But I wanted more.\n']
294,"['00:45:26,285', '00:45:27,434']",[' meaning.\n']
295,"['00:45:32,765', '00:45:35,518']","[' ""besides just me,"" I thought.\n']"
296,"['00:45:40,085', '00:45:41,518']",[' I created...\n']
297,"['00:45:45,485', '00:45:49,239']",[' down to the most minute detail.\n']
298,"['00:45:51,885', '00:45:53,079']",[' Dude!\n']
299,"['00:45:54,645', '00:45:57,637']","[' If he is a planet, how could he\n make a baby with your mother?\n']"
300,"['00:46:01,045', '00:46:03,240']","["" I don't need to hear how my parents...\n""]"
301,"['00:46:06,245', '00:46:07,837']",[' My father would tell the story\n']
302,"['00:46:10,005', '00:46:11,438']","["" That's disgusting.\n""]"
303,"['00:46:14,325', '00:46:15,804']",[' You Earthers have hang-ups.\n']
304,"['00:46:18,685', '00:46:20,323']",[' Ha! Thank you!\n']
305,"['00:46:21,845', '00:46:23,198']",[' - Oh.\n - Ugh.\n']
306,"['00:46:27,165', '00:46:28,917']",[' and all the accompanying junk.\n']
307,"['00:46:34,205', '00:46:37,197']",[' as I set out amongst the stars...\n']
308,"['00:46:40,245', '00:46:41,917']",[' what I sought.\n']
309,"['00:46:46,405', '00:46:48,714']",[' I was not alone in the universe after all.\n']
310,"['00:47:01,525', '00:47:03,197']",[' Not long after.\n']
311,"['00:47:17,565', '00:47:20,716']",[' I called her my river lily.\n']
312,"['00:47:31,125', '00:47:32,319']",[' you.\n']
313,"['00:47:44,725', '00:47:46,397']",[' And when I heard of a man from Earth...\n']
314,"['00:47:52,085', '00:47:55,043']",[' I knew you must be the son\n of the woman I loved.\n']
315,"['00:48:20,125', '00:48:22,002']",[' This is mutiny!\n']
316,"['00:48:39,645', '00:48:40,998']","["" You're scum!\n""]"
317,"['00:49:16,525', '00:49:17,594']",[' Captain!\n']
318,"['00:49:20,525', '00:49:22,038']",[' Captain!\n']
319,"['00:49:27,605', '00:49:29,402']",[' by leading them down the wrong path.\n']
320,"['00:49:34,405', '00:49:35,918']",[' And stupid!\n']
321,"['00:49:40,205', '00:49:43,880']",[' to rise once again to glory\n with a new captain...\n']
322,"['00:49:54,125', '00:49:57,754']","["" I'm sorry. Your name is...\n""]"
323,"['00:50:00,045', '00:50:01,364']","["" That's right.\n""]"
324,"['00:50:04,725', '00:50:06,522']","["" It's metaphorical!\n""]"
325,"['00:50:11,285', '00:50:12,285']",[' For what?\n']
326,"['00:50:17,325', '00:50:20,078']",[' into the hearts of anyone what hears it.\n']
327,"['00:50:24,605', '00:50:25,833']",[' Okay...\n']
328,"['00:50:27,725', '00:50:29,044']",[' You shut up.\n']
329,"['00:50:30,725', '00:50:34,638']","[' Udonta, I have waited a long time to do...\n']"
330,"['00:50:37,125', '00:50:40,037']","["" I'm sorry. I am so sorry!\n""]"
331,"['00:50:43,405', '00:50:46,477']",[' looking in the mirror and then\n in all seriousness saying to yourself...\n']
332,"['00:50:49,205', '00:50:51,514']","[' ""Taserface!""\n']"
333,"['00:50:56,085', '00:50:58,235']",[' What was your second choice?\n']
334,"['00:51:02,605', '00:51:05,165']","["" New plan. We're killing you first.\n""]"
335,"['00:51:09,805', '00:51:13,798']",[' as a moronic shitbag who thinks\n Taserface is a cool name.\n']
336,"['00:51:20,805', '00:51:22,443']","["" She's the daughter\n of Thanos.\n""]"
337,"['00:51:27,005', '00:51:29,838']",[' That was when Daddy\n was paying my bills.\n']
338,"['00:51:33,805', '00:51:36,638']",[' And he has bounties on his head\n in at least 12 Kree provinces.\n']
339,"['00:51:39,965', '00:51:42,798']",[' I am not as easy a mark as an old man\n without his magic stick...\n']
340,"['00:51:46,205', '00:51:48,036']",[' I want 10% of the take...\n']
341,"['00:51:53,325', '00:51:54,963']",[' We got\n a whole box of hands...\n']
342,"['00:51:57,125', '00:52:00,322']",[' You think them Kree\n is gonna execute the captain?\n']
343,"['00:52:04,885', '00:52:08,321']","["" Well, here it is.\n It's the best ship we got.\n""]"
344,"['00:52:10,325', '00:52:12,634']","["" We'll wire you the 10% once we's paid.\n""]"
345,"['00:52:15,845', '00:52:18,120']","[' As a child, my father\n would have Gamora and me\n']"
346,"['00:52:20,845', '00:52:23,154']",[' Every time my sister prevailed...\n']
347,"['00:52:26,805', '00:52:29,478']",[' claiming he wanted me to be her equal.\n']
348,"['00:52:32,565', '00:52:37,400']","[' again and again, and again,\n never once refraining.\n']"
349,"['00:52:41,525', '00:52:42,674']",[' I will buy a warship\n']
350,"['00:52:44,925', '00:52:48,554']","[' I will hunt my father like a dog,\n and I will tear him apart slowly...\n']"
351,"['00:52:50,325', '00:52:53,715']",[' until he knows some semblance\n of the profound and unceasing pain...\n']
352,"['00:52:58,885', '00:53:00,238']",[' Yeah.\n']
353,"['00:53:03,285', '00:53:05,196']",[' Or a nice hat.\n']
354,"['00:53:12,045', '00:53:15,242']","[' Anyways, happy trails.\n']"
355,"['00:53:28,245', '00:53:30,759']","[' She had brain cancer,\n so everyone thought she was delusional.\n']"
356,"['00:53:32,125', '00:53:34,021']","["" Listen, I'd love to believe all of this,\n I really would.\n""]"
357,"['00:53:35,605', '00:53:38,403']",[' the most wonderful woman ever...\n']
358,"['00:53:40,285', '00:53:43,675']","["" I didn't want to leave your mother, Peter.\n""]"
359,"['00:53:46,205', '00:53:47,558']",[' and the light within it...\n']
360,"['00:53:49,445', '00:53:51,485']","["" So why didn't you come back?\n Why did you send Yondu?\n""]"
361,"['00:53:53,965', '00:53:55,921']","[' I loved your mother, Peter!\n']"
362,"['00:53:58,605', '00:54:01,438']","["" where she wasn't living!\n You can't imagine what that's like!\n""]"
363,"['00:54:04,165', '00:54:05,917']",[' I had to watch her die!\n']
364,"['00:54:14,605', '00:54:17,073']","["" I've made many mistakes, Peter.\n""]"
365,"['00:54:21,965', '00:54:25,674']",[' Please give me the chance to be\n the father she would want me to be.\n']
366,"['00:54:35,845', '00:54:37,517']",[' and the light within.\n']
367,"['00:54:42,005', '00:54:43,597']",[' What do you mean?\n']
368,"['00:54:47,325', '00:54:48,440']",[' Here.\n']
369,"['00:54:57,125', '00:55:00,003']","[' Now, close your eyes and concentrate.\n']"
370,"['00:55:09,045', '00:55:10,876']",[' Yes!\n']
371,"['00:55:13,205', '00:55:14,558']","["" Yes! It's okay.\n""]"
372,"['00:55:16,005', '00:55:18,075']",[' You can do it. Bring it back.\n']
373,"['00:55:21,365', '00:55:24,163']","[' Yes, now shape it.\n']"
374,"['00:55:30,365', '00:55:31,365']",[' Yes.\n']
375,"['00:55:39,565', '00:55:40,714']",[' Peter...\n']
376,"['00:56:18,765', '00:56:21,643']",[' Ego found me\n in my larva state.\n']
377,"['00:56:24,205', '00:56:26,765']","[' He raised me by hand,\n and kept me as his own.\n']"
378,"['00:56:30,925', '00:56:32,244']",[' I suppose.\n']
379,"['00:56:36,285', '00:56:38,560']",[' Why would Ego want\n such a hideous one?\n']
380,"['00:56:40,205', '00:56:42,355']",[' You are horrifying to look at. Yes.\n']
381,"['00:56:46,805', '00:56:47,805']",[' Oh?\n']
382,"['00:56:49,925', '00:56:52,439']",[' you know they love you for who you are.\n']
383,"['00:56:57,125', '00:56:59,958']","["" Well, then I'm certainly grateful\n to be ugly.\n""]"
384,"['00:57:04,805', '00:57:08,320']",[' when I took my daughter\n to the forgotten lakes of my homeworld.\n']
385,"['00:57:11,285', '00:57:12,718']",[' Disgusting?\n']
386,"['00:57:48,165', '00:57:49,165']",[' Drax?\n']
387,"['00:58:00,965', '00:58:02,034']","["" What's going on?\n""]"
388,"['00:58:04,245', '00:58:07,635']","["" I'm learning many things,\n like I'm a pet and ugly.\n""]"
389,"['00:58:09,725', '00:58:11,044']",[' What are you talking about?\n']
390,"['00:58:12,885', '00:58:14,876']","["" can you show us where we'll be staying?\n""]"
391,"['00:58:17,405', '00:58:19,475']",[' The planet is Ego.\n']
392,"['00:58:22,685', '00:58:23,879']","["" And you're not a flea?\n""]"
393,"['00:58:27,045', '00:58:28,603']",[' I help him sleep.\n']
394,"['00:58:38,005', '00:58:39,040']",[' Nothing.\n']
395,"['00:58:49,565', '00:58:52,955']",[' We deliver you to the Kree\n in the morning.\n']
396,"['00:58:59,165', '00:59:01,121']","[' Okay, Taserface.\n']"
397,"['00:59:04,125', '00:59:05,524']","[' ""Hi,"" Taserface!\n']"
398,"['00:59:13,405', '00:59:14,918']","[' No, Gef.\n']"
399,"['00:59:16,925', '00:59:18,756']",[' Take it to the tailor.\n']
400,"['00:59:26,085', '00:59:30,795']",[' I was a Kree battle slave for 20 years\n when Stakar freed me.\n']
401,"['00:59:36,245', '00:59:40,682']",[' He said all I needed to do\n was adhere to the code.\n']
402,"['00:59:43,605', '00:59:47,041']","[' and greedy, and stupid.\n']"
403,"['00:59:50,285', '00:59:51,798']",[' That was mostly Drax.\n']
404,"['00:59:57,765', '01:00:00,074']","["" we weren't so different from\n you and your friends.\n""]"
405,"['01:00:04,405', '01:00:06,077']",[' When I broke the code...\n']
406,"['01:00:11,325', '01:00:12,758']",[' This is what I deserve.\n']
407,"['01:00:14,845', '01:00:16,483']","["" You might deserve this, but I don't.\n""]"
408,"['01:00:19,885', '01:00:21,000']","["" Where's Quill?\n""]"
409,"['01:00:24,445', '01:00:26,163']",[' - Ego?\n - Yeah.\n']
410,"['01:00:31,405', '01:00:33,794']","["" You're smiling.\n And for a second, I got a warm feeling.\n""]"
411,"['01:00:36,805', '01:00:39,273']",[' You like a professional asshole or what?\n']
412,"['01:00:40,525', '01:00:43,198']","["" Why didn't you deliver Quill to Ego\n like you promised?\n""]"
413,"['01:00:45,925', '01:00:50,077']","["" Could fit into places we couldn't.\n Good for thievin'.\n""]"
414,"['01:00:55,085', '01:00:58,202']",[' I got an idea on how to get outta here.\n']
415,"['01:01:02,845', '01:01:05,200']","[' Mascot, mascot, mascot...\n']"
416,"['01:01:24,725', '01:01:27,444']","["" Look how cute it is\n when it's all riled up.\n""]"
417,"['01:01:42,245', '01:01:43,245']",[' Psst!\n']
418,"['01:01:45,565', '01:01:46,964']",[' Come here.\n']
419,"['01:01:55,245', '01:01:56,245']","[' Aw, man...\n']"
420,"['01:02:01,005', '01:02:03,439']","[' Hey, you wanna help us get outta here?\n']"
421,"['01:02:07,645', '01:02:11,684']","["" In the captain's quarters,\n there's a prototype fin...\n""]"
422,"['01:02:14,205', '01:02:18,244']","["" There's a drawer next to the bunk.\n It's in that. It's red.\n""]"
423,"['01:02:53,485', '01:02:54,964']","["" That's my underwears.\n""]"
424,"['01:02:57,365', '01:02:59,356']",[' You have to explain it more careful.\n']
425,"['01:03:09,805', '01:03:12,558']","["" That's an orloni. It's a fin, Groot.\n""]"
426,"['01:03:15,605', '01:03:17,004']",[' All right.\n']
427,"['01:03:19,885', '01:03:21,876']",[' He takes it out when he sleeps.\n']
428,"['01:03:23,565', '01:03:24,964']",[' But leave the eye here.\n']
429,"['01:03:26,605', '01:03:27,958']","["" He's gonna wake up tomorrow...\n""]"
430,"['01:03:30,685', '01:03:32,915']",[' where his eye is!\n']
431,"['01:03:40,885', '01:03:43,558']",[' We told you it was this big.\n']
432,"['01:03:51,885', '01:03:54,604']",[' with a bunch of severed human toes.\n']
433,"['01:04:01,645', '01:04:05,320']",[' The drawer you wanna open\n has this symbol on it.\n']
434,"['01:04:15,365', '01:04:17,242']",[' What? No!\n']
435,"['01:04:18,685', '01:04:20,004']","["" That's not what I said!\n""]"
436,"['01:04:21,245', '01:04:22,421']","["" He's relieved you don't want him to.\n""]"
437,"['01:04:24,085', '01:04:24,756']",[' I am Groot.\n']
438,"['01:04:26,285', '01:04:27,115']",[' I am Groot.\n']
439,"['01:04:29,285', '01:04:32,141']","["" the next minute it's just because\n you realize part of that head is the hat.\n""]"
440,"['01:04:34,645', '01:04:36,920']",[' This is an important conversation\n right now?\n']
441,"['01:05:24,565', '01:05:25,998']","["" I didn't mean to do a mutiny.\n""]"
442,"['01:05:34,925', '01:05:37,439']",[' Get the third quadrant ready for release.\n']
443,"['01:05:47,005', '01:05:49,314']","["" You got any clones of Quill's\n old music on the ship?\n""]"
444,"['01:06:39,285', '01:06:41,116']","["" He's got it!\n""]"
445,"['01:06:42,965', '01:06:43,965']",[' Go!\n']
446,"['01:07:50,125', '01:07:51,956']",[' Oh!\n']
447,"['01:09:28,525', '01:09:30,720']","["" The whole ship's gonna blow.\n""]"
448,"['01:09:59,205', '01:10:00,240']",[' <i>Who is this?</i>\n']
449,"['01:10:05,245', '01:10:07,042']","[' - Release the quadrant!\n - Aye, Captain!\n']"
450,"['01:10:10,205', '01:10:11,843']",[' That your High Priestess...\n']
451,"['01:10:16,565', '01:10:19,682']",[' Taserface!\n']
452,"['01:10:43,445', '01:10:44,445']",[' Ego.\n']
453,"['01:10:55,005', '01:10:59,556']","["" It ain't healthy for a mammalian body\n to hop more than 50 jumps at a time.\n""]"
454,"['01:11:00,845', '01:11:03,200']",[' We are about to do 700!\n']
455,"['01:11:20,565', '01:11:23,079']","[' Rocket? Rocket, are you there?\n']"
456,"['01:11:34,325', '01:11:35,644']",[' Dance with me.\n']
457,"['01:11:37,525', '01:11:39,243']",[' This is Sam Cooke...\n']
458,"['01:12:12,125', '01:12:14,116']","["" Drax thinks you're not a dancer.\n""]"
459,"['01:12:17,965', '01:12:19,364']",[' I will kill you.\n']
460,"['01:12:24,645', '01:12:26,044']",[' What unspoken thing?\n']
461,"['01:12:29,365', '01:12:32,163']","[' <i>Cheers,</i> Sam and Diane...\n']"
462,"['01:12:35,085', '01:12:36,501']","[' but never say it because if they do,\n']"
463,"['01:12:37,765', '01:12:38,834']",[' sort of thing.\n']
464,"['01:12:42,365', '01:12:44,401']","["" Well, it's a catch-22,\n because if you said it,\n""]"
465,"['01:12:45,845', '01:12:48,564']","[' and you would be a liar.\n So, by not saying it...\n']"
466,"['01:12:53,045', '01:12:54,956']","["" No, that's not what I...\n""]"
467,"['01:13:01,525', '01:13:03,197']","["" It doesn't feel right.\n""]"
468,"['01:13:06,085', '01:13:07,501']","["" You're the one who wanted me\n to come here!\n""]"
469,"['01:13:08,925', '01:13:09,994']","["" she's afraid of something.\n""]"
470,"['01:13:12,725', '01:13:13,840']","["" I'm not trying...\n""]"
471,"['01:13:16,125', '01:13:17,901']",[' You have blood on Earth\n and you never wanted to return there.\n']
472,"['01:13:20,205', '01:13:22,261']",[' And Earth is the place\n where my mother died in front of me.\n']
473,"['01:13:25,165', '01:13:27,838']","["" This is real!\n I'm only half human, remember?\n""]"
474,"['01:13:30,005', '01:13:31,643']","["" Oh, I get it. You're jealous...\n""]"
475,"['01:13:34,325', '01:13:36,839']",[' You were insufferable to begin with.\n']
476,"['01:13:38,325', '01:13:39,821']","["" I'm gonna go outside,\n and I'm gonna try and get a signal.\n""]"
477,"['01:13:42,965', '01:13:45,798']",[' This is whatever the show is\n where one person is willing...\n']
478,"['01:13:47,765', '01:13:49,437']",[' and the other person is a jerk...\n']
479,"['01:13:51,485', '01:13:53,237']","["" It's a show that doesn't exist.\n""]"
480,"['01:13:55,325', '01:13:57,441']","["" I don't know what <i>Cheers</i> is!\n""]"
481,"['01:14:01,845', '01:14:03,483']",[' I thought you already had.\n']
482,"['01:15:07,325', '01:15:08,394']",[' Psychopath!\n']
483,"['01:17:46,965', '01:17:47,965']",[' I win.\n']
484,"['01:17:50,925', '01:17:52,836']",[' No. I saved your life.\n']
485,"['01:17:55,005', '01:17:56,005']",[' You let me live!\n']
486,"['01:17:58,085', '01:17:59,501']","["" I'm not the one that just\n flew across the universe\n""]"
487,"['01:18:00,885', '01:18:02,523']",[' Do not tell me what I want.\n']
488,"['01:18:04,205', '01:18:05,205']","["" It's obvious!\n""]"
489,"['01:18:16,205', '01:18:17,718']",[' You were all I had.\n']
490,"['01:18:23,085', '01:18:25,280']",[' Thanos pulled my eye from my head...\n']
491,"['01:18:29,245', '01:18:31,122']",[' and my arm from my body...\n']
492,"['01:18:55,805', '01:18:56,920']","[' You all right, son?\n']"
493,"['01:19:03,565', '01:19:04,918']",[' Yeah.\n']
494,"['01:19:06,965', '01:19:08,193']",[' you listening to this song.\n']
495,"['01:19:10,405', '01:19:11,440']",[' By Looking Glass?\n']
496,"['01:19:15,605', '01:19:17,118']","[' Yeah, it was.\n']"
497,"['01:19:19,405', '01:19:21,475']",[' Perhaps its very greatest.\n']
498,"['01:19:22,805', '01:19:25,922']","["" Peter, you and I,\n we're the sailor in that song.\n""]"
499,"['01:19:30,445', '01:19:32,913']",[' <i>Bringing gifts from far away</i>\n']
500,"['01:19:37,645', '01:19:39,556']",[' or the freedom you brought Gamora.\n']
501,"['01:19:44,925', '01:19:47,564']",[' <i>What a good wife you would be</i>\n']
502,"['01:19:51,485', '01:19:54,761']",[' <i>My lady is the sea</i>\n']
503,"['01:19:56,925', '01:19:59,439']","["" He loves the girl,\n but that's not his place.\n""]"
504,"['01:20:05,445', '01:20:08,881']",[' And sometimes we are deprived\n the pleasures of mortals.\n']
505,"['01:20:11,805', '01:20:12,920']","[' No, Peter...\n']"
506,"['01:20:15,525', '01:20:17,595']",[' as long as the light\n burns within the planet.\n']
507,"['01:20:20,205', '01:20:21,205']",[' Mmm-hmm.\n']
508,"['01:20:23,205', '01:20:26,038']",[' Yes! As long as the light exists.\n']
509,"['01:20:30,445', '01:20:32,754']",[' like how you made this whole planet?\n']
510,"['01:20:35,445', '01:20:37,720']","[' before you get really good at it.\n But, yes!\n']"
511,"['01:20:39,165', '01:20:42,635']",[' Get ready for an 800-foot statue\n of Pac-Man with Skeletor...\n']
512,"['01:20:44,005', '01:20:45,165']",[' You can do anything you want.\n']
513,"['01:20:46,805', '01:20:49,956']","[' But you know, Peter,\n it is a tremendous responsibility.\n']"
514,"['01:20:52,805', '01:20:55,273']",[' Only we can take the bridle\n of the cosmos...\n']
515,"['01:20:59,445', '01:21:00,480']",[' How?\n']
516,"['01:21:22,325', '01:21:23,917']","[' Drax, Drax. Drax!\n']"
517,"['01:21:28,085', '01:21:29,916']","["" I'm sorry.\n""]"
518,"['01:21:32,445', '01:21:33,514']",[' What?\n']
519,"['01:21:37,125', '01:21:38,478']","["" No, that's not what I...\n""]"
520,"['01:21:44,125', '01:21:46,434']","["" I'm imagining being with you physically.\n""]"
521,"['01:21:48,445', '01:21:49,594']","["" I don't like you like that.\n""]"
522,"['01:21:52,285', '01:21:54,719']","["" Hey! There's no need to get personal.\n""]"
523,"['01:21:57,645', '01:21:59,363']",[' I should have told you earlier.\n']
524,"['01:22:08,325', '01:22:09,325']",[' What is that?\n']
525,"['01:22:16,605', '01:22:19,677']","[' Everything around us,\n including the girl...\n']"
526,"['01:22:23,485', '01:22:26,283']",[' We are forever.\n']
527,"['01:22:28,085', '01:22:30,474']","[' Not if you have a purpose, Peter...\n']"
528,"['01:22:32,805', '01:22:34,921']",[' I told you how all those years ago...\n']
529,"['01:22:39,365', '01:22:43,404']","[' But what I did not tell you was how,\n when I finally did find it...\n']"
530,"['01:22:47,845', '01:22:49,676']",[' disappointing.\n']
531,"['01:22:53,685', '01:22:57,360']",[' to a profound realization.\n']
532,"['01:23:03,445', '01:23:07,597']",[' was not so that I could\n walk among that life.\n']
533,"['01:23:12,045', '01:23:15,242']",[' I have found meaning.\n']
534,"['01:23:38,925', '01:23:40,677']",[' Eternity!\n']
535,"['01:23:53,245', '01:23:55,122']",[' We need to get off this planet.\n']
536,"['01:24:10,445', '01:24:12,754']","[' Anyway, before I was\n so rudely interrupted...\n']"
537,"['01:24:26,805', '01:24:28,955']","[' What the hell you doing, boy?\n']"
538,"['01:24:31,285', '01:24:32,604']",[' this Ego is bad news.\n']
539,"['01:24:34,565', '01:24:38,604']",[' For what? Huh?\n For honor? For love?\n']
540,"['01:24:41,925', '01:24:44,155']","["" I wanna save Quill\n so I can prove I'm better than him!\n""]"
541,"['01:24:48,925', '01:24:50,677']",[' What are you laughing at me for?\n']
542,"['01:24:56,205', '01:24:57,479']",[' I know who you are.\n']
543,"['01:24:59,965', '01:25:02,240']",[' I know everything about you.\n']
544,"['01:25:05,365', '01:25:06,861']","["" but, actually,\n you're the most scared of all.\n""]"
545,"['01:25:07,925', '01:25:10,280']","["" I know you steal batteries\n you don't need...\n""]"
546,"['01:25:13,205', '01:25:14,621']",[' because just a little bit of love...\n']
547,"['01:25:18,325', '01:25:19,553']",[' I said shut up!\n']
548,"['01:25:23,285', '01:25:24,604']","["" I'm serious, dude!\n""]"
549,"['01:25:27,485', '01:25:29,362']","[' their own little baby, into slavery.\n']"
550,"['01:25:32,445', '01:25:34,436']","["" Because you're me.\n""]"
551,"['01:25:44,365', '01:25:47,402']","["" The kind that's about to\n go fight a planet, I reckon.\n""]"
552,"['01:25:51,165', '01:25:52,439']",[' Fight a what?\n']
553,"['01:25:58,085', '01:25:59,085']",[' What is this place?\n']
554,"['01:26:00,365', '01:26:02,401']",[' The bodies in the caverns...\n Who are they?\n']
555,"['01:26:08,405', '01:26:11,283']",[' I call it the Expansion.\n']
556,"['01:26:15,885', '01:26:19,400']",[' and now it is yours as well.\n']
557,"['01:26:22,965', '01:26:25,240']",[' Over thousands of years...\n']
558,"['01:26:28,725', '01:26:31,444']",[' on thousands of worlds.\n']
559,"['01:26:35,565', '01:26:37,442']",[' To grow and spread...\n']
560,"['01:26:40,925', '01:26:44,964']",[' until everything is...\n']
561,"['01:26:48,165', '01:26:50,395']",[' What did she do to me?\n']
562,"['01:26:52,365', '01:26:54,925']",[' I only had one problem.\n']
563,"['01:26:58,725', '01:27:00,681']",[' for such an enterprise.\n']
564,"['01:27:03,125', '01:27:06,435']","[' Well, now, that just might do.\n']"
565,"['01:27:11,325', '01:27:13,600']",[' are his children.\n']
566,"['01:27:15,885', '01:27:17,762']",[' the most beguiling was...\n']
567,"['01:27:21,485', '01:27:24,397']",[' I hoped the result of such a coupling\n would be enough...\n']
568,"['01:27:27,485', '01:27:29,999']",[' <i>I had Yondu deliver\n some of them to me.</i>\n']
569,"['01:27:33,725', '01:27:37,479']","["" <i>and to ease his conscience,\n I said I'd never hurt them.</i>\n""]"
570,"['01:27:40,405', '01:27:43,681']","[' But one after the other, they failed me.\n']"
571,"['01:27:47,845', '01:27:48,994']","[' Until you, Peter.\n']"
572,"['01:27:53,085', '01:27:57,158']",[' only you carried\n the connection to the light.\n']
573,"['01:28:00,365', '01:28:02,959']",[' Ego will have won him\n to his side by now.\n']
574,"['01:28:05,765', '01:28:07,995']","["" - He's our friend.\n - All any of you do...\n""]"
575,"['01:28:10,485', '01:28:11,838']","["" You're right.\n""]"
576,"['01:28:15,325', '01:28:16,838']",[' We leave no one behind.\n']
577,"['01:28:22,205', '01:28:23,684']","[' Oh, my God.\n']"
578,"['01:28:26,645', '01:28:29,557']",[' I am truly not alone!\n']
579,"['01:28:39,645', '01:28:40,794']",[' My friends.\n']
580,"['01:28:46,525', '01:28:47,525']",[' Yes.\n']
581,"['01:28:51,045', '01:28:52,045']",[' Yes.\n']
582,"['01:28:58,565', '01:29:00,874']",[' You said you loved my mother.\n']
583,"['01:29:03,805', '01:29:08,674']",[' My river lily who knew all the words\n to every song that came over the radio.\n']
584,"['01:29:13,325', '01:29:15,839']",[' And I knew if I returned a fourth...\n']
585,"['01:29:18,685', '01:29:20,243']",[' The Expansion...\n']
586,"['01:29:24,165', '01:29:26,201']","[' So, I did what I had to do.\n']"
587,"['01:29:36,765', '01:29:37,834']",[' What?\n']
588,"['01:29:39,725', '01:29:41,363']",[' I know that sounds bad.\n']
589,"['01:29:57,005', '01:29:58,563']",[' You killed my mother!\n']
590,"['01:29:59,925', '01:30:01,677']",[' so hard...\n']
591,"['01:30:03,485', '01:30:05,874']",[' that best suited you...\n']
592,"['01:30:10,165', '01:30:12,554']",[' You really need to grow up.\n']
593,"['01:30:19,205', '01:30:21,161']","["" but I suppose you'll have to learn\n""]"
594,"['01:30:26,285', '01:30:27,957']",[' Finally! Rocket?\n']
595,"['01:30:31,125', '01:30:34,322']","["" We're in an old piece of construction\n equipment Yondu once used...\n""]"
596,"['01:30:35,925', '01:30:36,925']","["" Ego's unhinged.\n""]"
597,"['01:30:38,605', '01:30:39,879']","[' Drop her, Kraglin.\n']"
598,"['01:31:10,805', '01:31:13,638']","[' <i>My life, my love</i>\n']"
599,"['01:31:18,165', '01:31:19,280']",[' Peter...\n']
600,"['01:31:24,365', '01:31:25,365']",[' Oh...\n']
601,"['01:32:17,485', '01:32:18,998']",[' What is that thing?\n']
602,"['01:32:33,205', '01:32:35,878']","["" I told you something didn't feel right.\n""]"
603,"['01:32:38,525', '01:32:40,197']","["" Well, I came back, didn't I?\n""]"
604,"['01:32:42,325', '01:32:44,395']",[' There is no unspoken thing.\n']
605,"['01:32:46,885', '01:32:48,443']","[' Uh... ""Thank you, Rocket""?\n']"
606,"['01:32:50,005', '01:32:52,280']",[' We did not.\n That is only an extension...\n']
607,"['01:32:54,645', '01:32:55,919']","["" What's Smurfette doing here?\n""]"
608,"['01:32:58,165', '01:32:59,393']",[' She tried to murder me!\n']
609,"['01:33:01,765', '01:33:02,993']","["" He's not a fox.\n""]"
610,"['01:33:05,405', '01:33:06,405']",[' I am Groot.\n']
611,"['01:33:11,525', '01:33:12,844']",[' How do we kill a Celestial?\n']
612,"['01:33:14,605', '01:33:16,721']","[' His brain, his soul, whatever it is...\n']"
613,"['01:33:18,445', '01:33:19,480']","["" It's in the caverns...\n""]"
614,"['01:33:23,325', '01:33:24,838']",[' Yondu?\n']
615,"['01:33:35,205', '01:33:37,036']",[' Guess I should be glad\n I was a skinny kid.\n']
616,"['01:33:39,205', '01:33:40,461']","["" You still reckon that's the reason\n""]"
617,"['01:33:41,805', '01:33:43,405']","["" That's what you told me, you old doofus.\n""]"
618,"['01:33:46,165', '01:33:47,757']","["" I wasn't just gonna hand you over.\n""]"
619,"['01:33:49,685', '01:33:51,084']",[' That was being funny!\n']
620,"['01:33:53,285', '01:33:54,513']",[' You people have issues.\n']
621,"['01:33:57,365', '01:34:00,163']","["" That's my freakin' father!\n""]"
622,"['01:34:15,525', '01:34:17,675']","["" - We should be going up!\n - We can't!\n""]"
623,"['01:34:20,525', '01:34:21,924']",[' We have to kill him.\n']
624,"['01:34:22,925', '01:34:23,925']",[' Got it!\n']
625,"['01:34:37,845', '01:34:39,676']","["" So, we're saving the galaxy again?\n""]"
626,"['01:34:41,045', '01:34:42,045']",[' Awesome!\n']
627,"['01:34:46,525', '01:34:48,163']","["" if we're two-time galaxy savers.\n""]"
628,"['01:34:51,085', '01:34:53,804']","[' It was just a random thought, man.\n I thought we were friends.\n']"
629,"['01:34:56,405', '01:34:58,157']",[' and all the animals on the planets.\n']
630,"['01:34:59,685', '01:35:00,879']",[' Meh.\n']
631,"['01:35:43,205', '01:35:44,205']",[' <i>Pilots...</i>\n']
632,"['01:35:48,005', '01:35:49,892']",[' <i>Our sensors detect\n the batteries</i>\n']
633,"['01:35:53,925', '01:35:54,994']",[' Dive!\n']
634,"['01:36:14,125', '01:36:15,524']",[' <i>Captain?</i>\n']
635,"['01:36:22,685', '01:36:24,461']",[' He needs my genetic connection\n to the light...\n']
636,"['01:36:26,885', '01:36:29,035']",[' He tried to teach me\n how to control the power.\n']
637,"['01:36:30,485', '01:36:31,679']",[' A little.\n']
638,"['01:36:33,245', '01:36:34,245']",[' A ball?\n']
639,"['01:36:36,205', '01:36:37,763']",[' It was all that I could come up with.\n']
640,"['01:36:39,445', '01:36:41,515']",[' You think when I make this arrow fly...\n']
641,"['01:36:55,005', '01:36:56,324']",[' Whoa.\n']
642,"['01:37:06,245', '01:37:08,201']","["" That's Ego's core.\n""]"
643,"['01:37:12,365', '01:37:14,003']",[' I got it covered.\n']
644,"['01:37:21,965', '01:37:24,001']",[' It will not take Ego long to find us.\n']
645,"['01:37:36,005', '01:37:37,961']","[' We drill into the center, we kill him!\n']"
646,"['01:37:46,125', '01:37:47,160']","[' What is it, Kraglin?\n']"
647,"['01:37:49,845', '01:37:51,756']","[' - Yeah, why?\n <i>- Uh...</i>\n']"
648,"['01:38:13,845', '01:38:15,437']","["" Why aren't you firing the lasers?\n""]"
649,"['01:38:17,765', '01:38:20,563']",[' I think I packed a small detonator.\n']
650,"['01:38:22,445', '01:38:23,924']","[' Well, we got these.\n']"
651,"['01:38:26,925', '01:38:28,802']","["" If it is, it'll cause a chain reaction...\n""]"
652,"['01:38:30,845', '01:38:31,595']",[' Meaning what?\n']
653,"['01:38:33,485', '01:38:34,918']","["" We'll have to get out of here fast.\n""]"
654,"['01:38:37,645', '01:38:38,714']",[' Go!\n']
655,"['01:38:56,085', '01:38:57,803']","["" Didn't you say\n you could make him sleep?\n""]"
656,"['01:39:00,885', '01:39:02,204']","["" I can't!\n""]"
657,"['01:39:05,325', '01:39:07,361']",[' because I believe in you.\n']
658,"['01:39:28,165', '01:39:29,805']","["" I never thought she'd be able to do it...\n""]"
659,"['01:39:33,045', '01:39:35,957']","["" I don't know how long I can hold him.\n""]"
660,"['01:39:41,165', '01:39:44,441']","["" For the bomb to work, we'd actually\n need to place it on Ego's core.\n""]"
661,"['01:39:47,565', '01:39:48,565']",[' <i>Well...</i>\n']
662,"['01:39:53,365', '01:39:55,640']",[' <i>Which is the only kind of idea\n we have left.</i>\n']
663,"['01:39:58,285', '01:40:00,480']","[' ""Rocket, do this. Rocket, do that.""\n']"
664,"['01:40:11,125', '01:40:14,720']","[' All right, first you flick this switch,\n then this switch.\n']"
665,"['01:40:16,245', '01:40:18,042']",[' Then you push this button...\n']
666,"['01:40:21,445', '01:40:22,719']","[' Now, whatever you do...\n']"
667,"['01:40:25,925', '01:40:27,995']",[' because that will set off\n the bomb immediately\n']
668,"['01:40:29,685', '01:40:32,119']","[' Now, repeat back what I just said.\n']"
669,"['01:40:34,245', '01:40:36,201']","["" - I am Groot.\n - That's right.\n""]"
670,"['01:40:37,925', '01:40:40,234']","["" No, that's the button\n that will kill everyone!\n""]"
671,"['01:40:42,645', '01:40:43,794']",[' Hmm...\n']
672,"['01:40:46,445', '01:40:48,515']",[' - I am Groot.\n - Uh-huh.\n']
673,"['01:40:49,765', '01:40:51,596']","["" No! That's exactly what you just said!\n""]"
674,"['01:40:53,525', '01:40:55,755']","["" Which button is the button\n you're supposed to push?\n""]"
675,"['01:40:57,165', '01:40:58,165']",[' No!\n']
676,"['01:41:00,405', '01:41:02,157']",[' Shut up and get me some tape!\n']
677,"['01:41:03,845', '01:41:05,597']",[' I wanna put some tape\n over the death button.\n']
678,"['01:41:08,805', '01:41:11,478']","[' <i>Yo, Yondu... Ow!</i>\n']"
679,"['01:41:16,085', '01:41:19,122']",[' <i>Gamora? Do you have any tape?</i>\n']
680,"['01:41:20,485', '01:41:22,919']",[' <i>Never mind. Ow!</i>\n']
681,"['01:41:26,445', '01:41:29,118']","[' <i>Yes, Scotch tape would work.</i>\n']"
682,"['01:41:31,485', '01:41:32,964']","["" <i>if you don't have any?</i>\n""]"
683,"['01:41:35,405', '01:41:36,724']",[' Not a single person has tape?\n']
684,"['01:41:38,325', '01:41:39,440']",[' Did you ask Nebula?\n']
685,"['01:41:41,205', '01:41:42,479']",[' Are you sure?\n']
686,"['01:41:44,165', '01:41:46,341']",[' - and she was sitting next to him.\n - I knew you were lying!\n']
687,"['01:41:48,645', '01:41:51,034']","["" If anybody's gonna have tape, it's you!\n""]"
688,"['01:41:54,925', '01:41:57,393']",[' You are wasting a lot of time here!\n']
689,"['01:42:03,765', '01:42:05,676']","["" We're all gonna die.\n""]"
690,"['01:42:09,765', '01:42:12,438']","["" We're done for without that generator!\n""]"
691,"['01:42:27,845', '01:42:29,517']",[' <i>perhaps it will provide you solace...</i>\n']
692,"['01:42:32,845', '01:42:34,403']",[' <i>They will serve as a warning...</i>\n']
693,"['01:42:37,485', '01:42:40,283']","["" Don't screw with the Sovereign.\n""]"
694,"['01:42:45,285', '01:42:46,798']","[' Promises, promises.\n']"
695,"['01:43:09,885', '01:43:10,885']",[' No!\n']
696,"['01:43:19,085', '01:43:20,085']","["" <i>We're gonna blow!</i>\n""]"
697,"['01:43:47,205', '01:43:48,205']",[' What?\n']
698,"['01:43:50,685', '01:43:52,084']",[' Is he cool?\n']
699,"['01:43:56,285', '01:43:58,162']","["" I'm Mary Poppins, y'all!\n""]"
700,"['01:44:39,685', '01:44:41,277']","["" She's just unconscious.\n""]"
701,"['01:44:59,045', '01:45:01,400']","["" In the unlikely event\n that Groot doesn't kill us all...\n""]"
702,"['01:45:07,765', '01:45:10,279']","[' Kraglin, we need the quadrant\n for an extraction.\n']"
703,"['01:45:11,605', '01:45:12,754']","[' Aye, Captain.\n']"
704,"['01:45:19,805', '01:45:21,318']","[' Drax, take Mantis.\n']"
705,"['01:45:34,165', '01:45:35,359']",[' Gamora!\n']
706,"['01:46:06,045', '01:46:07,364']",[' Get over it.\n']
707,"['01:46:13,725', '01:46:18,082']",[' What kind of father would I be\n to let you make this choice?\n']
708,"['01:46:49,725', '01:46:53,354']","[' Soon, Peter, we will be all there is.\n']"
709,"['01:47:17,365', '01:47:19,005']",[' We have to get up\n to the extraction point!\n']
710,"['01:49:27,525', '01:49:29,117']",[' I told you...\n']
711,"['01:49:36,325', '01:49:37,360']",[' You cannot deny...\n']
712,"['01:49:51,045', '01:49:52,763']","[' Everyone,\n I need you to stay back!\n']"
713,"['01:50:09,685', '01:50:11,880']","["" <i>It doesn't need to be\n like this, Peter.</i>\n""]"
714,"['01:50:19,805', '01:50:22,922']","["" <i>Stop pretending you aren't\n what you are.</i>\n""]"
715,"['01:50:27,525', '01:50:29,356']",[' <i>Trillions. Even more.</i>\n']
716,"['01:50:38,765', '01:50:42,838']","["" I don't use my head to fly the arrow, boy!\n""]"
717,"['01:51:20,565', '01:51:24,274']","["" You shouldn't have killed my mom,\n and squished my Walkman.\n""]"
718,"['01:51:28,245', '01:51:30,554']",[' <i>You will never love me again</i>\n']
719,"['01:51:33,805', '01:51:37,718']",[' <i>You would never break the chain</i>\n']
720,"['01:51:40,085', '01:51:42,645']",[' <i>You will never love me again</i>\n']
721,"['01:51:47,765', '01:51:50,518']",[' <i>You would never break the chain</i>\n']
722,"['01:51:53,325', '01:51:56,317']",[' <i>You will never love me again</i>\n']
723,"['01:51:59,365', '01:52:01,925']",[' <i>You would never break the chain</i>\n']
724,"['01:52:07,685', '01:52:10,722']","["" I'm not sure how long Quill\n can keep him distracted!\n""]"
725,"['01:53:08,525', '01:53:10,675']","["" Yondu, we're about to blow!\n""]"
726,"['01:53:12,485', '01:53:13,520']",[' Not without Quill!\n']
727,"['01:53:17,205', '01:53:18,923']",[' Not without you!\n']
728,"['01:53:26,845', '01:53:28,961']",[' You need to give me this.\n']
729,"['01:53:39,285', '01:53:41,753']",[' A spacesuit and an aero-rig.\n']
730,"['01:53:56,365', '01:53:57,923']",[' I am Groot.\n']
731,"['01:54:01,525', '01:54:05,723']","[' He says, ""Welcome to the frickin\'\n Guardians of the Galaxy.""\n']"
732,"['01:54:14,925', '01:54:15,994']","[' Bye, twig.\n']"
733,"['01:55:16,125', '01:55:17,125']","["" Where's Peter?\n""]"
734,"['01:55:20,645', '01:55:21,645']",[' Rocket.\n']
735,"['01:55:26,005', '01:55:27,005']",[' Mmm...\n']
736,"['01:55:39,165', '01:55:40,165']","["" I'm sorry.\n""]"
737,"['01:55:44,325', '01:55:45,325']","[' Kraglin, go!\n']"
738,"['01:55:47,965', '01:55:49,523']",[' Is Quill back?\n']
739,"['01:55:54,605', '01:55:57,881']","["" Rocket, where's Quill?\n""]"
740,"['01:56:01,325', '01:56:02,325']","["" <i>Where's Quill?</i>\n""]"
741,"['01:56:14,685', '01:56:16,835']","[' No, we need to stop it.\n']"
742,"['01:56:23,845', '01:56:25,403']",[' Stop. Listen to me!\n']
743,"['01:56:28,685', '01:56:30,038']",[' If you kill me...\n']
744,"['01:56:33,805', '01:56:35,443']","["" What's so wrong with that?\n""]"
745,"['01:57:27,205', '01:57:29,355']","[' He may have been your father, boy,\n']"
746,"['01:57:35,325', '01:57:37,634']","["" I'm sorry I didn't do none of it right.\n""]"
747,"['01:57:44,765', '01:57:47,279']",[' What?\n']
748,"['01:57:59,205', '01:58:00,320']","["" You can't.\n""]"
749,"['01:58:08,525', '01:58:09,958']",[' No!\n']
750,"['01:58:16,565', '01:58:18,157']",[' Oh! Aww...\n']
751,"['01:58:22,085', '01:58:23,996']","[' Oh, no!\n']"
752,"['01:59:20,445', '01:59:22,356']",[' how when I was a kid I used to pretend\n']
753,"['01:59:27,165', '01:59:29,759']","["" He's a singer and actor from Earth,\n really famous guy.\n""]"
754,"['01:59:34,405', '01:59:38,523']","["" Yondu didn't have a talking car,\n but he did have a flying arrow.\n""]"
755,"['01:59:41,565', '01:59:43,840']",[' but he did have the whistle of one.\n']
756,"['01:59:47,565', '01:59:50,125']",[' and hooked up with hot women...\n']
757,"['01:59:54,965', '01:59:58,958']",[' I guess David Hasselhoff did kind of\n end up being my dad after all.\n']
758,"['02:00:06,885', '02:00:08,762']",[' I had a pretty cool dad.\n']
759,"['02:00:15,405', '02:00:20,081']","["" sometimes that thing\n you're searching for your whole life...\n""]"
760,"['02:00:24,925', '02:00:26,722']","["" You don't even know it.\n""]"
761,"['02:00:41,685', '02:00:43,437']",[' He did call you twig.\n']
762,"['02:00:52,165', '02:00:54,121']",[' I was a child like you.\n']
763,"['02:00:59,325', '02:01:02,283']",[' And I never considered\n what Thanos was doing to you.\n']
764,"['02:01:04,405', '02:01:05,804']",[' There are little girls like you...\n']
765,"['02:01:11,485', '02:01:12,964']",[' You can stay with us and help them.\n']
766,"['02:01:16,125', '02:01:18,161']","["" I don't know if that's possible.\n""]"
767,"['02:02:19,525', '02:02:20,525']",[' Pete!\n']
768,"['02:02:26,125', '02:02:28,958']","["" Said you'd come back\n to the fold someday.\n""]"
769,"['02:02:32,045', '02:02:33,045']","["" It's called a Zune.\n""]"
770,"['02:02:35,045', '02:02:36,637']","["" It's got 300 songs on it.\n""]"
771,"['02:02:44,245', '02:02:45,314']",[' Wait.\n']
772,"['02:02:53,485', '02:02:55,919']",[' I think Yondu would want you to have it.\n']
773,"['02:03:02,525', '02:03:03,753']",[' Captain.\n']
774,"['02:03:46,685', '02:03:50,394']","[' <i>Just relax, take it easy</i>\n']"
775,"['02:03:54,445', '02:03:57,323']","["" <i>There's so much you have to know</i>\n""]"
776,"['02:04:01,845', '02:04:04,917']",[' <i>If you want you can marry</i>\n']
777,"['02:04:15,845', '02:04:17,164']",[' They came.\n']
778,"['02:04:27,325', '02:04:29,885']","["" I sent word to\n Yondu's old Ravager buddies,\n""]"
779,"['02:04:35,165', '02:04:36,883']","["" It's a Ravager funeral.\n""]"
780,"['02:04:55,885', '02:04:57,364']",[' Yeah!\n']
781,"['02:05:07,565', '02:05:09,317']","[' No, he did not, son.\n']"
782,"['02:05:18,525', '02:05:21,756']","[' Fare thee well, old friend.\n']"
783,"['02:05:32,965', '02:05:34,921']","["" He didn't chase them away.\n""]"
784,"['02:05:37,245', '02:05:39,281']",[' Even though he yelled at them.\n']
785,"['02:05:43,605', '02:05:45,721']","["" And he stole batteries he didn't need.\n""]"
786,"['02:06:17,125', '02:06:18,274']",[' What?\n']
787,"['02:06:22,805', '02:06:25,399']",[' some unspoken thing.\n']
788,"['02:06:38,125', '02:06:39,319']",[' It is.\n']
789,"['02:06:44,965', '02:06:46,193']",[' On the inside.\n']
790,"['02:06:55,005', '02:06:58,964']",[' <i>And I know that I have to go away</i>\n']
791,"['02:08:42,325', '02:08:43,394']","["" You know, it's a shame...\n""]"
792,"['02:08:48,085', '02:08:51,282']","["" But I think he'd be proud knowing\n that we are back as a team.\n""]"
793,"['02:08:53,205', '02:08:54,035']",[' Dope.\n']
794,"['02:08:56,445', '02:08:57,639']","[' Hell, yes.\n']"
795,"['02:11:21,885', '02:11:23,762']","[' High Priestess, the Council is waiting.\n']"
796,"['02:11:32,805', '02:11:35,763']",[' When they see\n what I have created here...\n']
797,"['02:11:39,165', '02:11:42,157']","["" It's a new type of birthing pod, ma'am?\n""]"
798,"['02:11:44,965', '02:11:46,762']",[' is the next step in our evolution.\n']
799,"['02:11:50,285', '02:11:54,324']",[' more capable of destroying\n the Guardians of the Galaxy.\n']
800,"['02:12:01,285', '02:12:02,684']",[' Adam.\n']
801,"['02:14:07,085', '02:14:08,677']",[' Seriously?\n']
802,"['02:14:10,925', '02:14:12,324']",[' I am Groot.\n']
803,"['02:14:14,605', '02:14:15,435']","["" You know what's boring?\n""]"
804,"['02:14:18,925', '02:14:22,520']","["" What's boring is me tripping over\n your vines every day!\n""]"
805,"['02:14:24,445', '02:14:25,445']",[' I am Groot.\n']
806,"['02:15:05,445', '02:15:07,640']",[' In these times of hardship...\n']
807,"['02:15:11,445', '02:15:15,484']",[' We. Are. Groot.\n']
808,"['02:15:20,125', '02:15:21,797']","[' Wait, where are you going?\n']"
809,"['02:15:24,485', '02:15:26,157']",[' How will I get out of here?\n']
810,"['02:15:27,725', '02:15:30,444']","["" I've got so many\n more stories to tell.\n""]"
811,"['02:15:32,005', '02:15:34,314']","[' Oh, gee...\n']"
