,time,content
0,"['00:04:02,366', '00:04:03,826']",[' Is it ready?\n']
1,"['00:05:05,137', '00:05:09,183']",[' Fear no good.\n So emotion and control.\n']
2,"['00:05:43,301', '00:05:44,385']",[' Wait.\n']
3,"['00:07:01,295', '00:07:04,423']","[' I can make it work for a while,\n but you need...\n']"
4,"['00:07:30,324', '00:07:32,493']",[' Shut that off! Turn it off!\n']
5,"['00:08:08,613', '00:08:09,739']",[' Okay!\n']
6,"['00:10:02,018', '00:10:03,269']","[' Oh, you.\n']"
7,"['00:11:51,544', '00:11:52,795']",[' Damn it!\n']
8,"['00:12:59,362', '00:13:01,906']","["" It's a possible gamma sickness. Milwaukee.\n""]"
9,"['00:13:07,912', '00:13:11,541']",[' <i>Guess it had a little more kick\n than he was looking for.</i>\n']
10,"['00:13:17,296', '00:13:20,216']","[' - Where was it bottled?\n - Porto Verde, Brazil.\n']"
11,"['00:13:24,220', '00:13:27,598']","["" Tell them no contact!\n If he even sees them, he's gone!\n""]"
12,"['00:13:52,540', '00:13:53,916']",[' And I pulled you one ace.\n']
13,"['00:14:03,759', '00:14:06,220']",[' And on loan to SOCOM\n from the Royal Marines.\n']
14,"['00:14:14,604', '00:14:17,565']",[' Glad I could help. Just make it good.\n']
15,"['00:14:30,870', '00:14:32,788']","["" You'll have your dart clips\n and suppression ordnance,\n""]"
16,"['00:14:35,291', '00:14:37,919']","[' We got local out there,\n but we want it tight and quiet.\n']"
17,"['00:14:40,421', '00:14:43,966']",[' Your target is a fugitive\n from the US government\n']
18,"['00:14:46,385', '00:14:50,973']","[' He is also implicated\n in the deaths of two scientists,\n']"
19,"['00:14:54,977', '00:14:58,064']","["" So don't wait to see if he's a fighter!\n""]"
20,"['00:15:42,650', '00:15:44,068']","[' Oh, come on.\n']"
21,"['00:16:51,010', '00:16:52,094']",[' Here we go.\n']
22,"['00:17:18,079', '00:17:19,163']",[' Take him!\n']
23,"['00:17:41,519', '00:17:42,562']",[' Where is he?\n']
24,"['00:17:50,236', '00:17:51,988']","["" - Let's go!\n - Go!\n""]"
25,"['00:18:16,470', '00:18:18,097']","[' Go, go, go!\n']"
26,"['00:18:23,895', '00:18:25,688']",[' Clear everyone out!\n']
27,"['00:19:13,361', '00:19:15,196']",[' Oh! No!\n']
28,"['00:20:29,562', '00:20:32,273']",[' Target moving past mobile unit 0-9-0.\n']
29,"['00:20:49,373', '00:20:51,375']",[' You got to be kidding me.\n']
30,"['00:21:37,088', '00:21:38,256']",[' Gringo!\n']
31,"['00:22:09,453', '00:22:10,580']",[' No!\n']
32,"['00:22:15,168', '00:22:16,752']",[' Not the computer!\n']
33,"['00:22:35,855', '00:22:40,109']","[' You bad angry, G?\n I very bad angry.\n']"
34,"['00:22:46,282', '00:22:48,910']","["" You don't understand! Something really bad\n is about to happen here!\n""]"
35,"['00:23:43,089', '00:23:45,007']","["" We've got a bogey\n of some kind. Please advice.\n""]"
36,"['00:23:48,302', '00:23:49,679']",[' <i>Do it now!</i>\n']
37,"['00:23:59,897', '00:24:01,691']",[' - Move!\n - Get out of the way!\n']
38,"['00:24:36,017', '00:24:38,477']","["" It's behind us! Move! Move!\n""]"
39,"['00:24:49,989', '00:24:51,199']",[' Shoot!\n']
40,"['00:26:19,453', '00:26:20,663']",[' No! No!\n']
41,"['00:26:35,720', '00:26:38,055']",[' He had it on him when he bolted.\n']
42,"['00:26:50,526', '00:26:53,404']",[' She is no longer a factor.\n']
43,"['00:26:57,033', '00:27:01,078']","["" He wants to be alone.\n But see if he's been talking to anybody.\n""]"
44,"['00:27:11,756', '00:27:15,009']","["" Doesn't anybody want to talk\n about what went down in there? 'Cause...\n""]"
45,"['00:27:17,929', '00:27:21,724']","[' And he was not alone, sir. We had him.\n']"
46,"['00:27:24,227', '00:27:27,063']",[' Something big hit us!\n']
47,"['00:27:34,403', '00:27:38,032']","["" It was the most powerful thing\n I've ever seen.\n""]"
48,"['00:27:42,829', '00:27:44,539']","[' Well, if Banner knows what it is,\n']"
49,"['00:27:47,834', '00:27:49,669']","["" - and I'm gonna...\n - That was Banner.\n""]"
50,"['00:27:57,301', '00:27:58,678']",[' was Banner.\n']
51,"['00:28:05,476', '00:28:07,228']","["" You've done a good job.\n""]"
52,"['00:29:17,298', '00:29:18,466']",[' Wait.\n']
53,"['00:29:29,644', '00:29:31,020']",[' Where am I?\n']
54,"['00:30:09,725', '00:30:10,852']","["" I've seen good men go down\n""]"
55,"['00:30:14,397', '00:30:16,649']","["" I've moved on to the next one,\n because that's what we do, right?\n""]"
56,"['00:30:18,192', '00:30:19,402']",[' But this?\n']
57,"['00:30:24,157', '00:30:27,034']","["" And I don't feel inclined\n to step away from it.\n""]"
58,"['00:30:30,246', '00:30:34,083']","["" And, with respect, you should be looking\n for a team that's prepped and ready to fight,\n""]"
59,"['00:30:37,378', '00:30:41,048']","["" you're gonna have a lot of professional\n tough guys pissing in their pants.\n""]"
60,"['00:31:33,309', '00:31:35,144']",[' <i>Tienes más stretchy?</i>\n']
61,"['00:32:10,388', '00:32:12,682']","["" Let me emphasise\n that what I'm about to share with you\n""]"
62,"['00:32:18,938', '00:32:22,149']","["" You're aware that we've got an\n Infantry Weapons Development programme.\n""]"
63,"['00:32:26,946', '00:32:29,532']",[' for Bio-Tech Force Enhancement.\n']
64,"['00:32:33,870', '00:32:34,954']",[' Yes.\n']
65,"['00:32:38,875', '00:32:42,795']","["" And I dusted it off, got 'em doing\n serious work again, bold work.\n""]"
66,"['00:32:45,673', '00:32:47,884']","["" <i>We were tryin' to make you better.</i>\n""]"
67,"['00:32:56,726', '00:32:59,312']",[' He thought he was working\n on radiation resistance.\n']
68,"['00:33:02,690', '00:33:07,320']","[' But he was so sure of what he was onto,\n that he tested it on himself.\n']"
69,"['00:33:12,658', '00:33:14,535']",[' Or it went very right.\n']
70,"['00:33:19,540', '00:33:22,502']","["" You said he wasn't working\n on weapons, right?\n""]"
71,"['00:33:24,795', '00:33:26,797']",[' You were trying other things.\n']
72,"['00:33:31,010', '00:33:32,345']",[' was very promising.\n']
73,"['00:33:36,474', '00:33:38,267']",[' He is not one of us.\n']
74,"['00:33:46,442', '00:33:50,071']","["" - It takes a toll, doesn't it?\n - Yes, it does.\n""]"
75,"['00:33:51,489', '00:33:53,950']","[' You should be a Colonel by now,\n with your record.\n']"
76,"['00:33:58,371', '00:34:01,582']","[' You know, if I could take what I know now,\n put it in the body I had ten years ago,\n']"
77,"['00:34:06,337', '00:34:09,298']",[' I could probably arrange\n something like that.\n']
78,"['00:36:43,578', '00:36:44,954']","[' Stan, I give you my word,\n']"
79,"['00:36:46,831', '00:36:50,001']","[' Oh, I know it. I always knew it.\n']"
80,"['00:36:55,798', '00:36:58,676']",[' - Have you talked to her?\n - No.\n']
81,"['00:37:02,805', '00:37:07,185']","["" - She's with somebody?\n - Yeah, he's a head shrink.\n""]"
82,"['00:37:13,816', '00:37:15,610']","["" Good. That's good.\n""]"
83,"['00:37:20,615', '00:37:24,494']","["" - You can have the spare room upstairs.\n - That'd be so great.\n""]"
84,"['00:37:32,627', '00:37:34,378']",[' Excuse me. Pardon me.\n']
85,"['00:37:42,094', '00:37:44,013']","[' Hey, pal. I got a delivery on five.\n']"
86,"['00:37:46,516', '00:37:50,978']","["" Oh, man. I'm gonna catch hell\n if I don't collect. You got to let me try.\n""]"
87,"['00:38:03,407', '00:38:06,536']","[' - You are the man.\n - God bless you, brother.\n']"
88,"['00:39:07,930', '00:39:09,056']",[' Okay.\n']
89,"['00:40:25,049', '00:40:27,468']","["" Oh, come on, Stan. It's Friday night.\n""]"
90,"['00:40:30,763', '00:40:33,015']",[' I got nothing but marinara now.\n']
91,"['00:40:35,226', '00:40:37,436']","[' She worked through dinner again,\n of course.\n']"
92,"['00:40:47,697', '00:40:52,034']","[' And he... I go, "" So, yeah,\n I mean, where were you?\n']"
93,"['00:40:54,245', '00:40:56,747']","[' And he goes, ""Not where you been at.""\n']"
94,"['00:41:28,112', '00:41:29,530']",[' Bruce?\n']
95,"['00:41:54,514', '00:41:55,640']",[' Betty...\n']
96,"['00:42:00,102', '00:42:03,814']","["" - I don't know what to say.\n - Please, just tell me the truth.\n""]"
97,"['00:42:57,660', '00:42:59,620']",[' I want you to come with me now.\n']
98,"['00:43:03,332', '00:43:04,584']",[' Please.\n']
99,"['00:43:37,200', '00:43:40,203']",[' I got in there before they carted it all away.\n']
100,"['00:43:48,461', '00:43:53,132']","["" - Does the General know that you have this?\n - No, I don't think so.\n""]"
101,"['00:43:55,635', '00:43:57,136']",[' You have to be sure.\n']
102,"['00:44:02,350', '00:44:07,313']",[' He told me what he wanted to do.\n He wants it out of me.\n']
103,"['00:44:10,733', '00:44:12,902']",[' He wants to make it a weapon.\n']
104,"['00:45:07,290', '00:45:11,210']",[' - I thought you might want to...\n - Thanks.\n']
105,"['00:45:16,757', '00:45:20,178']","["" Really? You can't stay at all?\n""]"
106,"['00:45:26,142', '00:45:28,895']",[' - lf I could borrow some cash...\n - Of course.\n']
107,"['00:45:30,688', '00:45:33,399']","[' Well, at least let me walk you to the station.\n']"
108,"['00:45:40,323', '00:45:42,825']",[' - You have everything you need?\n - Yeah.\n']
109,"['00:45:48,498', '00:45:49,582']",[' What?\n']
110,"['00:45:54,128', '00:45:56,130']",[' I hope you get some rest.\n']
111,"['00:46:41,217', '00:46:43,886']",[' I need you sharp out there and disciplined.\n']
112,"['00:46:46,055', '00:46:49,725']","["" we stop and you're off team\n until you straighten out.\n""]"
113,"['00:46:56,190', '00:46:58,943']","["" You'll get two separate infusions.\n""]"
114,"['00:47:03,322', '00:47:05,616']",[' The bone ones are going to hurt.\n']
115,"['00:47:55,958', '00:47:57,335']",[' I think so.\n']
116,"['00:48:08,721', '00:48:10,765']",[' - I just wanna do this.\n - Oh.\n']
117,"['00:48:18,815', '00:48:20,316']","[' It feels too tight, huh?\n']"
118,"['00:48:29,659', '00:48:32,662']","["" - What?\n - They're here.\n""]"
119,"['00:48:34,497', '00:48:35,748']",[' You have to go far away\n from me as you can!\n']
120,"['00:48:48,511', '00:48:50,638']","["" Damn it! We'd have had snipers on target\n in three more minutes.\n""]"
121,"['00:48:54,517', '00:48:55,726']","["" He's heading 2-7-0.\n""]"
122,"['00:49:15,997', '00:49:17,165']",[' Sir.\n']
123,"['00:50:08,424', '00:50:09,509']",[' I got him!\n']
124,"['00:50:14,722', '00:50:16,098']","["" I know you're in there!\n""]"
125,"['00:50:22,063', '00:50:23,105']",[' Sir?\n']
126,"['00:50:32,281', '00:50:36,410']","["" - Dad, please don't do this.\n - You can't see this clearly. Now, get inside.\n""]"
127,"['00:50:38,412', '00:50:40,623']",[' <i>Target is in the overpass. We have a visual.</i>\n']
128,"['00:50:48,589', '00:50:50,132']","["" He's locked in.\n""]"
129,"['00:50:58,307', '00:50:59,433']",[' Fire!\n']
130,"['00:51:54,197', '00:51:55,239']","["" Now she'll see.\n""]"
131,"['00:52:21,224', '00:52:22,308']",[' Let him have all of it.\n']
132,"['00:52:33,319', '00:52:36,656']",[' Where are the fifty cals? Move your asses!\n']
133,"['00:53:29,667', '00:53:30,710']","["" Blonsky, now you're up!\n""]"
134,"['00:53:33,713', '00:53:35,006']",[' Cover me.\n']
135,"['00:54:14,587', '00:54:15,963']","["" My God, he's doing it.\n""]"
136,"['00:54:28,476', '00:54:29,560']",[' Move!\n']
137,"['00:54:44,408', '00:54:45,743']",[' Do it now!\n']
138,"['00:55:13,229', '00:55:14,647']","[' - Please, please, please!\n - Get her back!\n']"
139,"['00:55:15,857', '00:55:18,192']",[' Stop! Get off of me!\n']
140,"['00:55:22,515', '00:55:26,435']",[' Bruce! Bruce!\n']
141,"['00:56:17,027', '00:56:18,112']",[' Is that it?\n']
142,"['00:56:20,197', '00:56:21,490']",[' <i>Pull back!</i>\n']
143,"['00:56:33,961', '00:56:36,547']","["" - Fall back!\n - Fall back! Let's go, let's go!\n""]"
144,"['00:56:42,011', '00:56:43,220']",[' Betty!\n']
145,"['00:56:59,987', '00:57:01,197']",[' Bruce?\n']
146,"['00:57:29,141', '00:57:30,559']",[' No!\n']
147,"['00:58:25,364', '00:58:28,284']","["" I need to know where they're going.\n""]"
148,"['00:58:30,619', '00:58:31,912']",[' From who?\n']
149,"['00:58:35,499', '00:58:39,253']","[' I give you my word, her safety\n is my main concern at this point.\n']"
150,"['00:58:42,131', '00:58:45,050']","["" that I can always tell\n when somebody's lying.\n""]"
151,"['00:58:47,762', '00:58:50,014']","["" I don't know where he's going.\n""]"
152,"['00:58:56,437', '00:58:58,981']","["" And I can't help either one of them.\n""]"
153,"['00:59:07,490', '00:59:08,866']",[' Now I know!\n']
154,"['01:00:05,631', '01:00:06,799']",[' Bruce?\n']
155,"['01:00:38,372', '01:00:40,541']","["" It's okay. It's okay.\n""]"
156,"['01:00:59,643', '01:01:01,270']",[' Watch your head.\n']
157,"['01:01:28,297', '01:01:29,465']","["" We're okay.\n""]"
158,"['01:01:37,598', '01:01:39,308']","["" It's just the rain.\n""]"
159,"['01:01:50,861', '01:01:54,448']",[' Most of the bones in his body\n look like crushed gravel right now.\n']
160,"['01:01:58,411', '01:02:01,622']","[' Never seen anything like it,\n outside of a racehorse.\n']"
161,"['01:03:06,854', '01:03:08,022']",[' Okay.\n']
162,"['01:03:51,399', '01:03:52,650']","[' Oh, hi.\n']"
163,"['01:03:54,985', '01:03:56,112']",[' Yeah.\n']
164,"['01:03:58,656', '01:04:01,242']",[' - Good.\n - I just had to get my data back.\n']
165,"['01:04:03,994', '01:04:08,249']","[' Well, you know, the circumstances\n called for a little improvisation.\n']"
166,"['01:04:10,918', '01:04:15,256']","["" Okay, so they didn't have a great selection,\n but I got you some options.\n""]"
167,"['01:04:18,008', '01:04:19,635']","["" Oh, you're kidding me.\n""]"
168,"['01:04:31,605', '01:04:34,442']",[' - No.\n - They were the stretchiest pair they had.\n']
169,"['01:04:36,068', '01:04:38,571']",[' <i>Rumours continue\n to swirl about a violent clash</i>\n']
170,"['01:04:42,533', '01:04:45,494']",[' <i>on the campus of Culver University\n earlier today.</i>\n']
171,"['01:04:48,914', '01:04:50,374']",[' <i>It was so big.</i>\n']
172,"['01:04:53,419', '01:04:56,464']","[' <i>McGhee, who happens\n to be a reporter for the campus paper,</i>\n']"
173,"['01:04:58,340', '01:05:00,051']","[' <i>Further search for the mysterious ""hulk""</i>\n']"
174,"['01:05:12,146', '01:05:15,107']",[' Not too short back there.\n']
175,"['01:05:33,542', '01:05:36,128']","["" I don't know how you've done this\n on your own for all this time.\n""]"
176,"['01:06:32,977', '01:06:35,688']","[' - Wait, wait, wait. Wait.\n - What? What?\n']"
177,"['01:06:37,231', '01:06:39,316']","["" - It's okay. I want to.\n - No.\n""]"
178,"['01:06:42,611', '01:06:43,863']","["" I can't.\n""]"
179,"['01:06:52,121', '01:06:54,206']",[' Not even a little excited?\n']
180,"['01:07:02,923', '01:07:04,800']","["" Sir, it's Blonsky.\n""]"
181,"['01:07:11,015', '01:07:12,683']",[' Ask him yourself.\n']
182,"['01:07:37,750', '01:07:41,754']","[' - Good to see you back on your feet, soldier.\n - Thank you, sir.\n']"
183,"['01:07:51,931', '01:07:54,350']",[' Pissed off and ready for round three.\n']
184,"['01:08:04,860', '01:08:07,655']","[' Well, my lip gloss? Can they track that?\n']"
185,"['01:08:11,826', '01:08:14,745']","[' - Well, I need my glasses.\n - Well, you can take\n']"
186,"['01:08:16,080', '01:08:19,708']","["" We can use most of it. We just can't use\n the credit cards, the ID or the phone.\n""]"
187,"['01:08:22,211', '01:08:24,338']","["" And we'll take the cash, obviously.\n""]"
188,"['01:08:31,387', '01:08:34,265']","[' Well, we could sell this.\n']"
189,"['01:08:40,104', '01:08:42,815']","["" Well, we'll have to try and get it back.\n""]"
190,"['01:08:45,484', '01:08:47,737']","["" plastic and Dr Ross's web accounts,\n""]"
191,"['01:08:50,156', '01:08:52,825']","["" They'll pop up somewhere\n and when they do, it comes straight to us.\n""]"
192,"['01:08:54,952', '01:08:57,997']",[' He made it five years and got across borders\n without making any mistakes.\n']
193,"['01:09:00,332', '01:09:02,084']","["" <i>If he was trying to escape,\n he'd be long gone.</i>\n""]"
194,"['01:09:03,419', '01:09:05,921']","["" <i>He's looking for help\n and that's how we're gonna get him.</i>\n""]"
195,"['01:09:08,507', '01:09:10,342']",[' <i>You all have copies of the correspondence.</i>\n']
196,"['01:09:12,970', '01:09:15,097']",[' <i>have been added to the\n SHIELD Operations Database.</i>\n']
197,"['01:09:19,060', '01:09:21,270']","["" <i>If he makes a peep, we'll hear him.</i>\n""]"
198,"['01:10:06,649', '01:10:07,775']",[' Hey.\n']
199,"['01:10:21,247', '01:10:22,915']",[' What is it like?\n']
200,"['01:10:28,337', '01:10:30,923']",[' Remember those experiments\n we volunteered for at Harvard?\n']
201,"['01:10:33,843', '01:10:37,263']","["" It's a lot like that,\n just a thousand times amplified.\n""]"
202,"['01:10:43,102', '01:10:47,940']",[' - Do you remember anything?\n - Just fragments. Images.\n']
203,"['01:10:51,694', '01:10:55,281']","["" - But then it's still you inside it.\n - No. No, it's not.\n""]"
204,"['01:11:02,621', '01:11:04,039']","[' Maybe your mind is in there,\n']"
205,"['01:11:06,834', '01:11:10,129']","["" I don't want to control it.\n I want to get rid of it.\n""]"
206,"['01:11:24,894', '01:11:26,645']","["" Let's even the playing field a little.\n""]"
207,"['01:11:35,321', '01:11:38,991']","["" Bruce, wake up.\n There's something going on.\n""]"
208,"['01:12:08,604', '01:12:10,231']",[' All right. Come.\n']
209,"['01:12:29,250', '01:12:31,168']","[' Me in a metal tube, deep underground,\n']"
210,"['01:12:33,796', '01:12:36,465']","["" Right. Let's get a cab.\n""]"
211,"['01:12:45,683', '01:12:47,268']","[' - Very nice. You see her?\n - Oh, my.\n']"
212,"['01:12:50,563', '01:12:52,606']","[' Breathe, breathe, breathe.\n']"
213,"['01:12:58,654', '01:12:59,989']","["" - What is wrong with you?\n - What's the matter, baby?\n""]"
214,"['01:13:03,617', '01:13:04,869']",[' Asshole!\n']
215,"['01:13:10,583', '01:13:14,795']","["" - manage that anger very effectively.\n - You zip it. We're walking.\n""]"
216,"['01:13:23,804', '01:13:25,765']",[' Excuse me. Dr Sterns?\n']
217,"['01:13:29,310', '01:13:31,312']",[' Oh! Dr Ross!\n']
218,"['01:13:36,817', '01:13:38,277']","["" It's Mr Blue, isn't it?\n""]"
219,"['01:13:43,741', '01:13:47,411']","["" I got to tell you,\n I've been wondering if you were even real.\n""]"
220,"['01:13:49,330', '01:13:54,001']",[' A person with that much\n power lurking in him.\n']
221,"['01:13:55,795', '01:13:58,672']",[' than this unassuming man\n shaking my hand.\n']
222,"['01:14:01,509', '01:14:03,177']","[' Even if everything goes perfectly,\n']"
223,"['01:14:08,099', '01:14:10,017']",[' is that going to be a lasting cure\n']
224,"['01:14:15,731', '01:14:17,191']","["" I don't know.\n""]"
225,"['01:14:23,614', '01:14:28,494']","["" we're dealing with concentrations\n with extraordinary levels of toxicity.\n""]"
226,"['01:14:34,834', '01:14:36,961']","["" You should know that there's\n a flip side to this, too.\n""]"
227,"['01:14:40,673', '01:14:43,134']",[' this will be very dangerous for you.\n']
228,"['01:14:49,056', '01:14:53,310']","["" and that's served me pretty well.\n So, are we going to do this?\n""]"
229,"['01:15:51,744', '01:15:53,329']",[' Like a monster.\n']
230,"['01:16:15,726', '01:16:21,107']",[' These will protect you from yourself\n if you have a strong reaction.\n']
231,"['01:16:29,532', '01:16:33,953']","[' Oh, come on! Stupid graduate students.\n']"
232,"['01:16:40,292', '01:16:41,752']","[' You, you, you.\n']"
233,"['01:16:49,510', '01:16:51,011']",[' We have begun.\n']
234,"['01:16:55,975', '01:17:00,438']","["" Except the antidote will only take hold\n once we've achieved a full reaction.\n""]"
235,"['01:17:02,440', '01:17:05,776']",[' Okay. We are comprehensive.\n']
236,"['01:17:20,458', '01:17:22,460']",[' All right. We set to pop?\n']
237,"['01:17:46,942', '01:17:48,986']","[' Oh, my God!\n']"
238,"['01:18:15,930', '01:18:18,516']","[' - Now. Okay, now!\n - Wait.\n']"
239,"['01:18:28,692', '01:18:31,195']","[' Bruce! Bruce, look at me.\n']"
240,"['01:18:37,243', '01:18:41,247']","[' Bruce, look at me. Look in my eyes.\n Please, look in my eyes.\n']"
241,"['01:19:04,478', '01:19:05,688']",[' Bruce.\n']
242,"['01:19:18,534', '01:19:21,537']","[' Bruce? Bruce, can you hear me?\n']"
243,"['01:19:35,593', '01:19:38,971']","["" It's okay. You're okay. You're okay.\n""]"
244,"['01:19:43,934', '01:19:46,604']","["" He's fine. This is fantastic.\n""]"
245,"['01:19:48,939', '01:19:50,024']",[' Hi.\n']
246,"['01:19:59,825', '01:20:05,790']",[' That was the most extraordinary thing\n I have seen in my entire life!\n']
247,"['01:20:07,541', '01:20:09,919']",[' We need to go back and talk\n about what just happened in there.\n']
248,"['01:20:13,881', '01:20:15,633']","["" - I think Dr Ross's primer...\n - Are you okay?\n""]"
249,"['01:20:19,053', '01:20:21,847']","["" That's why you didn't die\n of radiation sickness years ago!\n""]"
250,"['01:20:24,725', '01:20:26,644']",[' or maybe we just suppressed that event.\n']
251,"['01:20:29,146', '01:20:30,940']",[' because none of our\n test subjects ever survived.\n']
252,"['01:20:32,733', '01:20:34,151']","["" - Wait, what did you just say?\n - They weren't getting\n""]"
253,"['01:20:37,822', '01:20:39,573']",[' What test subjects?\n']
254,"['01:20:58,426', '01:21:02,346']","["" - What's the activity level?\n - Snipers are covering Alpha sector.\n""]"
255,"['01:21:04,682', '01:21:07,268']","[' <i>but it just completely fried them,\n so we had to go bigger.</i>\n']"
256,"['01:21:10,730', '01:21:14,483']","[' - What do you mean, my blood?\n - Bruce, this is all you.\n']"
257,"['01:21:19,405', '01:21:22,658']","["" With a little more trial and error,\n there's no end to what we can do!\n""]"
258,"['01:21:26,537', '01:21:30,040']",[' This gamma technology\n has limitless applications.\n']
259,"['01:21:32,251', '01:21:35,379']",[' We will make humans\n impervious to disease!\n']
260,"['01:21:51,687', '01:21:53,564']","[' - Wait, what?\n - All of it.\n']"
261,"['01:21:55,149', '01:21:57,401']",[' - Is this the whole supply?\n - What...\n']
262,"['01:21:59,111', '01:22:01,322']","["" You don't understand\n the power of this thing.\n""]"
263,"['01:22:04,700', '01:22:06,202']","[' At your discretion, shooter.\n']"
264,"['01:22:07,828', '01:22:08,871']","["" <i>It's just...</i>\n""]"
265,"['01:22:13,542', '01:22:15,336']","["" Blonsky's going in.\n""]"
266,"['01:22:23,010', '01:22:24,095']",[' We have the antidote now.\n']
267,"['01:22:33,896', '01:22:35,898']","[' And if we let it go, we will never get it back.\n']"
268,"['01:22:38,234', '01:22:40,236']","[' I hate the government\n just as much as anyone,\n']"
269,"['01:22:49,912', '01:22:51,414']",[' Bruce! Bruce!\n']
270,"['01:22:57,628', '01:23:00,381']","[' Where is it? Come on, where is it?\n']"
271,"['01:23:07,763', '01:23:09,056']",[' Blonsky!\n']
272,"['01:23:20,109', '01:23:21,485']",[' Take this.\n']
273,"['01:23:35,458', '01:23:36,625']",[' Betty.\n']
274,"['01:23:41,672', '01:23:43,007']","["" He's a fugitive.\n""]"
275,"['01:23:45,134', '01:23:48,637']",[' to cover your failures\n and to protect your career.\n']
276,"['01:23:54,518', '01:23:58,022']","["" It's only because you're my daughter\n that you're not in handcuffs, too.\n""]"
277,"['01:24:04,236', '01:24:08,991']","["" No! Not yet. I sorted out a few pieces,\n but it's not like I can put together\n""]"
278,"['01:24:12,495', '01:24:16,373']",[' He was a freak accident!\n The goal is to do it better!\n']
279,"['01:24:22,171', '01:24:26,592']","["" - She's an annoying bitch.\n - Why are you always hitting people?\n""]"
280,"['01:24:34,183', '01:24:36,894']","["" It's not what you've done.\n It's what you're gonna do.\n""]"
281,"['01:24:43,818', '01:24:47,863']","["" You look like you've got a little\n something in you already, don't you?\n""]"
282,"['01:24:53,536', '01:24:54,745']",[' I have.\n']
283,"['01:24:58,082', '01:24:59,333']",[' Godlike.\n']
284,"['01:25:03,421', '01:25:05,506']",[' I need that. Make me that.\n']
285,"['01:25:09,468', '01:25:11,053']",[' The mix could be\n']
286,"['01:25:16,892', '01:25:19,729']","["" I didn't say I was unwilling.\n""]"
287,"['01:25:26,527', '01:25:28,320']","["" And you've given it.\n""]"
288,"['01:26:13,783', '01:26:18,704']","["" I don't know what you've been\n ladling into yourself.\n""]"
289,"['01:26:20,956', '01:26:24,585']","["" Let's assume you don't understand\n a word I'm saying,\n""]"
290,"['01:26:29,590', '01:26:32,093']",[' I can fix this.\n']
291,"['01:26:49,485', '01:26:50,569']",[' No!\n']
292,"['01:27:02,289', '01:27:04,041']","[' They took out two of our guys,\n two of our guys!\n']"
293,"['01:27:09,714', '01:27:12,007']","[' Come on! Move, move, move, move!\n']"
294,"['01:27:23,352', '01:27:24,520']",[' Drop them!\n']
295,"['01:27:36,323', '01:27:40,119']","["" Okay. All right! You... You, drive!\n Let's go! Move, move!\n""]"
296,"['01:27:41,620', '01:27:43,539']",[' Something big\n just went off down here!\n']
297,"['01:27:46,292', '01:27:49,211']","[' The Hulk is in the street!\n I repeat, the Hulk is in the street!\n']"
298,"['01:27:53,966', '01:27:55,885']",[' You get it together. What is your position?\n']
299,"['01:27:59,346', '01:28:00,890']",[' Turn us around.\n']
300,"['01:28:11,150', '01:28:12,777']",[' Damn it! Give me eyes down there!\n']
301,"['01:28:16,489', '01:28:18,407']",[' <i>What the hell was that?</i>\n']
302,"['01:28:43,933', '01:28:45,184']",[' No!\n']
303,"['01:29:03,035', '01:29:06,122']","[' Oh, my God. What have you done?\n']"
304,"['01:29:14,630', '01:29:16,716']","["" Do you think a rifle's gonna hurt that?\n""]"
305,"['01:29:21,887', '01:29:23,055']",[' Sweet.\n']
306,"['01:29:45,202', '01:29:46,537']","[' Get out of there, soldier!\n']"
307,"['01:30:22,156', '01:30:24,075']",[' Give me a real fight!\n']
308,"['01:30:36,003', '01:30:37,129']",[' Sir?\n']
309,"['01:30:45,054', '01:30:48,516']",[' It has to be me.\n You have to take me back there.\n']
310,"['01:30:50,559', '01:30:51,852']",[' You think you can control it?\n']
311,"['01:30:55,147', '01:30:56,607']","["" And what if you can't?\n""]"
312,"['01:31:00,403', '01:31:01,737']",[' All of us.\n']
313,"['01:31:08,911', '01:31:11,414']","[' - Land us near it.\n - No, no. No, keep us high.\n']"
314,"['01:31:20,089', '01:31:24,969']","[' Bruce! Bruce, stop!\n Stop! What are you doing?\n']"
315,"['01:31:30,766', '01:31:33,978']","["" You don't have to do this!\n Please, this is insane!\n""]"
316,"['01:31:37,982', '01:31:39,316']","["" I'm sorry.\n""]"
317,"['01:32:07,636', '01:32:10,473']","[' - Get her in here!\n - Come on, miss.\n']"
318,"['01:32:49,011', '01:32:50,554']",[' Hulk!\n']
319,"['01:33:41,313', '01:33:42,565']",[' Come on!\n']
320,"['01:34:30,488', '01:34:33,282']","[' Use that thing, soldier! Give him some help!\n']"
321,"['01:34:34,700', '01:34:37,036']","[' Help the green one, damn it!\n Which one do you think?\n']"
322,"['01:34:41,624', '01:34:42,792']",[' Ross!\n']
323,"['01:35:37,513', '01:35:40,516']","[' - Look, I got to put it down!\n - Hang on!\n']"
324,"['01:36:51,504', '01:36:54,006']",[' Are you hurt? Let me help you.\n']
325,"['01:37:51,480', '01:37:58,154']","["" You don't deserve this power!\n Now watch her die!\n""]"
326,"['01:39:21,362', '01:39:22,613']",[' General?\n']
327,"['01:39:34,250', '01:39:37,670']",[' Hulk smash!\n']
328,"['01:41:47,550', '01:41:48,884']","["" It's okay.\n""]"
329,"['01:44:28,711', '01:44:30,046']",[' Reload.\n']
330,"['01:44:54,820', '01:44:57,990']",[' The smell of stale beer and defeat.\n']
331,"['01:44:59,909', '01:45:04,330']",[' but that Super Soldier programme\n was put on ice for a reason.\n']
332,"['01:45:07,500', '01:45:09,794']",[' - Stark.\n - General.\n']
333,"['01:45:15,591', '01:45:16,926']",[' Touché.\n']
334,"['01:45:21,639', '01:45:23,140']",[' You should listen.\n']
335,[],[]
