,time,content
0,"['00:00:01,002', '00:00:05,002']",[' <font color=#FF7140#><i><b>Marvel Comics</i></b></font>\n']
1,"['00:01:28,671', '00:01:30,714']",[' This is crazy. What did I do?\n']
2,"['00:01:32,342', '00:01:34,760']","["" What, you're not allowed to talk?\n Hey, Forrest!\n""]"
3,"['00:01:36,137', '00:01:39,932']","["" - Oh, I see. So it's personal?\n - No, you intimidate them.\n""]"
4,"['00:01:43,269', '00:01:45,729']","["" I mean, I'd apologize,\n but isn't that what we're going for here?\n""]"
5,"['00:01:48,691', '00:01:50,442']","[' You have, actually,\n excellent bone structure, there.\n']"
6,"['00:01:53,363', '00:01:56,198']","["" Is that weird? Come on, it's okay, laugh.\n""]"
7,"['00:01:59,160', '00:02:02,830']","["" Is it true you went 12 for 12\n with last year's Maxim cover models?\n""]"
8,"['00:02:05,166', '00:02:06,625']","[' March and I had a scheduling conflict,\n']"
9,"['00:02:09,712', '00:02:12,589']","["" Anything else? You're kidding me\n with the hand up, right?\n""]"
10,"['00:02:20,140', '00:02:21,473']",[' All right.\n']
11,"['00:02:23,726', '00:02:25,310']","[' Please, no gang signs.\n']"
12,"['00:02:27,063', '00:02:30,065']","["" Yeah, peace. I love peace.\n I'd be out of a job with peace.\n""]"
13,"['00:02:39,826', '00:02:41,869']","["" - What's going on?\n - Contact left!\n""]"
14,"['00:02:44,914', '00:02:46,999']","[' Jimmy, stay with Stark!\n']"
15,"['00:02:54,465', '00:02:56,008']",[' Son of a bitch!\n']
16,"['00:03:29,709', '00:03:31,084']",[' Whoa!\n']
17,"['00:04:23,346', '00:04:25,764']",[' Visionary. Genius.\n']
18,"['00:04:28,559', '00:04:29,726']","[' Even from an early age,\n']"
19,"['00:04:32,355', '00:04:35,899']",[' quickly stole the spotlight\n with his brilliant and unique mind.\n']
20,"['00:04:39,529', '00:04:41,697']","[' At age six, his first engine.\n']"
21,"['00:04:47,161', '00:04:49,538']","[' Then, the passing of a titan.\n']"
22,"['00:04:54,127', '00:04:57,546']","[' steps in to help fill the gap\n left by the legendary founder,\n']"
23,"['00:05:01,175', '00:05:04,553']",[' and is anointed the new CEO\n of Stark Industries.\n']
24,"['00:05:06,055', '00:05:08,849']","["" Tony ushers in a new era\n for his father's legacy,\n""]"
25,"['00:05:13,062', '00:05:16,940']","[' Today, Tony Stark has changed\n the face of the weapons industry\n']"
26,"['00:05:19,902', '00:05:22,487']",[' and her interests around the globe.\n']
27,"['00:05:33,750', '00:05:37,502']","["" I've had the unique privilege\n of serving with a real patriot.\n""]"
28,"['00:05:41,799', '00:05:44,009']","[' Ladies and gentlemen, it is my honor\n']"
29,"['00:05:55,646', '00:05:56,938']",[' Tony?\n']
30,"['00:06:11,913', '00:06:15,582']",[' This is beautiful. Thank you.\n Thank you all very much.\n']
31,"['00:06:19,003', '00:06:21,004']","["" Well, I'm not Tony Stark.\n""]"
32,"['00:06:28,346', '00:06:33,100']",[' and what a joy it is\n to receive this very prestigious award.\n']
33,"['00:06:35,019', '00:06:38,939']",[' The best thing about Tony\n is also the worst thing.\n']
34,"['00:06:42,527', '00:06:45,946']",[' Work it! Come on!\n']
35,"['00:06:53,121', '00:06:56,415']","[' - Oh, no! Did they rope you into this?\n - Nobody roped me into anything!\n']"
36,"['00:06:57,542', '00:07:00,419']","["" if I presented you with an award,\n you'd be deeply honored.\n""]"
37,"['00:07:02,505', '00:07:04,214']","["" - So when do we do it?\n - It's right here.\n""]"
38,"['00:07:06,509', '00:07:07,884']","["" - I'm so sorry.\n - Yeah, it's okay.\n""]"
39,"['00:07:10,346', '00:07:11,930']","["" I don't have any of those\n floating around.\n""]"
40,"['00:07:15,226', '00:07:17,352']","[' Give me a hand, will you?\n Give me a little something-something.\n']"
41,"['00:07:18,646', '00:07:20,522']","["" - I don't blow on a man's dice.\n - Come on, honey bear.\n""]"
42,"['00:07:23,192', '00:07:24,443']",[' Two craps. Line away.\n']
43,"['00:07:26,446', '00:07:27,863']","["" I think we're gonna be fine.\n Color me up, will you?\n""]"
44,"['00:07:29,532', '00:07:30,490']","["" Tomorrow, don't be late.\n""]"
45,"['00:07:31,909', '00:07:33,201']","[' I know, I know.\n']"
46,"['00:07:41,210', '00:07:43,503']","[' Mr. Stark! Excuse me, Mr. Stark!\n']"
47,"['00:07:46,174', '00:07:47,257']",[' Can I ask you a couple of questions?\n']
48,"['00:07:48,968', '00:07:49,968']",[' - Hi.\n - Hi.\n']
49,"['00:07:52,054', '00:07:53,889']","["" You've been called\n the da Vinci of our time.\n""]"
50,"['00:07:56,893', '00:07:58,477']",[' And what do you say\n to your other nickname?\n']
51,"['00:07:59,854', '00:08:01,396']","["" That's not bad.\n""]"
52,"['00:08:05,526', '00:08:07,903']","[' Well, Ms. Brown,\n']"
53,"['00:08:10,531', '00:08:13,241']","[' I guarantee you, the day weapons are\n no longer needed to keep the peace,\n']"
54,"['00:08:15,578', '00:08:16,661']",[' Rehearse that much?\n']
55,"['00:08:18,498', '00:08:20,832']","["" - I can see that.\n - I'd like to show you first-hand.\n""]"
56,"['00:08:23,252', '00:08:25,504']","["" Okay, here's serious.\n My old man had a philosophy,\n""]"
57,"['00:08:28,090', '00:08:30,342']","["" That's a great line\n coming from the guy selling the sticks.\n""]"
58,"['00:08:33,304', '00:08:35,889']","[' A lot of people,\n including your professors at Brown,\n']"
59,"['00:08:37,266', '00:08:39,434']",[' And a lot of people\n would also call that war profiteering.\n']
60,"['00:08:41,771', '00:08:43,522']",[' by advancing medical technology\n']
61,"['00:08:46,025', '00:08:49,277']","[' All those breakthroughs,\n military funding, honey.\n']"
62,"['00:08:52,865', '00:08:54,783']","["" I'd be prepared to lose a few with you.\n""]"
63,"['00:09:10,716', '00:09:14,386']",[' The weather in Malibu\n is 72 degrees with scattered clouds.\n']
64,"['00:09:17,974', '00:09:20,433']",[' High tide will be at 10:52 a.m.\n']
65,"['00:09:40,162', '00:09:41,496']","[' Hey, Tony?\n']"
66,"['00:10:05,688', '00:10:08,398']","["" - Jesus.\n - That's Jarvis. He runs the house.\n""]"
67,"['00:10:11,611', '00:10:13,361']","["" and there's a car waiting for you outside\n""]"
68,"['00:10:16,073', '00:10:19,576']",[' - You must be the famous Pepper Potts.\n - Indeed I am.\n']
69,"['00:10:25,166', '00:10:28,501']","[' I do anything and everything\n that Mr. Stark requires,\n']"
70,"['00:10:31,464', '00:10:32,547']",[' Will that be all?\n']
71,"['00:10:51,192', '00:10:54,444']",[' The compression in cylinder three\n appears to be low.\n']
72,"['00:10:59,825', '00:11:01,910']","["" - I'm gonna try again, right now.\n - Please don't turn down my music.\n""]"
73,"['00:11:03,079', '00:11:04,829']",[' You are supposed to be\n halfway around the world right now.\n']
74,"['00:11:07,541', '00:11:08,917']",[' Why are you trying to hustle me\n out of here?\n']
75,"['00:11:10,795', '00:11:12,921']","["" That's funny, I thought with it being\n my plane and all,\n""]"
76,"['00:11:14,632', '00:11:16,383']","[' Tony, I need to speak to you\n about a couple things\n']"
77,"['00:11:17,635', '00:11:19,886']","["" Doesn't it kind of defeat the whole\n purpose of having your own plane\n""]"
78,"['00:11:21,263', '00:11:24,641']","["" Larry called. He's got another buyer\n for the Jackson Pollock in the wings.\n""]"
79,"['00:11:26,435', '00:11:28,520']",[' Is it a good representation\n of his spring period?\n']
80,"['00:11:31,899', '00:11:33,149']","[' where he lived and worked,\n']"
81,"['00:11:34,819', '00:11:39,197']","["" I think it's a fair example.\n I think it's incredibly overpriced.\n""]"
82,"['00:11:43,411', '00:11:45,995']",[' Okay.\n The MIT commencement speech...\n']
83,"['00:11:48,958', '00:11:51,376']","["" They're haranguing me,\n so I'm gonna say yes.\n""]"
84,"['00:11:53,045', '00:11:54,379']",[' I need you to sign this\n before you get on the plane.\n']
85,"['00:11:56,465', '00:11:59,008']","["" - As a matter of fact, I do.\n - I don't like it when you have plans.\n""]"
86,"['00:12:01,220', '00:12:02,721']","["" - It's your birthday?\n - Yes.\n""]"
87,"['00:12:04,348', '00:12:07,934']","["" Yeah. Isn't that strange?\n It's the same day as last year.\n""]"
88,"['00:12:11,480', '00:12:13,940']",[' - And?\n - It was very nice.\n']
89,"['00:12:18,154', '00:12:20,280']","["" You're welcome, Miss Potts.\n""]"
90,"['00:12:42,845', '00:12:46,431']","["" You're good.\n I thought I lost you back there.\n""]"
91,"['00:12:51,353', '00:12:52,645']",[' I got you. I got you.\n']
92,"['00:12:54,231', '00:12:55,774']",[' - What?\n - Three hours.\n']
93,"['00:12:58,068', '00:13:00,069']",[' For three hours. For three hours\n you got me standing here.\n']
94,"['00:13:03,324', '00:13:05,325']",[' Wheels up! Rock and roll!\n']
95,"['00:13:16,045', '00:13:18,254']","["" Come on, sour patch. Don't be mad.\n""]"
96,"['00:13:21,133', '00:13:22,592']","[' - I said I was sorry.\n - Good morning, Mr. Stark.\n']"
97,"['00:13:23,886', '00:13:24,928']","[' Hi. I told him I was sorry, but he...\n']"
98,"['00:13:26,472', '00:13:27,680']","["" You don't respect yourself,\n""]"
99,"['00:13:29,225', '00:13:30,558']","["" I'm just your babysitter.\n""]"
100,"['00:13:33,229', '00:13:35,438']","["" Let me know\n and I'll get you a bottle, okay?\n""]"
101,"['00:13:37,233', '00:13:38,650']","["" - Thanks for reminding me.\n - No, I'm not talking...\n""]"
102,"['00:13:40,569', '00:13:42,987']","["" - You can't have sashimi without sake.\n - You are constitutionally\n""]"
103,"['00:13:44,740', '00:13:47,283']","["" It would be irresponsible not to drink.\n I'm just talking about a nightcap.\n""]"
104,"['00:13:48,494', '00:13:51,830']","["" - Yes, two, please.\n - No. I'm not drinking. I don't want any.\n""]"
105,"['00:13:53,332', '00:13:56,376']","["" When I get up in the morning\n and I'm putting on my uniform,\n""]"
106,"['00:13:58,337', '00:14:03,550']","["" I see in that mirror that every person\n that's got this uniform on got my back!\n""]"
107,"['00:14:06,428', '00:14:09,514']","["" No, no. You don't have to be like me!\n But you're more than what you are.\n""]"
108,"['00:14:11,517', '00:14:14,602']","["" No! You can't be distracted right now!\n Listen to me!\n""]"
109,"['00:14:32,329', '00:14:35,915']","[' Welcome, Mr. Stark. We look forward\n to your weapons presentation.\n']"
110,"['00:14:38,919', '00:14:41,796']",[' Is it better to be feared or respected?\n']
111,"['00:14:45,968', '00:14:48,887']","[' With that in mind,\n I humbly present the crown jewel\n']"
112,"['00:14:50,848', '00:14:51,890']","["" It's the first missile system\n""]"
113,"['00:14:54,935', '00:14:58,897']",[' They say the best weapon\n is one you never have to fire.\n']
114,"['00:15:01,025', '00:15:05,069']",[' I prefer the weapon\n you only have to fire once.\n']
115,"['00:15:09,325', '00:15:11,451']","["" And it's worked out pretty well so far.\n""]"
116,"['00:15:12,953', '00:15:16,247']","[' to let one of these off the chain,\n and I personally guarantee you\n']"
117,"['00:15:38,354', '00:15:42,148']","[' For your consideration, the Jericho.\n']"
118,"['00:15:54,828', '00:15:56,829']",[' with every purchase\n of 500 million or more.\n']
119,"['00:15:59,708', '00:16:01,751']","[' - Tony.\n - Obie, what are you doing up?\n']"
120,"['00:16:04,380', '00:16:06,214']","["" It went great. Looks like it's gonna be\n an early Christmas.\n""]"
121,"['00:16:10,260', '00:16:11,719']","["" Why aren't you wearing those pajamas\n I got you?\n""]"
122,"['00:16:14,807', '00:16:17,266']","[' - Hey, Tony.\n - I\'m sorry, this is the ""fun-vee.""\n']"
123,"['00:16:19,395', '00:16:22,105']",[' - Nice job.\n - See you back at base.\n']
124,"['00:18:07,836', '00:18:09,629']",[' What the hell did you do to me?\n']
125,"['00:18:13,258', '00:18:15,051']",[' What I did is to save your life.\n']
126,"['00:18:19,014', '00:18:20,848']","["" and it's headed into your atrial septum.\n""]"
127,"['00:18:24,019', '00:18:26,854']",[' I have a souvenir. Take a look.\n']
128,"['00:18:31,819', '00:18:34,237']",[' We call them the walking dead\n']
129,"['00:18:37,574', '00:18:40,368']","[' - What is this?\n - That is an electromagnet,\n']"
130,"['00:18:43,372', '00:18:46,290']","["" and it's keeping the shrapnel\n from entering your heart.\n""]"
131,"['00:18:58,345', '00:19:02,473']","[' We met once, you know,\n at a technical conference in Bern.\n']"
132,"['00:19:05,894', '00:19:08,980']","["" If I had been that drunk,\n I wouldn't have been able to stand,\n""]"
133,"['00:19:12,317', '00:19:13,651']",[' Where are we?\n']
134,"['00:19:18,448', '00:19:20,491']",[' Just do as I do.\n']
135,"['00:19:24,997', '00:19:26,455']",[' Those are my guns.\n How did they get my guns?\n']
136,"['00:19:49,396', '00:19:53,608']","[' He says, ""Welcome, Tony Stark,\n the most famous mass murderer\n']"
137,"['00:19:58,947', '00:20:00,489']",[' He is honored.\n']
138,"['00:20:06,163', '00:20:08,497']",[' The Jericho missile\n that you demonstrated.\n']
139,"['00:20:18,300', '00:20:19,300']",[' I refuse.\n']
140,"['00:21:21,113', '00:21:23,447']",[' He wants to know what you think.\n']
141,"['00:21:35,168', '00:21:39,297']",[' He says they have everything you need\n to build the Jericho missile.\n']
142,"['00:21:45,262', '00:21:47,888']","[' He says for you\n to start working immediately,\n']"
143,"['00:21:54,730', '00:21:57,273']","["" - No, he won't.\n - No, he won't.\n""]"
144,"['00:22:13,540', '00:22:16,625']",[' But they will never find you\n in these mountains.\n']
145,"['00:22:22,799', '00:22:24,925']","[' that is your legacy, Stark.\n']"
146,"['00:22:29,973', '00:22:32,266']",[' Is that how you want to go out?\n']
147,"['00:22:38,482', '00:22:40,066']",[' Or are you going to\n do something about it?\n']
148,"['00:22:45,364', '00:22:48,616']","["" And if they don't,\n I'll probably be dead in a week.\n""]"
149,"['00:22:50,660', '00:22:53,788']","["" this is a very important week for you,\n isn't it?\n""]"
150,"['00:23:00,337', '00:23:03,381']","["" I need welding gear.\n I don't care if it's acetylene or propane.\n""]"
151,"['00:23:05,717', '00:23:08,761']",[' I would like a smelting cup.\n I need two sets of precision tools.\n']
152,"['00:23:24,653', '00:23:27,363']","[' But apparently,\n not enough for this place.\n']"
153,"['00:23:29,574', '00:23:32,993']","[' Dari, Pashto, Mongolian,\n Farsi, Russian.\n']"
154,"['00:23:39,126', '00:23:41,168']",[' They call themselves the Ten Rings.\n']
155,"['00:23:52,097', '00:23:54,890']",[' if you include me\n in the planning process.\n']
156,"['00:24:07,654', '00:24:09,113']",[' What is that?\n']
157,"['00:24:13,577', '00:24:17,037']","["" We need at least 1.6, so why don't\n you go break down the other 11?\n""]"
158,"['00:24:22,169', '00:24:23,544']",[' Working.\n']
159,"['00:24:36,641', '00:24:39,351']",[' Relax. I have steady hands.\n']
160,"['00:24:49,112', '00:24:52,490']",[' - What do I call you?\n - My name is Yinsen.\n']
161,"['00:24:56,244', '00:24:58,120']","[' Nice to meet you, too.\n']"
162,"['00:25:40,789', '00:25:43,999']","["" That's because\n it's a miniaturized arc reactor.\n""]"
163,"['00:25:47,462', '00:25:50,214']",[' It should keep the shrapnel\n out of my heart.\n']
164,"['00:25:52,050', '00:25:56,637']","[' If my math is right, and it always is,\n three gigajoules per second.\n']"
165,"['00:25:59,641', '00:26:02,726']",[' Yeah. Or something big for 15 minutes.\n']
166,"['00:26:16,575', '00:26:18,158']",[' Flatten them out and look.\n']
167,"['00:26:24,791', '00:26:26,375']",[' Impressive.\n']
168,"['00:26:54,446', '00:26:57,114']",[' Good roll. Good roll.\n']
169,"['00:26:59,868', '00:27:02,703']","["" I'm from a small town called Gulmira.\n""]"
170,"['00:27:06,541', '00:27:10,919']","[' Yes, and I will see them\n when I leave here.\n']"
171,"['00:27:17,427', '00:27:19,637']",[' - No.\n - No?\n']
172,"['00:27:24,726', '00:27:26,060']",[' and nothing.\n']
173,"['00:28:14,859', '00:28:16,443']","["" Maybe it's been modified.\n""]"
174,"['00:28:17,654', '00:28:18,654']","["" It's just backwards.\n""]"
175,"['00:29:14,753', '00:29:16,962']",[' The bow and arrow\n']
176,"['00:29:22,510', '00:29:24,887']",[' It allowed the great Genghis Khan\n']
177,"['00:29:29,267', '00:29:33,020']",[' An empire twice the size\n of Alexander the Great\n']
178,"['00:29:41,321', '00:29:42,654']","[' But today,\n']"
179,"['00:29:47,911', '00:29:49,787']",[' rules these lands.\n']
180,"['00:29:56,461', '00:29:58,212']",[' it will be my turn.\n']
181,"['00:30:13,728', '00:30:15,395']","["" We're working.\n""]"
182,"['00:30:17,315', '00:30:19,066']",[' I let you live.\n']
183,"['00:30:23,947', '00:30:26,281']","["" It's very complex.\n""]"
184,"['00:30:29,369', '00:30:30,410']",[' On his knees.\n']
185,"['00:30:37,544', '00:30:38,794']","["" I'll get the truth.\n""]"
186,"['00:30:48,346', '00:30:49,471']",[' Open your mouth.\n']
187,"['00:30:51,099', '00:30:53,225']","["" You think I'm a fool?\n""]"
188,"['00:30:59,107', '00:31:01,608']",[' Tell me the truth.\n']
189,"['00:31:06,322', '00:31:08,782']",[' What do you want? A delivery date?\n']
190,"['00:31:19,544', '00:31:21,086']",[' Good assistant.\n']
191,"['00:32:34,661', '00:32:37,037']",[' Okay? Can you move?\n']
192,"['00:32:39,457', '00:32:41,959']","[' 41 steps straight ahead. Then 16 steps,\n']"
193,"['00:32:53,137', '00:32:54,471']",[' Where is Stark?\n']
194,"['00:32:56,849', '00:32:57,933']",[' Go look for him.\n']
195,"['00:33:16,744', '00:33:18,370']",[' Say something.\n Say something back to him.\n']
196,"['00:33:20,915', '00:33:23,417']",[' - Okay. I know.\n - What do you know?\n']
197,"['00:33:49,235', '00:33:50,861']","["" - It worked all right.\n - That's what I do.\n""]"
198,"['00:33:53,948', '00:33:54,948']",[' Okay.\n']
199,"['00:33:57,285', '00:34:00,912']",[' Function 11.\n Tell me when you see a progress bar.\n']
200,"['00:34:02,623', '00:34:03,749']",[' Talk to me. Tell me when you see it.\n']
201,"['00:34:05,460', '00:34:07,878']","[' - ""I."" Got it.\n - ""I."" ""Enter."" ""l"" and ""Enter.""\n']"
202,"['00:34:12,759', '00:34:13,925']",[' Okay. All right.\n']
203,"['00:34:15,428', '00:34:17,554']","["" - They're coming!\n - Nothing pretty, just get it done.\n""]"
204,"['00:34:21,476', '00:34:23,727']","[' Make sure the checkpoints are clear\n before you follow me out, okay?\n']"
205,"['00:34:26,773', '00:34:27,773']","[' Hey,\n']"
206,"['00:34:32,570', '00:34:33,987']",[' Stick to the plan!\n']
207,"['00:37:29,830', '00:37:32,290']",[' - Yinsen!\n - Watch out!\n']
208,"['00:37:49,850', '00:37:51,935']",[' Come on. We got to go.\n']
209,"['00:37:55,648', '00:37:57,565']","[' This was always the plan, Stark.\n']"
210,"['00:38:01,696', '00:38:03,613']",[' My family is dead.\n']
211,"['00:38:09,161', '00:38:10,578']","["" It's okay.\n""]"
212,"['00:38:21,674', '00:38:23,591']",[' Thank you for saving me.\n']
213,"['00:39:08,095', '00:39:09,095']",[' My turn.\n']
214,"['00:41:25,691', '00:41:27,025']",[' Hey!\n']
215,"['00:41:53,802', '00:41:56,221']","[' Next time, you ride with me, okay?\n']"
216,"['00:42:31,006', '00:42:34,133']",[' Are you kidding me with this?\n Get rid of them.\n']
217,"['00:42:45,854', '00:42:50,483']","["" - Tears of joy. I hate job hunting.\n - Yeah, vacation's over.\n""]"
218,"['00:42:53,404', '00:42:55,029']","[' - Take us to the hospital, please, Happy.\n - No.\n']"
219,"['00:42:56,282', '00:42:57,282']",[' - go to the hospital.\n - No is a complete answer.\n']
220,"['00:42:59,201', '00:43:00,868']","["" I've been in captivity for three months.\n""]"
221,"['00:43:04,790', '00:43:05,748']","["" - and the other...\n - That's enough of that.\n""]"
222,"['00:43:08,335', '00:43:09,586']",[' - Call for a press conference?\n - Yeah.\n']
223,"['00:43:24,685', '00:43:26,436']",[' Look at this!\n']
224,"['00:43:31,859', '00:43:34,694']","["" - We were going to meet at the hospital.\n - No, I'm fine.\n""]"
225,"['00:43:36,947', '00:43:39,324']","[' - You had to have a burger, yeah?\n - Well, come on.\n']"
226,"['00:43:44,872', '00:43:47,665']","["" Hey, look who's here! Yeah!\n""]"
227,"['00:43:54,590', '00:43:55,840']",[' Can I speak to you for a moment?\n']
228,"['00:43:59,637', '00:44:00,970']","["" I'm not a reporter.\n""]"
229,"['00:44:02,556', '00:44:04,307']","[' with the Strategic Homeland\n Intervention, Enforcement\n']"
230,"['00:44:06,060', '00:44:08,811']","["" - That's quite a mouthful.\n - I know. We're working on it.\n""]"
231,"['00:44:13,400', '00:44:17,070']","["" We're a separate division\n with a more specific focus.\n""]"
232,"['00:44:20,908', '00:44:24,202']","["" - I'll put something in the book, shall I?\n - Thank you.\n""]"
233,"['00:44:31,669', '00:44:35,088']","["" Why don't you just sit down?\n That way you can see me, and I can...\n""]"
234,"['00:44:42,221', '00:44:44,931']","["" - What's up with the love-in?\n - Don't look at me.\n""]"
235,"['00:44:47,142', '00:44:49,560']",[' - Good to see you.\n - Good to see you.\n']
236,"['00:44:52,314', '00:44:55,066']",[' I never got to say goodbye to my father.\n']
237,"['00:45:00,239', '00:45:03,282']",[' I would have asked him how he felt\n about what this company did.\n']
238,"['00:45:08,580', '00:45:12,875']",[' Or maybe he was every inch the man\n we all remember from the newsreels.\n']
239,"['00:45:20,217', '00:45:24,262']",[' by the very weapons I created\n to defend them and protect them.\n']
240,"['00:45:28,267', '00:45:33,062']",[' that I had become part of a system that\n is comfortable with zero accountability.\n']
241,"['00:45:35,858', '00:45:37,859']",[' What happened over there?\n']
242,"['00:45:42,489', '00:45:46,868']",[' to offer this world\n than just making things that blow up.\n']
243,"['00:45:50,497', '00:45:54,167']",[' the weapons manufacturing division\n of Stark International\n']
244,"['00:45:58,338', '00:45:59,922']","["" I think we're gonna be selling\n a lot of newspapers.\n""]"
245,"['00:46:01,842', '00:46:05,887']","[' and is consistent with the highest good\n for this country, as well.\n']"
246,"['00:46:12,478', '00:46:14,812']","["" And he's healthier than ever.\n""]"
247,"['00:46:18,358', '00:46:20,777']","["" and we'll get back to you\n with the follow-up.\n""]"
248,"['00:46:36,168', '00:46:38,961']","[' Well, that... That went well.\n']"
249,"['00:46:41,548', '00:46:43,883']",[' Your head? What about my head?\n']
250,"['00:46:47,137', '00:46:50,181']","[' - Optimistically, 40 points.\n - At minimum.\n']"
251,"['00:46:51,892', '00:46:55,144']","["" Tony, we're a weapons manufacturer.\n""]"
252,"['00:46:57,981', '00:47:00,608']","["" That's what we do. We're iron mongers.\n We make weapons.\n""]"
253,"['00:47:01,902', '00:47:04,529']",[' And what we do\n keeps the world from falling into chaos.\n']
254,"['00:47:07,825', '00:47:08,825']","["" We're not doing a good enough job.\n""]"
255,"['00:47:10,244', '00:47:13,120']",[' Like what?\n You want us to make baby bottles?\n']
256,"['00:47:17,459', '00:47:21,796']","["" Come on.\n The arc reactor, that's a publicity stunt!\n""]"
257,"['00:47:25,342', '00:47:28,469']","[' - It works.\n - Yeah, as a science project.\n']"
258,"['00:47:32,307', '00:47:35,476']","["" Arc reactor technology,\n that's a dead end, right?\n""]"
259,"['00:47:37,145', '00:47:39,730']","["" Am I right? We haven't had\n a breakthrough in that in what?\n""]"
260,"['00:47:44,987', '00:47:47,196']","[' Could you have a lousier poker face?\n Just tell me, who told you?\n']"
261,"['00:47:50,617', '00:47:52,952']","[' - I want to see it.\n - Okay, Rhodey.\n']"
262,"['00:48:06,133', '00:48:07,383']",[' It works.\n']
263,"['00:48:15,684', '00:48:18,936']","["" There's nothing we can't do\n if we stick together,\n""]"
264,"['00:48:20,522', '00:48:22,315']","["" I'm sorry I didn't give you\n a heads-up, okay?\n""]"
265,"['00:48:24,067', '00:48:27,069']","[' Tony, no more of this\n ""ready, fire, aim"" business.\n']"
266,"['00:48:30,490', '00:48:32,658']",[' You gotta let me handle this.\n']
267,"['00:48:35,245', '00:48:37,079']","["" We're going to have\n to take a lot of heat.\n""]"
268,"['00:48:40,667', '00:48:42,418']",[' Stark Industries!\n']
269,"['00:48:45,464', '00:48:46,631']","[' Sell, sell, sell!\n']"
270,"['00:48:48,884', '00:48:52,261']",[' Does the Hindenburg ring any bells?\n']
271,"['00:49:00,187', '00:49:04,148']","["" Look, that's a weapons company\n that doesn't make weapons!\n""]"
272,"['00:49:08,028', '00:49:10,237']",[' - What?\n - How big are your hands?\n']
273,"['00:49:20,582', '00:49:21,666']",[' Hey.\n']
274,"['00:49:26,296', '00:49:27,296']","["" Let's see them.\n""]"
275,"['00:49:30,676', '00:49:33,219']",[' I just need your help for a sec.\n']
276,"['00:49:36,264', '00:49:38,849']",[' It was. It is now an antique.\n']
277,"['00:49:42,521', '00:49:47,149']","["" I'm swapping it up for an upgraded unit,\n and I just ran into a little speed bump.\n""]"
278,"['00:49:50,237', '00:49:53,614']","["" There's an exposed wire\n under this device.\n""]"
279,"['00:49:56,910', '00:49:58,577']","["" It's fine.\n""]"
280,"['00:50:01,456', '00:50:03,249']","[' - That is irrelevant.\n - Oh, my God!\n']"
281,"['00:50:08,422', '00:50:10,506']","[' - Is it safe?\n - Yeah, it should be fine.\n']"
282,"['00:50:12,300', '00:50:13,676']","[' the socket wall or it goes ""beep.""\n']"
283,"['00:50:16,304', '00:50:20,349']",[' - Just gently lift the wire. Okay? Great.\n - Okay.\n']
284,"['00:50:24,771', '00:50:28,816']","["" No, you're fine.\n You're the most capable, qualified,\n""]"
285,"['00:50:33,697', '00:50:35,656']","["" Is it too much of a problem to ask?\n 'Cause I'm...\n""]"
286,"['00:50:38,493', '00:50:39,618']",[' Okay.\n']
287,"['00:50:45,625', '00:50:50,254']","["" It's not pus. It's an inorganic\n plasmic discharge from the device,\n""]"
288,"['00:50:52,340', '00:50:53,883']","[' Yeah, it does.\n']"
289,"['00:50:57,012', '00:50:58,137']","[' - Okay, I got it! I got it!\n - Okay, you got it?\n']"
290,"['00:51:01,224', '00:51:02,224']","["" I'm sorry. I'm sorry.\n""]"
291,"['00:51:03,727', '00:51:05,895']","["" Okay, now make sure\n that when you pull it out, you don't...\n""]"
292,"['00:51:08,982', '00:51:10,149']","[' - Oh, God!\n - Okay, I was not expecting...\n']"
293,"['00:51:12,486', '00:51:13,486']","["" What's wrong?\n""]"
294,"['00:51:15,030', '00:51:16,322']","["" 'cause you yanked it out like a trout...\n""]"
295,"['00:51:19,242', '00:51:21,243']",[' - You gotta switch it out really quick.\n - Okay. Okay.\n']
296,"['00:51:23,455', '00:51:24,413']","["" - Is it?\n - It's gonna be okay.\n""]"
297,"['00:51:27,667', '00:51:31,837']","["" Okay, you're gonna attach that\n to the base plate. Make sure you...\n""]"
298,"['00:51:40,597', '00:51:41,639']",[' Nice.\n']
299,"['00:51:44,059', '00:51:45,351']",[' You okay?\n']
300,"['00:51:49,731', '00:51:52,733']",[' ever ask me to do\n anything like that ever again.\n']
301,"['00:52:00,575', '00:52:01,575']",[' Anyway...\n']
302,"['00:52:11,211', '00:52:12,545']",[' Destroy it.\n']
303,"['00:52:15,257', '00:52:16,882']","["" You don't want to keep it?\n""]"
304,"['00:52:21,680', '00:52:25,391']","[' - Will that be all, Mr. Stark?\n - That will be all, Miss Potts.\n']"
305,"['00:52:27,894', '00:52:29,812']","["" What's all this stuff\n doing on top of my desk?\n""]"
306,"['00:52:33,191', '00:52:36,110']",[' Right there. In the garbage.\n All that stuff.\n']
307,"['00:52:46,872', '00:52:48,998']","["" I'll tell you, in my experience,\n""]"
308,"['00:52:54,212', '00:52:55,462']","[' his insight,\n']"
309,"['00:52:58,633', '00:53:02,261']","["" and discern its outcome,\n or a pilot's judgment.\n""]"
310,"['00:53:05,432', '00:53:07,433']",[' Look who fell out of the sky.\n Mr. Tony Stark.\n']
311,"['00:53:09,519', '00:53:11,353']",[' you gotta get him to tell you\n about the time he guessed wrong\n']
312,"['00:53:14,149', '00:53:15,441']","["" - That lovely lady you woke up with.\n - Don't do that!\n""]"
313,"['00:53:16,985', '00:53:18,068']","["" - Was it Ivan?\n - Don't do that.\n""]"
314,"['00:53:19,487', '00:53:20,654']","["" - Okay.\n - Don't do that.\n""]"
315,"['00:53:26,620', '00:53:28,287']","["" - I'm surprised.\n - Why?\n""]"
316,"['00:53:31,249', '00:53:33,042']","["" I'm doing a little better than walking.\n""]"
317,"['00:53:35,295', '00:53:37,963']","["" Rhodey, I'm working on something big.\n""]"
318,"['00:53:42,302', '00:53:44,762']","["" You're about to make a whole\n lot of people around here real happy,\n""]"
319,"['00:53:47,933', '00:53:49,516']",[' that was a doozy.\n']
320,"['00:53:54,481', '00:53:57,149']","["" What? You're a humanitarian now\n or something?\n""]"
321,"['00:53:58,735', '00:54:02,655']",[' What you need is time\n to get your mind right.\n']
322,"['00:54:09,037', '00:54:11,205']","["" It's nice seeing you, Tony.\n""]"
323,"['00:54:20,715', '00:54:24,134']","[' - Jarvis, you up?\n - For you, sir, always.\n']"
324,"['00:54:29,474', '00:54:33,185']",[' Shall I store this on\n the Stark Industries Central Database?\n']
325,"['00:54:35,939', '00:54:38,774']","["" Till further notice, why don't we just\n keep everything on my private server?\n""]"
326,"['00:54:45,532', '00:54:48,617']","["" I don't want this winding up\n in the wrong hands.\n""]"
327,"['00:55:36,499', '00:55:39,251']",[' Next. Up.\n']
328,"['00:55:42,839', '00:55:44,923']",[' Stay put. Nice.\n']
329,"['00:55:51,056', '00:55:53,223']","["" Okay, I'm sorry, am I in your way?\n""]"
330,"['00:56:02,108', '00:56:03,942']","["" Screw it. Don't even move.\n""]"
331,"['00:56:16,956', '00:56:19,541']","["" Okay, let's do this right.\n""]"
332,"['00:56:25,799', '00:56:28,008']","["" Dummy, look alive.\n You're on standby for fire safety.\n""]"
333,"['00:56:31,846', '00:56:35,391']",[' Okay. Activate hand controls.\n']
334,"['00:56:40,980', '00:56:44,149']","["" We're gonna see if\n 10% thrust capacity achieves lift.\n""]"
335,"['00:56:46,444', '00:56:47,486']","[' two,\n']"
336,"['00:57:26,484', '00:57:28,777']","[' Up two. All right, set that.\n']"
337,"['00:57:31,364', '00:57:33,198']","["" Yeah, everything's... What?\n""]"
338,"['00:57:34,534', '00:57:36,535']","["" - What would you like me to tell him?\n - Great. I'll be right up.\n""]"
339,"['00:57:39,038', '00:57:40,831']",[' I thought you said\n you were done making weapons.\n']
340,"['00:57:42,417', '00:57:46,003']","["" This is a flight stabilizer.\n It's completely harmless.\n""]"
341,"['00:57:56,556', '00:57:57,973']","["" How'd it go?\n""]"
342,"['00:58:01,978', '00:58:04,646']",[' Just because I brought pizza\n back from New York\n']
343,"['00:58:08,693', '00:58:11,570']",[' It would have gone better\n if you were there.\n']
344,"['00:58:13,448', '00:58:17,993']","[' - I lay low, and you take care of all...\n - Hey, come on. In public. The press.\n']"
345,"['00:58:24,292', '00:58:26,752']",[' The board is claiming\n you have posttraumatic stress.\n']
346,"['00:58:28,046', '00:58:30,088']",[' - A what?\n - They want to lock you out.\n']
347,"['00:58:31,466', '00:58:32,466']",[' We knew that was gonna happen.\n']
348,"['00:58:34,719', '00:58:36,929']",[' We own the controlling interest\n in the company.\n']
349,"['00:58:40,642', '00:58:44,520']","["" They're making the case\n that you and your new direction\n""]"
350,"['00:58:46,940', '00:58:49,942']","["" That's a new direction for me,\n for the company.\n""]"
351,"['00:58:54,822', '00:58:55,864']",[' This is great.\n']
352,"['00:58:59,494', '00:59:01,703']","[' Hey, hey! Hey, Tony. Listen.\n']"
353,"['00:59:05,208', '00:59:06,792']",[' Something to pitch them.\n']
354,"['00:59:10,463', '00:59:12,589']","["" - No. No, absolutely not.\n - It'll give me a bone to throw the boys\n""]"
355,"['00:59:14,342', '00:59:17,177']","["" - That's it, Obie. Forget it.\n - All right, well, this stays with me, then.\n""]"
356,"['00:59:19,180', '00:59:20,681']",[' - Take two.\n - Thank you.\n']
357,"['00:59:22,725', '00:59:24,351']","[' Good night, Obie.\n']"
358,"['00:59:29,899', '00:59:32,568']","[' Dummy is still on fire safety.\n If you douse me again,\n']"
359,"['00:59:35,572', '00:59:37,406']","[' All right, nice and easy.\n']"
360,"['00:59:43,955', '00:59:46,039']","[' And three, two, one.\n']"
361,"['01:00:00,179', '01:00:01,805']","["" Please don't follow me around\n with it, either,\n""]"
362,"['01:00:04,392', '01:00:06,101']","[' Just stand down!\n If something happens, then come in.\n']"
363,"['01:00:08,521', '01:00:10,147']","[' Three, two, one.\n']"
364,"['01:00:29,375', '01:00:30,709']","[' Not the car, not the car!\n']"
365,"['01:00:44,140', '01:00:48,268']","["" Could be worse! Could be worse!\n We're fine! Okay.\n""]"
366,"['01:01:09,957', '01:01:11,625']","[' Yeah, I can fly.\n']"
367,"['01:01:19,425', '01:01:21,677']",[' - Engage Heads Up Display.\n - Check.\n']
368,"['01:01:23,888', '01:01:25,347']","[' Will do, sir.\n']"
369,"['01:01:33,398', '01:01:36,900']","["" I have indeed been uploaded, sir.\n We're online and ready.\n""]"
370,"['01:01:38,695', '01:01:41,697']",[' Importing preferences\n and calibrating virtual environment.\n']
371,"['01:01:43,157', '01:01:44,700']",[' As you wish.\n']
372,"['01:02:09,225', '01:02:12,144']",[' Yeah. Tell you what.\n Do a weather and ATC check.\n']
373,"['01:02:13,813', '01:02:14,896']","[' Sir, there are still terabytes\n']"
374,"['01:02:17,650', '01:02:21,570']",[' Jarvis! Sometimes you got to run\n before you can walk.\n']
375,"['01:02:49,265', '01:02:51,057']",[' Handles like a dream.\n']
376,"['01:03:20,838', '01:03:22,255']","["" What's SR-71 's record?\n""]"
377,"['01:03:26,552', '01:03:29,221']",[' Records are made to be broken!\n Come on!\n']
378,"['01:03:36,103', '01:03:37,229']",[' Keep going!\n']
379,"['01:03:54,455', '01:03:58,750']","[' We iced up, Jarvis!\n Deploy flaps! Jarvis!\n']"
380,"['01:04:39,125', '01:04:40,375']",[' Kill power.\n']
381,"['01:06:08,047', '01:06:12,467']","["" Hull pressurization is problematic.\n I'm thinking icing is the probable factor.\n""]"
382,"['01:06:14,887', '01:06:16,638']","[' Perhaps, if you intend\n to visit other planets,\n']"
383,"['01:06:18,265', '01:06:20,850']",[' Connect to the sys. Co.\n Have it reconfigure the shell metals.\n']
384,"['01:06:24,105', '01:06:27,983']",[' That should ensure a fuselage integrity\n while maintaining power-to-weight ratio.\n']
385,"['01:06:29,402', '01:06:31,736']",[' Shall I render\n using proposed specifications?\n']
386,"['01:06:34,573', '01:06:39,119']","["" Tonight's red-hot red carpet is right\n here at the Disney Concert Hall,\n""]"
387,"['01:06:43,541', '01:06:45,125']","["" has become the place to be\n for L.A.'s high society.\n""]"
388,"['01:06:46,544', '01:06:49,045']","[' I have no record of an invitation, sir.\n']"
389,"['01:06:50,673', '01:06:54,426']",[' since his bizarre and highly\n controversial press conference.\n']
390,"['01:06:57,346', '01:07:00,974']","[' and has been bedridden for weeks.\n Whatever the case may be,\n']"
391,"['01:07:04,270', '01:07:06,438']",[' The render is complete.\n']
392,"['01:07:08,274', '01:07:11,359']","["" What was I thinking?\n You're usually so discreet.\n""]"
393,"['01:07:15,698', '01:07:18,616']","[' Yes, that should help you\n keep a low profile.\n']"
394,"['01:07:24,123', '01:07:26,041']","[' Hey, I like it. Fabricate it. Paint it.\n']"
395,"['01:07:27,793', '01:07:30,962']",[' Estimated completion time is five hours.\n']
396,"['01:07:56,363', '01:08:00,116']",[' Weapons manufacturing is only\n one small part of what Stark Industries\n']
397,"['01:08:06,624', '01:08:09,167']","["" - Hey, Tony, remember me?\n - Sure don't.\n""]"
398,"['01:08:14,006', '01:08:15,298']","["" We're going to have a great quarter.\n""]"
399,"['01:08:19,220', '01:08:23,431']","[' Look at you. Hey, what a surprise.\n']"
400,"['01:08:25,851', '01:08:29,104']","[' Hey. Listen, take it slow, all right?\n']"
401,"['01:08:31,023', '01:08:34,609']","["" You got it. Just cabin fever.\n I'll just be a minute.\n""]"
402,"['01:08:43,369', '01:08:45,161']",[' - Yeah?\n - Agent Coulson.\n']
403,"['01:08:47,915', '01:08:51,251']","[' Strategic Homeland Intervention,\n Enforcement and Logistics Division.\n']"
404,"['01:08:53,045', '01:08:55,046']","[' Yeah, I hear that a lot.\n']"
405,"['01:08:59,718', '01:09:01,678']","["" There's still\n a lot of unanswered questions,\n""]"
406,"['01:09:03,722', '01:09:05,765']","["" Let's just put something on the books.\n""]"
407,"['01:09:09,562', '01:09:12,856']","["" Tell you what.\n You got it. You're absolutely right.\n""]"
408,"['01:09:18,737', '01:09:20,822']","["" You look fantastic!\n I didn't recognize you.\n""]"
409,"['01:09:23,242', '01:09:25,034']","["" - Are you by yourself?\n - Yes. Where'd you get that dress?\n""]"
410,"['01:09:27,037', '01:09:29,164']","[' - From you, actually.\n - Well, I got great taste.\n']"
411,"['01:09:30,583', '01:09:32,500']","[' - You want to dance?\n - Oh, no.\n']"
412,"['01:09:45,514', '01:09:47,765']",[' Am I making you uncomfortable?\n']
413,"['01:09:53,480', '01:09:57,317']",[' in front of everyone that I work with\n in a dress with no back.\n']
414,"['01:10:00,237', '01:10:02,113']",[' But I could fire you if that would\n take the edge off.\n']
415,"['01:10:05,951', '01:10:07,368']","["" - I'd make it a week. Sure.\n - Really?\n""]"
416,"['01:10:13,459', '01:10:15,210']",[' - Five.\n - Five?\n']
417,"['01:10:17,421', '01:10:19,756']","["" You're missing just\n a couple of digits there.\n""]"
418,"['01:10:35,648', '01:10:38,691']","[' - How about a little air?\n - Yes, I need some air.\n']"
419,"['01:10:42,655', '01:10:45,490']","[' It was totally not harmless, by the way.\n']"
420,"['01:10:47,034', '01:10:48,826']","[' Everybody who I work with...\n No, you know why?\n']"
421,"['01:10:52,164', '01:10:55,541']","["" No, it was not just a dance. You don't\n understand because you're you.\n""]"
422,"['01:10:58,504', '01:11:01,756']","[' and how you are with girls\n and all of that, which is completely fine.\n']"
423,"['01:11:04,301', '01:11:06,261']","["" - and I'm dancing with you.\n - I don't think it was taken that way.\n""]"
424,"['01:11:09,306', '01:11:11,224']","["" - I just think you're overstating it.\n - You know, and we're here,\n""]"
425,"['01:11:15,187', '01:11:17,939']","[' dress, and then we were dancing\n like that and...\n']"
426,"['01:11:36,166', '01:11:39,085']","[' - I would like a vodka martini, please.\n - Okay.\n']"
427,"['01:11:44,717', '01:11:47,802']","[' Two vodka martinis, extra dry,\n extra olives, extra fast.\n']"
428,"['01:11:54,685', '01:11:57,270']",[' Wow. Tony Stark.\n']
429,"['01:12:03,986', '01:12:04,986']",[' - Carrie.\n - Christine.\n']
430,"['01:12:06,155', '01:12:08,823']",[' You have a lot of nerve\n showing up here tonight.\n']
431,"['01:12:10,409', '01:12:12,827']",[' Panic. I would say panic is my reaction.\n']
432,"['01:12:14,371', '01:12:15,705']",[' involvement in this latest atrocity.\n']
433,"['01:12:18,417', '01:12:20,793']","[' I actually almost bought it,\n hook, line and sinker.\n']"
434,"['01:12:23,339', '01:12:25,673']",[' Is this what you call accountability?\n']
435,"['01:12:40,022', '01:12:42,440']",[' - When were these taken?\n - Yesterday.\n']
436,"['01:12:45,027', '01:12:46,986']","["" Well, I'm not my company.\n""]"
437,"['01:12:51,450', '01:12:52,784']","["" - What's going on in Gulmira?\n - Tony, Tony.\n""]"
438,"['01:12:56,288', '01:12:58,122']","[' when they said,\n ""Here\'s the line. We don\'t cross it.\n']"
439,"['01:12:59,666', '01:13:02,877']","["" If we're double-dealing under the table...\n Are we?\n""]"
440,"['01:13:07,674', '01:13:11,177']","["" Let's take a picture. Come on.\n Picture time!\n""]"
441,"['01:13:16,809', '01:13:20,103']",[' I was the one who filed\n the injunction against you.\n']
442,"['01:13:27,653', '01:13:28,861']",[' No. No.\n']
443,"['01:13:41,291', '01:13:45,002']","[' as a descent into hell,\n into a modern day Heart of Darkness.\n']"
444,"['01:13:48,173', '01:13:49,882']","[' have been driven from their homes,\n']"
445,"['01:13:54,513', '01:13:57,557']",[' Villagers have been forced to take\n shelter in whatever crude dwellings\n']
446,"['01:14:00,519', '01:14:04,355']",[' or here in the remnants\n of an old Soviet smelting plant.\n']
447,"['01:14:12,614', '01:14:15,366']",[' referred to by locals as the Ten Rings.\n']
448,"['01:14:19,037', '01:14:23,166']",[' A mission that could prove fatal\n to anyone who stands in their way.\n']
449,"['01:14:26,003', '01:14:28,463']","["" there's very little hope\n for these refugees.\n""]"
450,"['01:14:31,884', '01:14:33,676']","[' who was kidnapped by insurgents,\n']"
451,"['01:14:37,347', '01:14:39,974']","[' Desperate refugees clutch\n yellowed photographs,\n']"
452,"['01:14:42,728', '01:14:46,355']","[' A child\'s simple question,\n ""Where are my mother and father?""\n']"
453,"['01:14:50,444', '01:14:54,322']","[' refugees who can only wonder who,\n if anyone, will help.\n']"
454,"['01:16:28,542', '01:16:29,750']",[' Put the women in the trucks.\n']
455,"['01:16:30,961', '01:16:31,961']",[' Clear all the houses.\n']
456,"['01:16:41,888', '01:16:42,888']",[' Grab that dog.\n']
457,"['01:16:58,822', '01:17:00,197']",[' What the hell is this?\n']
458,"['01:17:13,879', '01:17:15,463']","["" You're all incompetent.\n""]"
459,"['01:18:26,576', '01:18:28,285']","["" He's all yours.\n""]"
460,"['01:19:29,181', '01:19:31,265']","[' No, they were using human shields.\n We never got the green light.\n']"
461,"['01:19:33,143', '01:19:34,810']",[' Get those monitors up!\n']
462,"['01:19:36,313', '01:19:38,439']","["" - Wasn't Air Force!\n - We got the CIA on the line?\n""]"
463,"['01:19:40,567', '01:19:42,234']","[' No, it definitely is not us, sir!\n']"
464,"['01:19:44,070', '01:19:46,572']",[' I need answers!\n Can I please get eyes on target?\n']
465,"['01:19:49,034', '01:19:51,660']",[' Get me Colonel Rhodes from\n Weapons Development down here now!\n']
466,"['01:20:00,295', '01:20:02,004']",[' with all known databases.\n We have nothing.\n']
467,"['01:20:04,382', '01:20:06,091']",[' We got an AWAC\n and a Global Hawk in the area.\n']
468,"['01:20:07,928', '01:20:09,303']","["" How come it didn't show up\n on the radar?\n""]"
469,"['01:20:11,431', '01:20:13,599']","["" - Is it stealth?\n - No, sir, it's tiny.\n""]"
470,"['01:20:16,144', '01:20:17,978']","[' Colonel, what are we dealing with here?\n']"
471,"['01:20:27,030', '01:20:28,823']",[' - Hello?\n - Tony?\n']
472,"['01:20:30,909', '01:20:32,993']","["" - Sorry, hello?\n - I said it's Rhodes.\n""]"
473,"['01:20:36,039', '01:20:39,500']","["" - Oh, yeah, I'm driving with the top down.\n - Yeah, well, I need your help right now.\n""]"
474,"['01:20:41,044', '01:20:44,421']","["" Yeah. Speaking of funny, we've got a\n weapons depot that was just blown up\n""]"
475,"['01:20:46,258', '01:20:47,883']","["" Well, that's a hot spot.\n""]"
476,"['01:20:50,554', '01:20:51,637']","[' Why do you sound out of breath, Tony?\n']"
477,"['01:20:53,014', '01:20:54,807']","[' - I thought you were driving.\n - Right, I was driving\n']"
478,"['01:20:56,768', '01:20:59,103']","["" You sure you don't have any tech\n in that area I should know about?\n""]"
479,"['01:21:00,772', '01:21:03,524']","["" - Whiplash, come in hot.\n - Okay, good, 'cause I'm staring at one\n""]"
480,"['01:21:07,696', '01:21:09,446']","["" That's my exit.\n""]"
481,"['01:21:17,789', '01:21:19,248']","[' Whiplash One, what is it?\n']"
482,"['01:21:20,750', '01:21:23,085']","[' - You have radio contact?\n - Non responsive, sir.\n']"
483,"['01:21:26,298', '01:21:27,298']",[' Hit it.\n']
484,"['01:21:39,144', '01:21:41,145']",[' - Inbound missile.\n - Flares!\n']
485,"['01:22:01,041', '01:22:02,291']",[' Deploy flaps!\n']
486,"['01:22:04,794', '01:22:06,378']","[' That thing just jumped off the radar, sir.\n']"
487,"['01:22:08,089', '01:22:09,757']","["" No way that's a UAV.\n""]"
488,"['01:22:11,092', '01:22:12,635']","["" I can't see anything.\n""]"
489,"['01:22:15,680', '01:22:18,307']","["" I think bogey's been handled, sir.\n""]"
490,"['01:22:29,444', '01:22:31,111']","["" - It's who?\n - I'm sorry, it is me.\n""]"
491,"['01:22:32,572', '01:22:34,073']","["" No, see, this isn't a game.\n""]"
492,"['01:22:37,535', '01:22:39,453']",[' - You understand that?\n - This is not a piece of equipment.\n']
493,"['01:22:42,457', '01:22:44,875']","[' Rhodey, you got anything for me?\n']"
494,"['01:22:51,633', '01:22:52,800']",[' On your belly!\n']
495,"['01:22:54,970', '01:22:57,638']",[' Shake him off! Roll! Roll!\n']
496,"['01:23:06,898', '01:23:09,233']","["" It's confirmed. He has been hit.\n""]"
497,"['01:23:21,746', '01:23:23,497']",[' Whiplash One down.\n']
498,"['01:23:25,250', '01:23:27,501']","[' Negative! No chute, no chute!\n']"
499,"['01:23:40,432', '01:23:42,766']","["" Sir, I've got a visual on the bogey.\n""]"
500,"['01:23:48,023', '01:23:49,857']","["" Major, we don't even know\n what we're shooting at.\n""]"
501,"['01:23:52,110', '01:23:53,444']",[' inside a legal no fly zone!\n']
502,"['01:23:55,947', '01:23:58,323']","["" You've been reengaged.\n Execute evasive maneuver.\n""]"
503,"['01:24:07,375', '01:24:09,418']",[' Good chute! Good chute!\n']
504,"['01:24:19,971', '01:24:22,556']","[' Oh, my God, you crazy son of a bitch.\n']"
505,"['01:24:26,561', '01:24:29,021']","[' Yeah, well, technically, he hit me.\n']"
506,"['01:24:30,774', '01:24:33,650']","[' No, no, no, no, no, no,\n the less I know, the better.\n']"
507,"['01:24:35,445', '01:24:37,946']","["" Training exercise.\n Isn't that the usual BS?\n""]"
508,"['01:24:40,658', '01:24:42,409']",[' An unfortunate training exercise\n']
509,"['01:24:46,122', '01:24:49,500']",[' I am pleased to report\n that the pilot was not injured.\n']
510,"['01:24:53,588', '01:24:57,091']","[' it is still unclear\n who or what intervened,\n']"
511,"['01:25:03,348', '01:25:04,473']",[' Hey!\n']
512,"['01:25:09,229', '01:25:12,106']","[' Sir, the more you struggle,\n the more this is going to hurt.\n']"
513,"['01:25:15,026', '01:25:17,861']","[' I designed this to come off, so... Hey.\n']"
514,"['01:25:24,410', '01:25:26,703']","["" What's going on here?\n""]"
515,"['01:25:35,880', '01:25:37,756']",[' Are those bullet holes?\n']
516,"['01:26:09,831', '01:26:11,915']",[' Compliments of Tony Stark.\n']
517,"['01:26:16,588', '01:26:18,672']",[' You paid us trinkets to kill a prince.\n']
518,"['01:26:21,759', '01:26:25,262']",[' Come. Leave your guards outside.\n']
519,"['01:26:47,243', '01:26:49,203']",[' So this is how he did it.\n']
520,"['01:26:52,248', '01:26:54,541']",[' Stark has perfected his design.\n']
521,"['01:26:58,129', '01:27:01,298']",[' A man with a dozen of these\n can rule all of Asia.\n']
522,"['01:27:07,055', '01:27:09,306']",[' We have a common enemy.\n']
523,"['01:27:18,107', '01:27:20,317']",[' I will give you these designs\n']
524,"['01:27:24,489', '01:27:25,864']","[' And in turn,\n']"
525,"['01:27:43,633', '01:27:46,593']",[' This is the only gift you shall receive.\n']
526,"['01:27:52,850', '01:27:56,353']","["" It's always been your Achilles' heel\n in this part of the world.\n""]"
527,"['01:28:01,943', '01:28:04,361']","["" That's the least of your problems.\n""]"
528,"['01:28:13,871', '01:28:15,914']","["" All right, let's finish up here.\n""]"
529,"['01:28:22,880', '01:28:26,425']","["" and I'm going to want this data masked.\n Recruit our top engineers.\n""]"
530,"['01:28:36,561', '01:28:39,730']",[' Hey. You busy?\n You mind if I send you on an errand?\n']
531,"['01:28:42,567', '01:28:44,985']","["" You're going to hack into the mainframe\n and you're going to retrieve all\n""]"
532,"['01:28:47,739', '01:28:49,323']","["" This'll get you in.\n""]"
533,"['01:28:51,075', '01:28:53,493']","[' If not, they put it on a ghost drive,\n in which case you need\n']"
534,"['01:28:56,539', '01:28:58,999']",[' And what do you plan to do with\n this information if I bring it back here?\n']
535,"['01:29:00,251', '01:29:02,252']","["" They've been dealing under the table,\n and I'm going to stop them.\n""]"
536,"['01:29:06,382', '01:29:07,424']","[' Tony,\n']"
537,"['01:29:11,721', '01:29:15,682']","["" but I cannot help you if\n you're going to start all of this again.\n""]"
538,"['01:29:19,645', '01:29:22,856']",[' There is no benefit.\n There is nothing to sign.\n']
539,"['01:29:28,279', '01:29:29,613']",[' Is that so?\n']
540,"['01:29:36,371', '01:29:37,996']",[' You stood by my side all these years\n']
541,"['01:29:41,209', '01:29:43,043']","["" And now that I'm trying\n to protect the people\n""]"
542,"['01:29:45,046', '01:29:49,508']","["" You're going to kill yourself, Tony.\n I'm not going to be a part of it.\n""]"
543,"['01:29:52,887', '01:29:55,013']",[' unless it was for a reason.\n']
544,"['01:29:58,226', '01:30:01,395']",[' I just finally know what I have to do.\n']
545,"['01:30:24,252', '01:30:26,670']","["" You're all I have, too, you know.\n""]"
546,"['01:31:53,966', '01:31:58,303']",[' You did not tell us that the target you\n paid us to kill was the great Tony Stark.\n']
547,"['01:32:00,014', '01:32:02,724']",[' ...your deception and lies\n will cost you dearly.\n']
548,"['01:32:09,524', '01:32:13,944']","[' So, what are we going to do about this?\n']"
549,"['01:32:36,926', '01:32:40,637']","["" Tony. He always gets the good stuff,\n doesn't he?\n""]"
550,"['01:33:06,706', '01:33:09,499']",[' It was like we got him back\n from the dead.\n']
551,"['01:33:16,841', '01:33:20,093']","[' well, Tony never really did\n come home, did he?\n']"
552,"['01:33:27,310', '01:33:28,893']",[' Breaks my heart.\n']
553,"['01:33:37,862', '01:33:41,281']","["" He's been through a lot.\n I think he'll be all right.\n""]"
554,"['01:33:52,877', '01:33:55,045']","["" Tony doesn't know how lucky he is.\n""]"
555,"['01:34:01,761', '01:34:03,803']","["" I'd better get back there.\n""]"
556,"['01:34:12,938', '01:34:14,022']",[' Yes.\n']
557,"['01:34:16,776', '01:34:18,610']",[' - Not at all.\n - Puzzle.\n']
558,"['01:34:23,491', '01:34:24,824']",[' Take care.\n']
559,"['01:34:51,936', '01:34:53,478']","[' Nope, right now. Come with me.\n']"
560,"['01:34:54,772', '01:34:56,564']","[' - Yeah, walk with me.\n - Okay.\n']"
561,"['01:35:01,445', '01:35:04,280']","["" Yeah, we've been working\n our best to do it.\n""]"
562,"['01:35:08,411', '01:35:11,079']","["" Mr. Stane? Sir, we've explored\n""]"
563,"['01:35:13,499', '01:35:15,208']",[' - Actually...\n - A hiccup?\n']
564,"['01:35:19,296', '01:35:22,465']","["" - So it's...\n - Wait, wait, wait. The technology?\n""]"
565,"['01:35:28,639', '01:35:32,600']","["" Okay, sir, and that's what we're trying\n to do, but honestly, it's impossible.\n""]"
566,"['01:35:41,485', '01:35:44,571']","["" Well, I'm sorry. I'm not Tony Stark.\n""]"
567,"['01:36:04,425', '01:36:07,719']","[' Tony, are you there? Hello?\n']"
568,"['01:36:11,682', '01:36:14,434']","[' Easy, easy.\n']"
569,"['01:36:20,524', '01:36:22,817']","["" It's a shame the government\n didn't approve it.\n""]"
570,"['01:36:29,366', '01:36:30,658']",[' Tony.\n']
571,"['01:36:39,919', '01:36:42,420']",[' I worried that I was\n']
572,"['01:36:48,844', '01:36:52,597']","[' But, you see, it was just\n']"
573,"['01:37:01,273', '01:37:05,151']",[' You had one last golden egg to give.\n']
574,"['01:37:18,541', '01:37:23,670']","[' Your father, he helped give us\n the atomic bomb.\n']"
575,"['01:37:37,977', '01:37:39,644']","["" Oh, it's beautiful.\n""]"
576,"['01:37:49,405', '01:37:51,865']",[' What a masterpiece. Look at that.\n']
577,"['01:37:57,538', '01:38:02,750']",[' A new generation of weapons\n with this at its heart.\n']
578,"['01:38:09,758', '01:38:12,010']",[' put the balance of power in our hands.\n']
579,"['01:38:18,350', '01:38:22,896']",[' I wish you could see my prototype.\n']
580,"['01:38:27,151', '01:38:30,153']","[' Well, not as conservative as yours.\n']"
581,"['01:38:35,451', '01:38:38,036']",[' I would have preferred that she lived.\n']
582,"['01:38:53,427', '01:38:56,054']","[' Pepper, slow down.\n Why would Obadiah...\n']"
583,"['01:38:58,682', '01:39:00,391']","["" I don't know.\n He's not answering his phone.\n""]"
584,"['01:39:02,686', '01:39:05,313']","[' Thank you, Rhodey. I know a shortcut.\n']"
585,"['01:40:52,755', '01:41:03,723']",[' Tony?\n']
586,"['01:41:09,688', '01:41:11,981']",[' Tony! You okay?\n']
587,"['01:41:16,028', '01:41:18,362']","["" They're about to arrest Obadiah.\n""]"
588,"['01:41:44,431', '01:41:50,436']",[' Section 16. Section 16. There it is.\n']
589,"['01:42:02,199', '01:42:04,367']","["" Oh, wow! What's that?\n It's, like, a little device?\n""]"
590,"['01:42:05,953', '01:42:08,704']",[' You might want to take\n a few steps back.\n']
591,"['01:42:29,893', '01:42:32,687']","["" Not bad, huh? Let's do it.\n""]"
592,"['01:42:42,322', '01:42:44,115']",[' Keep the skies clear.\n']
593,"['01:42:58,589', '01:43:00,256']","[' Next time, baby.\n']"
594,"['01:43:34,333', '01:43:36,334']","["" I thought it'd be bigger.\n""]"
595,"['01:44:33,058', '01:44:35,059']",[' How do you think the Mark I\n chest piece is going to hold up?\n']
596,"['01:44:37,521', '01:44:40,231']",[' That chest piece\n was never designed for sustained flight.\n']
597,"['01:44:43,610', '01:44:44,610']",[' Pepper!\n']
598,"['01:44:47,781', '01:44:49,699']","["" - Obadiah, he's gone insane!\n - I know.\n""]"
599,"['01:44:51,660', '01:44:53,119']",[' Get out of there right now!\n']
600,"['01:45:12,806', '01:45:15,808']",[' Your services are no longer required.\n']
601,"['01:45:42,669', '01:45:44,337']",[' I love this suit!\n']
602,"['01:45:49,217', '01:45:51,260']",[' Divert power to chest RT.\n']
603,"['01:46:09,946', '01:46:11,072']",[' Lady!\n']
604,"['01:46:37,057', '01:46:40,017']","["" For 30 years, I've been holding you up!\n""]"
605,"['01:46:49,194', '01:46:51,779']",[' Nothing is going to stand in my way.\n']
606,"['01:47:10,006', '01:47:13,259']","["" Impressive!\n You've upgraded your armor!\n""]"
607,"['01:47:24,896', '01:47:26,856']","[' Sir, it appears that his suit can fly.\n']"
608,"['01:47:28,692', '01:47:30,985']","[' With only 15% power,\n the odds of reaching that...\n']"
609,"['01:47:41,538', '01:47:43,831']","["" Sir, you're not going to believe this.\n That thing is back.\n""]"
610,"['01:47:49,254', '01:47:52,256']","[' Not necessary, people.\n Just a training exercise.\n']"
611,"['01:48:01,558', '01:48:03,476']","[' - Thirteen percent power, sir.\n - Climb!\n']"
612,"['01:48:16,239', '01:48:18,365']",[' - Seven percent power.\n - Just leave it on the screen!\n']
613,"['01:48:29,753', '01:48:34,340']","[' You had a great idea, Tony, but my\n suit is more advanced in every way!\n']"
614,"['01:48:37,052', '01:48:38,552']",[' Icing problem?\n']
615,"['01:48:54,778', '01:48:56,111']",[' Two percent.\n']
616,"['01:49:12,754', '01:49:16,215']","[' - Potts!\n - Tony! Oh, my God, are you okay?\n']"
617,"['01:49:20,512', '01:49:21,929']",[' Nice try!\n']
618,"['01:49:42,867', '01:49:44,451']",[' Flares!\n']
619,"['01:50:00,343', '01:50:02,803']",[' - Potts?\n - Tony!\n']
620,"['01:50:03,972', '01:50:06,265']","["" We're going to have to overload\n the reactor and blast the roof.\n""]"
621,"['01:50:09,311', '01:50:11,770']","[' Go to the central console,\n open up all the circuits.\n']"
622,"['01:50:13,356', '01:50:15,941']","["" You're going to hit\n the master bypass button.\n""]"
623,"['01:50:19,571', '01:50:21,864']","["" Okay. I'm going in now.\n""]"
624,"['01:50:34,711', '01:50:36,545']",[' This looks important!\n']
625,"['01:51:00,278', '01:51:04,406']","["" but I must admit,\n I'm deeply enjoying the suit!\n""]"
626,"['01:51:17,545', '01:51:19,672']","["" You'd have made your father proud!\n""]"
627,"['01:51:46,658', '01:51:47,991']",[' Tony!\n']
628,"['01:51:52,622', '01:51:57,543']","[' Trying to rid the world of weapons,\n you gave it its best one ever!\n']"
629,"['01:52:06,720', '01:52:10,556']",[' - You ripped out my targeting system!\n - Time to hit the button!\n']
630,"['01:52:16,688', '01:52:19,273']","["" - Just do it!\n - You'll die!\n""]"
631,"['01:53:21,419', '01:53:23,212']",[' Tony!\n']
632,"['01:53:33,848', '01:53:36,141']",[' at Stark Industries last night.\n']
633,"['01:53:41,105', '01:53:43,732']",[' and caused damage to the arc reactor.\n']
634,"['01:53:46,778', '01:53:48,695']","[' ""Iron Man."" That\'s kind of catchy.\n It\'s got a nice ring to it.\n']"
635,"['01:53:52,534', '01:53:55,160']","["" but it's kind of evocative,\n the imagery, anyway.\n""]"
636,"['01:53:57,747', '01:53:58,831']",[' Okay.\n']
637,"['01:54:01,167', '01:54:03,293']","[' We have port papers that put you\n in Avalon all night,\n']"
638,"['01:54:05,171', '01:54:08,298']","[' See, I was thinking maybe we should\n say it was just Pepper and me\n']"
639,"['01:54:11,469', '01:54:12,761']","["" - That's what happened.\n - All right.\n""]"
640,"['01:54:16,891', '01:54:18,892']","["" There's nothing about Stane here.\n""]"
641,"['01:54:22,647', '01:54:25,107']",[' Small aircraft have\n such a poor safety record.\n']
642,"['01:54:27,777', '01:54:30,696']","["" He's my... I mean, is that...\n That's kind of flimsy, don't you think?\n""]"
643,"['01:54:33,157', '01:54:37,160']","[' Just stick to the official statement,\n and soon, this will all be behind you.\n']"
644,"['01:54:42,375', '01:54:44,042']",[' Agent Coulson?\n']
645,"['01:54:49,299', '01:54:52,217']","["" That's what we do.\n You'll be hearing from us.\n""]"
646,"['01:54:56,180', '01:54:57,347']",[' Right.\n']
647,"['01:55:02,312', '01:55:04,605']","["" Even I don't think I'm Iron Man.\n""]"
648,"['01:55:06,316', '01:55:08,775']","["" - You're not.\n - All right, suit yourself.\n""]"
649,"['01:55:12,947', '01:55:15,490']","["" She'd be a wreck, 'cause she'd always\n be worrying that I was going to die,\n""]"
650,"['01:55:18,036', '01:55:21,788']","["" She'd be wildly conflicted,\n which would only make her more\n""]"
651,"['01:55:24,626', '01:55:26,293']",[' Tell me you never think about that night.\n']
652,"['01:55:31,174', '01:55:36,970']","[' Are you talking about the night that\n we danced and went up on the roof,\n']"
653,"['01:55:44,270', '01:55:47,522']","[' and you left me there, by myself?\n']"
654,"['01:55:53,446', '01:55:54,529']",[' Thought so.\n']
655,"['01:56:01,079', '01:56:04,623']","[' And now, Mr. Stark has\n prepared a statement.\n']"
656,"['01:56:11,923', '01:56:17,052']","["" Been a while since I was in front of you.\n I figure I'll stick to the cards this time.\n""]"
657,"['01:56:22,141', '01:56:23,433']",[' on the freeway and the rooftop...\n']
658,"['01:56:26,396', '01:56:30,148']","[' that was a bodyguard\n in a suit that conveniently appeared,\n']"
659,"['01:56:33,403', '01:56:37,030']","[' It is one thing to question the official\n story, and another thing entirely\n']"
660,"['01:56:40,451', '01:56:42,077']",[' I never said you were a superhero.\n']
661,"['01:56:49,502', '01:56:52,754']","["" I'm just not the hero type. Clearly.\n""]"
662,"['01:56:56,342', '01:56:57,801']","["" all the mistakes I've made,\n""]"
663,"['01:57:01,305', '01:57:02,973']","[' Yeah, okay. Yeah.\n']"
664,"['01:57:12,775', '01:57:14,276']",[' I am Iron Man.\n']
665,"['02:05:18,844', '02:05:20,595']","[' Welcome home, sir.\n']"
666,"['02:05:29,855', '02:05:33,107']","["" Mr. Stark, you've become part\n of a bigger universe.\n""]"
667,"['02:05:35,486', '02:05:37,278']",[' Who the hell are you?\n']
668,[],[]
