,time,content
0,"['00:00:01,000', '00:00:04,000']",[' Downloaded From www.AllSubs.org\n']
1,"['00:00:24,989', '00:00:28,265']","["" <i> ...up here in front of you maybe i'll stick to the cards</i>\n""]"
2,"['00:00:35,420', '00:00:38,800']","["" <i>I'm sorry, Mr. Stark, but do you\n honestly expect us to believe that</i>\n""]"
3,"['00:00:40,948', '00:00:44,765']","[' <i> that conveniently appeared,\n despite the fact that you historically despise bodyguards?</i>\n']"
4,"['00:00:46,371', '00:00:48,939']",[' <i>And this mysterious bodyguard was...</i>\n']
5,"['00:00:51,839', '00:00:54,398']",[' <i>...an undisclosed Stark high-tech\n powered battle suit?</i>\n']
6,"['00:00:56,969', '00:00:59,557']",[' <i>It is one thing\n to question the official story</i>\n']
7,"['00:01:06,413', '00:01:10,068']","["" <i>I mean, let's face it I'm not,\n the heroic type.</i>\n""]"
8,"['00:01:13,454', '00:01:15,513']",[' <i>largely public.</i>\n']
9,"['00:01:21,678', '00:01:23,517']",[' <i> ...I am Iron Man.</i>\n']
10,"['00:01:34,169', '00:01:35,524']",[' Ivan?\n']
11,"['00:02:04,697', '00:02:07,193']",[' Do not listen to these morons.\n']
12,"['00:02:12,344', '00:02:16,506']",[' I can only offer you\n my knowledge.\n']
13,"['00:05:18,055', '00:05:21,601']",[' <i> 7-0 at 30 knots.\n Holding steady at 15000 feet.</i>\n']
14,"['00:05:25,233', '00:05:28,892']",[' Six months later\n']
15,"['00:07:27,753', '00:07:28,996']",[' You missed me.\n']
16,"['00:07:31,917', '00:07:33,458']",[' I already did that.\n']
17,"['00:07:37,678', '00:07:40,166']",[' ...its longest period of\n uninterrupted peace in years...\n']
18,"['00:07:44,646', '00:07:46,669']","["" I'm not saying...\n""]"
19,"['00:07:50,840', '00:07:55,158']",[' ...never has a greater Phoenix metaphor\n been personified in human history.\n']
20,"['00:08:00,182', '00:08:04,295']","[' ...that Uncle Sam can kick back\n on a lawn chair,...\n']"
21,"['00:08:06,382', '00:08:09,136']","["" ...because I haven't come across anyone\n who's man enough...\n""]"
22,"['00:08:16,489', '00:08:19,704']","["" - I love you Tony!\n - Please. It's not about me.\n""]"
23,"['00:08:25,329', '00:08:28,396']","["" It's not even about us.\n It's about legacy.\n""]"
24,"['00:08:32,244', '00:08:34,414']","["" And that's why for the next year...\n""]"
25,"['00:08:36,502', '00:08:38,584']",[' ...the best and brightest men and women\n']
26,"['00:08:40,989', '00:08:44,466']","[' will pool their resources\n share their collective vision,\n']"
27,"['00:08:47,728', '00:08:49,407']","["" It's not about us!\n""]"
28,"['00:08:53,489', '00:08:56,395']",[' ...is welcome back to the Stark Expo!\n']
29,"['00:09:03,616', '00:09:05,025']","["" to tell you what it's all about,\n""]"
30,"['00:09:10,022', '00:09:12,829']",[' <i>Everything is achievable through technology.</i>\n']
31,"['00:09:15,646', '00:09:18,127']","[' <i> And for the first time in human history,</i>\n']"
32,"['00:09:20,215', '00:09:24,478']","[' <i> So from all of us here at Stark Industries,\n I would like to personally introduce you to</i>\n']"
33,"['00:09:27,429', '00:09:30,787']",[' <i> technology holds infinite possibilities\n for mankind.</i>\n']
34,"['00:09:33,939', '00:09:37,649']","[' <i> soon, technology will affect\n the way you live your life every day.</i>\n']"
35,"['00:09:39,633', '00:09:42,145']","[' <i> leaving more time,\n leisure activities</i>\n']"
36,"['00:09:44,191', '00:09:47,162']",[' <i>The Stark Expo.\n Welcome.</i>\n']
37,"['00:09:54,373', '00:09:57,849']",[' where Tony Stark\n has just walked onstage.\n']
38,"['00:09:59,936', '00:10:01,995']",[' because this expo goes on all year long.\n']
39,"['00:10:04,186', '00:10:08,141']",[' and the pavillions and the inventions\n from all around the world.\n']
40,"['00:10:10,002', '00:10:11,800']","["" Open up. Let's go.\n""]"
41,"['00:10:14,176', '00:10:15,660']",[' Thank you.\n I remember you.\n']
42,"['00:10:19,572', '00:10:20,535']","[' Hi there, dear friend.\n']"
43,"['00:10:23,086', '00:10:25,753']",[' - See ya buddy.\n - This is Larry.\n']
44,"['00:10:28,477', '00:10:29,931']",[' Call me.\n']
45,"['00:10:31,716', '00:10:34,170']","[' Yes, my people, my people.\n']"
46,"['00:10:37,042', '00:10:38,941']","["" - No, it's perfect.\n""]"
47,"['00:10:41,208', '00:10:42,813']","[' - Hey, does she come with the car?\n - I certainly hope so.\n']"
48,"['00:10:44,135', '00:10:46,192']",[' - Marshall. - Irish. I like it.\n - Pleased to meet you Tony\n']
49,"['00:10:48,494', '00:10:49,737']",[' - Where you from?\n - Bedford.\n']
50,"['00:10:51,198', '00:10:53,737']",[' Yeah? You found me.\n']
51,"['00:10:57,986', '00:11:00,167']",[' Yikes.\n']
52,"['00:11:03,067', '00:11:06,600']",[' You are hereby ordered to appear before\n the Senate Armed Services Committee\n']
53,"['00:11:08,217', '00:11:11,232']",[' - Can I see a badge? - You wanna see the badge?\n - He likes the badge.\n']
54,"['00:11:16,481', '00:11:18,794']",[' - How far are we from D.C.?\n - D.C.?\n']
55,"['00:11:22,639', '00:11:26,565']","[' Mr. Stark, can we pick up now\n where we left off?\n']"
56,"['00:11:28,354', '00:11:29,514']","[' - Please.\n - Yes, dear?\n']"
57,"['00:11:31,305', '00:11:34,574']",[' Do you or do you not possess a specialized weapon?\n']
58,"['00:11:36,443', '00:11:40,460']","[' - I do not, well it depends how you define\n the word weapon. - The Iron Man weapon.\n']"
59,"['00:11:42,570', '00:11:47,136']","[' - Well, how would you describe your..?\n - I would describe it by defining it as what it is, sir.\n']"
60,"['00:11:51,655', '00:11:54,732']","["" That is, that's actually the most apt description\n I could make of it.\n""]"
61,"['00:12:00,020', '00:12:04,728']",[' My priority is to get the Iron Man weapon\n turned over to the people of the United States of America.\n']
62,"['00:12:06,503', '00:12:10,567']",[' I am Iron Man.\n The suit and I are one.\n']
63,"['00:12:13,806', '00:12:15,534']",[' indentured servitude or prostitution\n']
64,"['00:12:17,774', '00:12:21,024']","["" - I can't have it.\n - Look, I am no expert.\n""]"
65,"['00:12:25,814', '00:12:28,080']","["" I'm not an expert in weapons.\n""]"
66,"['00:12:31,987', '00:12:35,558']",[' Our current primary weapons contractor.\n']
67,"['00:12:39,521', '00:12:40,865']",[' and I am wondering...\n']
68,"['00:12:48,754', '00:12:51,045']",[' Absolutely. I am no expert.\n']
69,"['00:12:53,022', '00:12:54,903']","["" You're the wonder boy.\n""]"
70,"['00:12:56,949', '00:13:01,476']","[' I may well not be an expert,\n but you know who was the expert?\n']"
71,"['00:13:03,298', '00:13:06,515']",[' Howard Stark.\n Really a father to us all.\n']
72,"['00:13:09,435', '00:13:13,566']","["" Let's just be clear, he was no flower child.\n He was a lion.\n""]"
73,"['00:13:15,214', '00:13:17,083']","[' In the last six months,\n']"
74,"['00:13:21,087', '00:13:23,812']","["" And yet I insists it's a shield.\n""]"
75,"['00:13:26,493', '00:13:28,468']",[' as we cower behind it.\n']
76,"['00:13:32,131', '00:13:34,905']","["" I'd like to leave my door unlocked\n when I leave the house,\n""]"
77,"['00:13:36,612', '00:13:38,243']","[' You know we live in a world\n of grave threats,\n']"
78,"['00:13:43,021', '00:13:46,981']","[' Thank you. God bless\n Iron Man, God bless America.\n']"
79,"['00:13:51,089', '00:13:53,634']",[' The committee would now like to invite\n']
80,"['00:13:56,107', '00:13:57,505']",[' Rhodey?\n']
81,"['00:14:07,155', '00:14:10,877']","["" Look, it's me. I'm here. Deal with it.\n Let's move on.\n""]"
82,"['00:14:12,484', '00:14:16,030']",[' I have before me a complete report on\n the Iron Man weapon\n']
83,"['00:14:17,699', '00:14:22,404']","[' and Colonel, for the record,\n can you please read page 57, paragraph 4?\n']"
84,"['00:14:25,250', '00:14:25,915']","[' Yes, sir.\n']"
85,"['00:14:30,329', '00:14:32,147']","[' I understand, a lot of things have changed today.\n']"
86,"['00:14:35,971', '00:14:38,751']","[' Just read it, Colonel. I do. Thank you.\n']"
87,"['00:14:43,169', '00:14:46,920']","[' As he does not operate within any\n definable branch of government,\n']"
88,"['00:14:53,052', '00:14:54,376']",[' and to her interests.\n']
89,"['00:14:59,458', '00:15:01,090']",[' and that it would be in our interest\n']
90,"['00:15:04,221', '00:15:07,799']","["" I'm not a joiner but I'll consider Secretary of\n Defense, if you ask nice.\n""]"
91,"['00:15:11,136', '00:15:15,249']","["" I'd like to go on and show, if I may,\n the imagery that's connected to your report.\n""]"
92,"['00:15:20,148', '00:15:23,279']","[' With all due respect, Colonel, I understand.\n And if you could just narrate those for us,\n']"
93,"['00:15:25,852', '00:15:27,084']",[' Show the images.\n']
94,"['00:15:32,182', '00:15:34,756']",[' are in fact attempts at making manned copies\n']
95,"['00:15:36,896', '00:15:39,971']",[' This has been corroborated by our allies\n']
96,"['00:15:41,714', '00:15:44,139']",[' indicating that these suits are\n']
97,"['00:15:47,585', '00:15:49,290']","[' Hold on a second buddy, let me see.\n']"
98,"['00:15:52,587', '00:15:54,555']",[' Now can I get more screens.\n']
99,"['00:15:58,529', '00:16:00,372']","["" - Let's see what's really going on.\n - What is he doing?\n""]"
100,"['00:16:02,980', '00:16:05,580']","["" I believe that's North Korea.\n""]"
101,"['00:16:16,423', '00:16:18,448']",[' Iran.\n']
102,"['00:16:23,878', '00:16:25,804']",[' Is that Justin Hammer?\n']
103,"['00:16:28,492', '00:16:30,462']","["" Justin, you're on TV, focus up.\n""]"
104,"['00:16:46,249', '00:16:50,266']","["" - Hammer Industries 20.\n - I'd like to point out that that test pilot survived.\n""]"
105,"['00:16:53,605', '00:16:55,186']","["" The point is you're welcome, I guess.\n""]"
106,"['00:16:58,099', '00:17:00,364']","["" It's working. We're safe.\n America is secure.\n""]"
107,"['00:17:02,556', '00:17:04,743']",[' But did I you a big favor.\n']
108,"['00:17:10,535', '00:17:11,974']",[' What more do you want?\n']
109,"['00:17:14,365', '00:17:17,190']","["" I'm tired of all of these ass clowns!\n""]"
110,"['00:17:20,741', '00:17:23,046']","["" - We're adjourned, we're adjourned for today.\n - Okay\n""]"
111,"['00:17:30,696', '00:17:32,687']",[' <i> My bond is with the people.</i>\n']
112,"['00:17:34,969', '00:17:38,650']",[' <i> at the pleasure of myself.</i>\n']
113,"['00:17:42,304', '00:17:43,581']",[' <i> ...to pleasure myself.</i>\n']
114,"['00:18:22,260', '00:18:24,931']",[' Congratulations on the opening ceremonies.\n They were such a success.\n']
115,"['00:18:27,398', '00:18:32,128']","[' And may I say how refreshing it is to finally\n see you in a video with your clothing on, sir?\n']"
116,"['00:18:37,038', '00:18:40,556']","["" I swear to god I'll dismantle you, I'll switch\n your motherboard and turn you into wine rack.\n""]"
117,"['00:18:45,495', '00:18:49,188']","[' We are up to 80 ounces a day\n to counteract the symptoms, sir.\n']"
118,"['00:18:54,601', '00:18:57,175']",[' Blood toxicity: 24%\n']
119,"['00:19:04,690', '00:19:06,788']",[' Another core has been depleted.\n']
120,"['00:19:12,299', '00:19:14,775']",[' I have run simulations\n on every known element\n']
121,"['00:19:21,336', '00:19:23,584']",[' You are running out of both time\n and options.\n']
122,"['00:19:34,096', '00:19:37,042']",[' Ms. Potts is approaching.\n I recommended that you inform her of...\n']
123,"['00:19:41,742', '00:19:43,039']",[' Is this a joke?\n']
124,"['00:19:45,928', '00:19:47,536']",[' - What?\n - What are you thinking?\n']
125,"['00:19:51,228', '00:19:52,642']","["" Do you have the sniffles? I don't wanna get sick.\n Keep your distance\n""]"
126,"['00:19:57,812', '00:19:59,688']",[' - Boy Scouts of America?\n - Yes it is a...\n']
127,"['00:20:01,464', '00:20:04,825']","["" I didn't physically check the crates,\n but basically yes.\n""]"
128,"['00:20:07,164', '00:20:10,806']","["" No, you know what I think I'm actually entitled to say\n Our collection,\n""]"
129,"['00:20:15,013', '00:20:16,256']","["" It's a tax write-off, I needed that.\n""]"
130,"['00:20:18,553', '00:20:21,341']",[' that I really need to talk to you about.\n']
131,"['00:20:24,425', '00:20:26,724']",[' The expo is a gigantic waste of time.\n']
132,"['00:20:30,435', '00:20:32,071']","["" There's nothing more important to me than the Expo.\n""]"
133,"['00:20:33,553', '00:20:36,875']",[' The Expo is your ego gone crazy.\n']
134,"['00:20:39,579', '00:20:42,522']","["" That's modern art.\n That's going up.\n""]"
135,"['00:20:44,908', '00:20:47,670']",[' Stark is in complete disarray. Do you understand that?\n']
136,"['00:20:49,829', '00:20:54,168']","["" - Yes from a managerial standpoint. - Well if it's messy,\n then let's double back. Let's move on to another subject.\n""]"
137,"['00:20:58,041', '00:21:00,645']","["" I'm not taking it down, I'm just replacing it\n with this, let's see where I can get...\n""]"
138,"['00:21:02,310', '00:21:05,860']","[' We have already awarded contracts\n to the windfarm people,\n']"
139,"['00:21:07,670', '00:21:09,590']","[' And to the Plastic Plantation Tree,\n which was your idea by the way.\n']"
140,"['00:21:12,542', '00:21:14,361']","["" I don't care about the liberal agenda anymore.\n""]"
141,"['00:21:16,748', '00:21:17,920']",[' you do it.\n']
142,"['00:21:19,277', '00:21:21,776']","[' Excellent idea, I just figured this out.\n You run the company.\n']"
143,"['00:21:24,273', '00:21:28,320']",[' - Well stop trying to do it and do it.\n - You will not give me the information that I need\n']
144,"['00:21:30,707', '00:21:33,665']","["" You're not listening to me. I'm trying to make you CEO.\n""]"
145,"['00:21:36,270', '00:21:37,783']",[' Have you been drinking?\n']
146,"['00:21:41,130', '00:21:44,046']",[' I hereby irrevocably appoint you\n']
147,"['00:21:49,653', '00:21:51,033']","[' Yeah, done deal.\n']"
148,"['00:21:55,656', '00:21:58,730']",[' believe it or not. Been doing a bit of\n a headhunting so to speak...\n']
149,"['00:22:03,643', '00:22:05,275']",[' And then I realized ...\n']
150,"['00:22:12,565', '00:22:14,286']","["" I thought there'd be a legal issue,\n but actually\n""]"
151,"['00:22:17,847', '00:22:19,661']",[' my successor being you.\n']
152,"['00:22:25,289', '00:22:26,365']","[' Take it, just take it.\n']"
153,"['00:23:16,356', '00:23:19,759']",[' Notary is here! Can you please come\n sign the transfer paperworks?\n']
154,"['00:23:27,900', '00:23:28,968']",[' - Sorry.\n - What the hell was that?\n']
155,"['00:23:31,054', '00:23:33,683']","["" It's called dirty boxing.\n There's nothing new about it.\n""]"
156,"['00:23:45,096', '00:23:47,079']",[' I need you to initial each box.\n']
157,"['00:23:52,989', '00:23:54,143']","["" That's it I'm done.\n""]"
158,"['00:23:56,372', '00:23:58,098']","[' Front and center, come in to the church.\n']"
159,"['00:24:01,996', '00:24:05,289']","["" - No problem.\n - I'm sorry. He's very eccentric.\n""]"
160,"['00:24:24,185', '00:24:26,218']",[' - Can you give her a lesson?\n - No problem.\n']
161,"['00:24:30,104', '00:24:31,280']",[' Who is she?\n']
162,"['00:24:33,928', '00:24:37,390']",[' a very expensive sexual harassment lawsuit\n']
163,"['00:24:39,651', '00:24:43,274']","[' Yes, and I have three excellent potential candidates\n that are lined up and ready to beat you.\n']"
164,"['00:24:47,864', '00:24:49,329']","[' - You ever boxed before?\n - I have, yes.\n']"
165,"['00:24:53,495', '00:24:57,149']",[' - How do we spell your name Natalie?\n - R-U-S-H-M-A-N.\n']
166,"['00:25:01,579', '00:25:05,586']","["" - Oh wow. Very, very impressive individual...\n - You're so predictable, you know that?\n""]"
167,"['00:25:07,464', '00:25:08,683']",[' Who speaks Latin?\n']
168,"['00:25:12,250', '00:25:15,600']","["" You can read Latin or you can write, but you can't\n speak Latin so...\n""]"
169,"['00:25:17,896', '00:25:19,273']","["" I need her, she's got everything that I need.\n""]"
170,"['00:25:23,862', '00:25:25,620']",[' Oh my God!\n']
171,"['00:25:30,269', '00:25:32,439']",[' - I slipped.\n - You did?\n']
172,"['00:25:37,290', '00:25:41,545']","["" - Just, um, I need your impression.\n - You have quite reserved, I don't know...\n""]"
173,"['00:25:46,937', '00:25:50,145']","["" - So, how're we doing?\n - Great. Just half done,... hey.\n""]"
174,"['00:25:53,653', '00:25:54,721']","[' Will that be all, Mr. Stark?\n']"
175,"['00:25:55,688', '00:25:58,119']","[' That will be all, Ms. Rushman.\n Thank you very much.\n']"
176,"['00:26:14,162', '00:26:16,811']",[' Welcome to the Historic Grand Prix\n of Monaco.\n']
177,"['00:26:37,615', '00:26:41,420']","["" It's Europe, whatever happens the next\n twenty minutes just go with it.\n""]"
178,"['00:26:43,194', '00:26:45,007']",[' - How was your flight?\n - It was excellent.\n']
179,"['00:26:49,928', '00:26:52,082']",[' - When did this happen?\n - You made me do it.\n']
180,"['00:26:54,944', '00:26:56,079']",[' Stop acting constipated.\n']
181,"['00:26:57,713', '00:26:59,609']","[' - Right this way.\n - Thanks, you look fantastic.\n']"
182,"['00:27:02,543', '00:27:04,265']",[' We have a 9.30 dinner.\n']
183,"['00:27:08,184', '00:27:09,504']","[' Great, make it ours.\n']"
184,"['00:27:12,564', '00:27:14,462']",[' - Congratulations on the promotion.\n - Thank you very much.\n']
185,"['00:27:16,721', '00:27:18,723']",[' Thanks. I got an idea\n for an electric jet.\n']
186,"['00:27:22,401', '00:27:25,091']","["" - You want a massage? - Oh god no I don't want a massage.\n - I'll have Natalie make an appointment.\n""]"
187,"['00:27:27,136', '00:27:29,243']","["" - By the way I didn't mean to spring this on you.\n - Thank you very much.\n""]"
188,"['00:27:31,133', '00:27:32,984']","[' Anthony, is that you?\n']"
189,"['00:27:35,797', '00:27:38,649']","["" You're not the only rich guy here\n with a fancy car.\n""]"
190,"['00:27:41,730', '00:27:43,108']",[' - Hi.\n - Yes.\n']
191,"['00:27:45,089', '00:27:47,100']","[' BTW, big story,\n']"
192,"['00:27:49,871', '00:27:51,899']",[' - Congratulations.\n - My editor will kill me ...\n']
193,"['00:27:53,778', '00:27:55,291']",[' - Can I?\n - Sure.\n']
194,"['00:27:57,500', '00:27:59,738']","["" - I am.\n - I thought I'd throw her a bone, you know.\n""]"
195,"['00:28:04,590', '00:28:07,472']",[' - And she wrote a story as well.\n - It was very impressive.\n']
196,"['00:28:10,290', '00:28:12,418']","["" - I'm gonna go wash.\n - Do not leave me.\n""]"
197,"['00:28:16,744', '00:28:20,421']","["" - So is this the first time that...\n - Oh, god that's so awful.\n""]"
198,"['00:28:23,841', '00:28:27,659']","["" - Since he got his contract revoked.\n - Actually, it's on hold.\n""]"
199,"['00:28:28,924', '00:28:31,717']","["" What's the difference between\n on hold and canceled? The truth?\n""]"
200,"['00:28:34,160', '00:28:38,539']","["" The truth is I'm actually hoping to\n present something at your expo.\n""]"
201,"['00:28:41,915', '00:28:43,759']",[' - Mr. Stark?\n - Yes.\n']
202,"['00:28:45,624', '00:28:48,084']","["" - I actually have a slot, yes I do.\n - Hammer needs a 'slot.'\n""]"
203,"['00:29:14,368', '00:29:15,917']",[' Got any other bad ideas?\n']
204,"['00:29:28,220', '00:29:30,125']","["" Tony loves me.\n We're not competitors.\n""]"
205,"['00:29:35,216', '00:29:37,780']",[' Everything that Tony and I do is a healthy...\n']
206,"['00:29:41,579', '00:29:42,890']",[' ...competition.\n']
207,"['00:29:45,935', '00:29:47,441']",[' Is he driving?\n']
208,"['00:29:56,988', '00:29:58,295']",[' - Yes?\n - Did you know about this?\n']
209,"['00:30:01,338', '00:30:03,879']","[' - That cannot happen.\n - Absolutely, I understand. How can I help you?\n']"
210,"['00:30:05,625', '00:30:07,099']","[' - Ok get him, I need Happy.\n - Right away.\n']"
211,"['00:30:10,120', '00:30:12,609']","["" We're not competitive.\n You know what I mean?\n""]"
212,"['00:30:14,330', '00:30:16,498']","["" - Why don't you just read me what you wrote?\n - I will.\n""]"
213,"['00:30:19,813', '00:30:22,438']","["" - I got some caviar coming.\n - This is great stuff, I'll be right back!\n""]"
214,"['00:32:14,006', '00:32:15,958']",[' <i> God!</i>\n']
215,"['00:32:27,862', '00:32:28,931']",[' Hang on!\n']
216,"['00:33:40,336', '00:33:41,469']","["" - Where is the key!\n - It's in my pocket.\n""]"
217,"['00:34:54,406', '00:34:56,987']",[' - Are you okay?\n - Yeah.\n']
218,"['00:35:00,030', '00:35:02,117']","["" - Cause I can't tell!\n - Are you out of your mind?\n""]"
219,"['00:35:03,626', '00:35:05,440']","["" - I was attacked!\n - You're a jerk!\n""]"
220,"['00:35:06,606', '00:35:09,945']","["" Better security measures!\n God it's embarrassing.\n""]"
221,"['00:35:17,821', '00:35:19,111']",[' Oh  my god!\n']
222,"['00:35:23,185', '00:35:24,989']",[' Give me the case.\n']
223,"['00:35:31,104', '00:35:34,158']",[' Give him the case!\n']
224,"['00:35:42,961', '00:35:45,850']",[' Give me the case! Please!\n Come on!\n']
225,"['00:37:25,783', '00:37:29,058']","["" You'll lose. You'll lose, Stark.\n""]"
226,"['00:37:51,348', '00:37:53,730']",[' - Where are we going?\n - There.\n']
227,"['00:37:56,137', '00:37:59,410']","[' In fact, he has not even spoken.\n']"
228,"['00:38:22,087', '00:38:25,663']",[' Pretty decent tech. Cycles\n per second were a little low.\n']
229,"['00:38:37,165', '00:38:39,931']",[' You focused the Repulsor energy\n through ionized plasma channels.\n']
230,"['00:38:42,037', '00:38:45,530']","["" Not very efficient.\n But it's passable enough though.\n""]"
231,"['00:38:50,692', '00:38:52,752']","[' if you sold it to North Korea,\n China,\n']"
232,"['00:38:57,278', '00:38:59,174']",[' You look like you got friends in low places.\n']
233,"['00:39:02,642', '00:39:05,918']",[' family of thieves and butchers.\n']
234,"['00:39:10,549', '00:39:12,972']",[' try to rewrite your\n own history\n']
235,"['00:39:16,514', '00:39:18,763']",[' that Stark family has destroyed.\n']
236,"['00:39:23,281', '00:39:26,567']",[' My father.\n Anton Vanko.\n']
237,"['00:39:30,651', '00:39:33,326']","["" My father is the reason you're alive.\n""]"
238,"['00:39:37,429', '00:39:38,667']",[' Did I?\n']
239,"['00:39:44,570', '00:39:46,799']",[' people will cease to believe him.\n']
240,"['00:39:51,392', '00:39:53,299']",[' and the sharks will come.\n']
241,"['00:39:59,571', '00:40:01,934']",[' as the world will consume you.\n']
242,"['00:40:04,473', '00:40:05,777']","["" That's right.\n""]"
243,"['00:40:08,360', '00:40:10,639']","[' Hey Tony, before you go,\n']"
244,"['00:40:31,500', '00:40:35,095']","["" <i> It's just unbelievable it proves\n the genie is out of the bottle</i>\n""]"
245,"['00:40:37,535', '00:40:41,442']",[' <i> He thinks of the Iron Man\n weapon as a toy.</i>\n']
246,"['00:40:46,439', '00:40:49,909']","["" <i> that these suits can't exist,</i>\n""]"
247,"['00:40:52,517', '00:40:55,891']",[' <i> at least for 5-10 years\n and here we are in Monaco</i>\n']
248,"['00:40:58,708', '00:41:01,835']",[' Mute.\n']
249,"['00:41:03,923', '00:41:06,163']","["" That's the truth.\n""]"
250,"['00:41:11,225', '00:41:14,508']",[' This is your in-flight meal.\n']
251,"['00:41:18,526', '00:41:21,809']","["" Where do you think I've been for three hours?\n""]"
252,"['00:41:26,244', '00:41:29,527']",[' What are you not telling me?\n']
253,"['00:41:35,632', '00:41:37,717']",[' at all.\n']
254,"['00:41:40,847', '00:41:43,245']","["" We're in Europe.\n Let's go to Venice, Chipriani.\n""]"
255,"['00:41:45,437', '00:41:48,043']","["" It's a great place to...\n""]"
256,"['00:41:49,087', '00:41:52,216']","["" I don't think this is the right time.\n""]"
257,"['00:41:54,303', '00:41:56,543']","["" Yeah but maybe that's why it's the best time.\n""]"
258,"['00:41:58,875', '00:42:02,168']",[' show up. - As CEO\n you are entitled to a\n']
259,"['00:42:05,169', '00:42:07,218']",[' A retreat? During a time like this?\n']
260,"['00:42:10,973', '00:42:14,685']","[' Not everybody runs on batteries, Tony.\n']"
261,"['00:43:41,004', '00:43:43,631']",[' Prisoner stop!\n']
262,"['00:44:26,163', '00:44:29,208']","[' Hey, here he is!\n']"
263,"['00:44:32,566', '00:44:34,602']",[' What an absolute pleasure.\n']
264,"['00:44:36,568', '00:44:41,255']","[' Goodness gracious, can we get the handcuffs\n off my friend here?\n']"
265,"['00:44:43,355', '00:44:45,346']","["" I'm such a huge fan of yours.\n""]"
266,"['00:44:47,313', '00:44:48,932']",[' make a first impression like this.\n']
267,"['00:44:51,481', '00:44:53,622']","["" He's a human being.\n""]"
268,"['00:44:56,819', '00:44:59,002']",[' Leave us.\n']
269,"['00:45:02,903', '00:45:04,938']",[' My name is Justin Hammer.\n']
270,"['00:45:06,941', '00:45:09,028']",[' Please sit.\n']
271,"['00:45:14,909', '00:45:16,259']","[' Some salmon carpaccio, sir.\n']"
272,"['00:45:19,268', '00:45:21,477']","[' Anything you want here, we got it.\n']"
273,"['00:45:23,479', '00:45:25,412']",[' I had this flown in from\n San Francisco.\n']
274,"['00:45:27,396', '00:45:29,307']",[' Organic ice cream.\n']
275,"['00:45:32,309', '00:45:34,647']",[' for Tony Stark.\n']
276,"['00:45:37,329', '00:45:41,269']","[' how you stepped up to him in front of\n god and everybody,\n']"
277,"['00:45:43,480', '00:45:45,515']",[' You spoke to me was what you did.\n']
278,"['00:45:48,003', '00:45:51,004']","["" This is why I couldn't bear to have you shipped off\n to god knows where.\n""]"
279,"['00:45:53,006', '00:45:55,006']","["" But if I might make a suggestion you know\n you don't just go\n""]"
280,"['00:45:58,008', '00:46:00,052']","[' if I may,\n']"
281,"['00:46:02,090', '00:46:04,054']","["" That's what you should kill.\n""]"
282,"['00:46:07,100', '00:46:10,057']",[' The only difference between you and I\n']
283,"['00:46:12,509', '00:46:15,060']","[' I think, if I may,\n']"
284,"['00:46:17,076', '00:46:19,019']",[' Someone behind you.\n']
285,"['00:46:33,506', '00:46:35,506']","[' Okay.\n Do you speak English,\n']"
286,"['00:46:38,507', '00:46:40,957']","["" I don't know if you've been understanding\n everything I'm saying.\n""]"
287,"['00:46:43,554', '00:46:46,676']","[' Very good, man.\n']"
288,"['00:46:53,559', '00:46:55,559']",[' A bird?\n']
289,"['00:46:57,597', '00:46:59,597']",[' I can get you bird\n I can get you ten birds.\n']
290,"['00:47:01,556', '00:47:03,519']","["" nothing's impossible.\n""]"
291,"['00:47:07,480', '00:47:10,644']","[' Yes, but the fundamentals of the company\n are still very, very strong.\n']"
292,"['00:47:14,483', '00:47:16,526']","[' Oh, oh, fax them.\n']"
293,"['00:47:18,565', '00:47:21,529']","["" He's downstairs.\n""]"
294,"['00:47:23,531', '00:47:25,887']",[' <i>may lead many people to ask themselves</i>\n']
295,"['00:47:27,994', '00:47:29,614']",[' Iron Man never stopped protecting us.\n']
296,"['00:47:32,536', '00:47:34,535']","[' <i>Query complete, sir.</i>\n']"
297,"['00:47:37,009', '00:47:40,268']",[' <i>who defected to the United States\n in 1963.</i>\n']
298,"['00:47:42,541', '00:47:44,541']",[' <i>deported in 1967.</i>\n']
299,"['00:47:46,543', '00:47:50,544']",[' <i>was convicted of selling\n Soviet-era weapons-grade plutonium</i>\n']
300,"['00:47:54,503', '00:47:57,669']",[' <i>No further records exist.</i>\n']
301,"['00:48:04,509', '00:48:08,422']","["" Listen, I've been on the phone with the\n National Guard\n""]"
302,"['00:48:10,155', '00:48:12,874']",[' trying to talk them out of rolling tanks and the PCH\n']
303,"['00:48:15,383', '00:48:17,420']","["" They're gonna take your suits, Tony,\n""]"
304,"['00:48:19,386', '00:48:22,385']",[' You said nobody else would possess this technology\n for twenty years.\n']
305,"['00:48:25,658', '00:48:28,554']","["" It's not theoretical anymore.\n""]"
306,"['00:48:33,349', '00:48:36,350']",[' Are you okay?\n']
307,"['00:48:44,354', '00:48:47,520']",[' - Are you alright?\n - Yeah I should go to my desk.\n']
308,"['00:48:50,600', '00:48:53,810']","["" It's palladium.\n""]"
309,"['00:49:00,650', '00:49:02,687']","["" If you must know\n it's neutron damage.\n""]"
310,"['00:49:08,612', '00:49:11,820']",[' You had this\n in your body?\n']
311,"['00:49:19,618', '00:49:22,784']",[' Rogue rash.\n']
312,"['00:49:37,715', '00:49:39,837']","["" - What are you looking at?\n - I'm looking at you.\n""]"
313,"['00:49:43,676', '00:49:46,677']","["" and it's unnecessary.\n You don't have to do this alone.\n""]"
314,"['00:49:48,694', '00:49:50,635']",[' But you gotta trust me.\n']
315,"['00:50:03,227', '00:50:05,680']",[' This is where we do it\n This is my humble abode.\n']
316,"['00:50:07,646', '00:50:10,769']","[' Must be kinda fun to be dead, right\n No pressure.\n']"
317,"['00:50:13,650', '00:50:15,687']",[' I may have done a few miscalculations and\n']
318,"['00:50:17,653', '00:50:20,818']","["" I'm enthusiastic.\n Go ahead, take a look around.\n""]"
319,"['00:50:28,659', '00:50:31,660']","["" You'll be able to access that as soon as\n we generate some encrypted passcodes.\n""]"
320,"['00:50:35,662', '00:50:37,644']","[' encrypted passcodes, Jack.\n']"
321,"['00:50:42,624', '00:50:45,790']","[' Wow, okay. Good stuff.\n']"
322,"['00:50:54,675', '00:50:56,674']","["" You're good.\n""]"
323,"['00:51:00,635', '00:51:03,678']","["" Let me show you where\n you're gonna be working primarily.\n""]"
324,"['00:51:06,682', '00:51:08,891']","["" Take a good look at that.\n That's something, isn't it?\n""]"
325,"['00:51:12,642', '00:51:15,851']","["" They're 125.7 million a pop.\n""]"
326,"['00:51:21,691', '00:51:24,648']","["" That's where the pilot goes.\n""]"
327,"['00:51:28,651', '00:51:31,817']","["" I'll take care of that just leave it.\n""]"
328,"['00:51:33,654', '00:51:35,654']",[' Long term\n I want them to put me in\n']
329,"['00:51:38,657', '00:51:40,738']",[' I wanna make Iron Man look\n like an antique.\n']
330,"['00:51:42,660', '00:51:44,717']","["" and take a dump on Tony's front yard.\n""]"
331,"['00:51:47,264', '00:51:48,761']",[' - Yes?\n - No problem.\n']
332,"['00:51:50,708', '00:51:53,830']","["" This is our guy. Didn't I tell you?\n I had a feeling.\n""]"
333,"['00:52:05,716', '00:52:08,840']","["" I'll give them a look.\n""]"
334,"['00:52:12,714', '00:52:15,679']","["" - Probably.\n - Yeah, cause it's, um...\n""]"
335,"['00:52:18,681', '00:52:21,804']",[' Inappropriate.\n']
336,"['00:52:28,687', '00:52:30,731']",[' Gold faced with the brown band...\n']
337,"['00:52:33,690', '00:52:36,856']",[' Bring them over here.\n']
338,"['00:52:52,326', '00:52:54,701']","["" I gotta say it's hard to\n get a read on you.\n""]"
339,"['00:52:59,706', '00:53:02,827']","["" Can I ask you a question hypothetically?\n It's a bit odd.\n""]"
340,"['00:53:11,669', '00:53:14,141']","["" I'd do whatever I wanted to do.\n""]"
341,"['00:53:49,692', '00:53:51,691']","[' Yes, sir, I understand.\n']"
342,"['00:53:55,695', '00:53:57,861']","[' Sir, I personally guarantee that\n within 24 hours\n']"
343,"['00:54:07,746', '00:54:09,746']","[' Hey, Pepper ...\n']"
344,"['00:54:13,750', '00:54:16,915']","["" - I don't know what to do.\n - You gotta be kidding me.\n""]"
345,"['00:54:24,713', '00:54:26,792']",[' This is ridiculous I just stuck my neck up\n for this guy.\n']
346,"['00:54:29,715', '00:54:32,881']","["" Handle it, or I'm gonna have to.\n""]"
347,"['00:54:40,721', '00:54:43,887']",[' Just like that.\n']
348,"['00:54:52,773', '00:54:54,772']",[' I love you.\n']
349,"['00:54:59,777', '00:55:02,735']","["" wonderful night. We're gonna say\n Good night now\n""]"
350,"['00:55:04,736', '00:55:07,945']","["" No, no, wait, we can't, we didn't bring out the cake\n we didn't blow out the candle.\n""]"
351,"['00:55:09,740', '00:55:11,696']","["" - Trust me on this one okay?\n - You're out of control gorgeous\n""]"
352,"['00:55:14,826', '00:55:16,785']",[' Come on you know you want to.\n']
353,"['00:55:17,848', '00:55:20,172']","["" - I know, has a filtration system.\n - It's not sexy.\n""]"
354,"['00:55:22,703', '00:55:24,784']","["" - It's time to...\n - If you say so.\n""]"
355,"['00:55:26,786', '00:55:29,750']",[' You take that.\n']
356,"['00:55:32,754', '00:55:34,753']","["" She's right.\n The party is over.\n""]"
357,"['00:55:37,800', '00:55:40,965']",[' The after party\n starts in 15 minutes!\n']
358,"['00:55:47,283', '00:55:49,883']","["" there's the door.\n""]"
359,"['00:56:08,774', '00:56:11,939']",[' Shoot!\n']
360,"['00:56:25,828', '00:56:28,907']",[' Me!\n']
361,"['00:56:34,747', '00:56:37,912']",[' There you go!\n']
362,"['00:56:46,666', '00:56:49,789']",[' Get out!\n']
363,"['00:56:58,630', '00:57:01,630']",[' Goldstein.\n']
364,"['00:57:02,633', '00:57:05,798']","["" Give me a fat beat to beat\n my buddy's ass to...\n""]"
365,"['00:57:22,600', '00:57:25,766']","[' Now, put that thing back where you found it\n before someone gets hurt.\n']"
366,"['00:57:41,865', '00:57:45,344']","["" Sorry pal, but\n Iron Man doesn't have a sidekick.\n""]"
367,"['00:57:56,620', '00:57:58,578']",[' Had enough?\n']
368,"['00:58:00,623', '00:58:04,518']","["" Don't you Ms. Potts me. I'm on to you.\n You know what, ever since you came here...\n""]"
369,"['00:58:11,586', '00:58:14,752']","["" Let's get out of here!\n""]"
370,"['00:58:44,606', '00:58:47,815']",[' Out!\n']
371,"['00:59:04,661', '00:59:06,662']",[' You think you got what it takes\n to wear that suit?\n']
372,"['00:59:08,700', '00:59:11,131']",[' - Take your shot.\n - Put it down!\n']
373,"['00:59:13,710', '00:59:16,833']",[' - Drop it Tony\n - Take it!\n']
374,"['01:01:15,609', '01:01:17,338']",[' Colonel.\n']
375,"['01:01:22,569', '01:01:23,689']",[' Yeah.\n']
376,"['01:01:27,876', '01:01:29,171']",[' <i>Clear the area.</i>\n']
377,"['01:01:59,631', '01:02:02,231']","["" I told you I don't wanna\n join your super secret boyband.\n""]"
378,"['01:02:06,040', '01:02:08,059']","["" How's it workin out for you?\n""]"
379,"['01:02:15,726', '01:02:18,936']","["" Honestly I'm a bit hungover\n I'm not sure if you're real or if...\n""]"
380,"['01:02:23,861', '01:02:27,331']","["" - Just my luck. Where is the staff here?\n - Oh, that's not lookin too good.\n""]"
381,"['01:02:31,735', '01:02:35,074']","["" We've secured the perimeter, but I don't think\n we should hold it for too much longer.\n""]"
382,"['01:02:42,740', '01:02:45,654']",[' - Tony... I want you to meet agent Romanoff\n - Hi\n']
383,"['01:02:49,831', '01:02:51,256']",[' I suggest you apologize.\n']
384,"['01:02:53,572', '01:02:56,911']","["" Made your girl your CEO,\n you've given away all your stuff.\n""]"
385,"['01:02:59,199', '01:03:01,639']","["" - If I didn't know better...\n - You don't know better.\n""]"
386,"['01:03:04,359', '01:03:09,483']","["" He took it? You're Iron Man\n and he just took it?\n""]"
387,"['01:03:12,065', '01:03:13,659']",[' Is that possible?\n']
388,"['01:03:16,236', '01:03:19,313']",[' There are redundancies to prevent\n unauthorized usage.\n']
389,"['01:03:24,414', '01:03:26,448']",[' What do you want from me.\n']
390,"['01:03:30,462', '01:03:33,808']","[' - Contrary to your belief, you are not\n the center of my universe. - Yeah I get it.\n']"
391,"['01:03:39,813', '01:03:42,761']",[' Are you gonna steal my kidney and sell it?\n']
392,"['01:03:46,651', '01:03:47,815']",[' What did you just do to me?\n']
393,"['01:03:50,427', '01:03:54,288']","["" That's lithium dioxide. It's gonna take the edge off.\n We're trying to get you back to work.\n""]"
394,"['01:03:58,866', '01:04:03,598']","["" - Then the lag is gonna be an easy fix.\n - Trust me I know I'm good at this stuff.\n""]"
395,"['01:04:06,348', '01:04:10,254']","["" I've tried every combination, every permutation of\n every known element.\n""]"
396,"['01:04:15,353', '01:04:18,171']","[' Hey, hey, hey.\n Special delivery.\n']"
397,"['01:04:23,662', '01:04:25,913']",[' I brought you something.\n']
398,"['01:04:34,014', '01:04:37,352']","["" What do you mean?\n That's the bird.\n""]"
399,"['01:04:39,104', '01:04:41,452']","["" - It's a great bird.\n - It's a beautiful bird.\n""]"
400,"['01:04:47,847', '01:04:52,188']","["" Well listen, even if it's not the bird,\n I mean this is a gorgeous bird.\n""]"
401,"['01:04:59,245', '01:05:02,018']","[' Wait a minute.\n Jack, what is that?\n']"
402,"['01:05:13,861', '01:05:17,592']","["" Ivan... What's this?\n Jack?\n""]"
403,"['01:05:23,169', '01:05:26,338']","[' - Jack, could you put your head in there? - No.\n - Try to put your head in there.\n']"
404,"['01:05:28,303', '01:05:30,860']","["" See Ivan, he can't put his head in\n there. That's...\n""]"
405,"['01:05:33,557', '01:05:34,994']",[' I need to put a guy in there.\n']
406,"['01:05:39,264', '01:05:40,386']",[' Drone better.\n']
407,"['01:05:42,213', '01:05:44,136']",[' Why drone better?\n']
408,"['01:05:46,118', '01:05:48,042']","[' Trust me,\n drone better.\n']"
409,"['01:05:53,402', '01:05:58,177']","["" You said no problem.\n That's what you said to me, you said no problem.\n""]"
410,"['01:06:01,190', '01:06:03,233']","[' Like Iron Man, you understand?\n']"
411,"['01:06:07,192', '01:06:08,749']","[' Hey, man...\n']"
412,"['01:06:13,192', '01:06:15,013']",[' Learn to let go.\n']
413,"['01:06:21,721', '01:06:25,496']","[' You understand? They better\n rock my world, Ivan.\n']"
414,"['01:06:37,077', '01:06:39,808']",[' This ought to get the Senate off my ass.\n']
415,"['01:06:43,515', '01:06:46,638']",[' Good. Get Hammer down here\n to weaponize it.\n']
416,"['01:06:48,779', '01:06:51,774']","["" Justin Hammer's making a weapons presentation\n at the expo.\n""]"
417,"['01:06:53,433', '01:06:54,999']","["" Sir, I don't believe that the expo is...\n""]"
418,"['01:06:58,175', '01:06:59,827']","["" We've got to make this happen.\n""]"
419,"['01:07:03,482', '01:07:04,951']","[' Yes, sir.\n']"
420,"['01:07:08,833', '01:07:10,519']","[' Thank you, sir.\n']"
421,"['01:07:20,534', '01:07:23,309']","["" No it was finished,\n it's never been particularly effective until\n""]"
422,"['01:07:26,538', '01:07:29,775']","[' No, Howard said that the arc reactor was\n a stepping stone to something greater.\n']"
423,"['01:07:31,445', '01:07:34,532']",[' That was gonna dwarf\n the arms race.\n']
424,"['01:07:37,934', '01:07:41,623']",[' that it was gonna make the nuclear reactor\n look like a AAA battery.\n']
425,"['01:07:44,068', '01:07:47,365']",[' Anton Vanko is the other\n side of that coin.\n']
426,"['01:07:49,651', '01:07:52,070']",[' When your father found\n out he had him deported.\n']
427,"['01:07:55,727', '01:07:58,509']",[' and he spent the next 20 years on a vodka\n fuel rage.\n']
428,"['01:08:01,164', '01:08:05,242']",[' His son you had the misfortune of\n crossing paths with in Monaco.\n']
429,"['01:08:07,939', '01:08:09,505']","["" What haven't I tried?\n""]"
430,"['01:08:13,561', '01:08:15,683']",[' to finish what he started.\n']
431,"['01:08:17,302', '01:08:19,684']",[' Are you that guy?\n Huh? Are you?\n']
432,"['01:08:29,570', '01:08:33,396']","["" I don't know where you get your information, but\n he wasn't my biggest fan.\n""]"
433,"['01:08:36,435', '01:08:39,487']",[' He never told me he loved me\n he never even told me he liked me.\n']
434,"['01:08:44,098', '01:08:46,524']","["" and he's passing it down...\n I don't get that.\n""]"
435,"['01:08:48,267', '01:08:49,831']",[' was when he shipped me off to boarding school.\n']
436,"['01:08:50,972', '01:08:53,485']","[' Well, then clearly you know my dad better\n than I did.\n']"
437,"['01:08:55,947', '01:08:57,704']",[' He was one of the founding members\n of The Shield.\n']
438,"['01:09:00,622', '01:09:02,455']","["" Wait, wait, what's this?\n""]"
439,"['01:09:04,327', '01:09:07,318']","["" - You got this, right? - Got what? I don't\n even know what I'm supposed to get.\n""]"
440,"['01:09:10,547', '01:09:12,577']",[' and you remember\n Agent Colson right?\n']
441,"['01:09:14,123', '01:09:15,408']","[' Oh, and Tony...\n']"
442,"['01:09:25,642', '01:09:28,224']","["" We've disabled all communications,\n no contact with the outside world.\n""]"
443,"['01:09:34,473', '01:09:36,298']",[' Please...\n']
444,"['01:09:39,650', '01:09:44,346']","["" If you could send of your goon squad down to the Coffee Bean\n across the street or Starbucks, that'll be nice.\n""]"
445,"['01:09:46,994', '01:09:49,783']",[' Director Fury to use any means necessary\n to keep you on premises.\n']
446,"['01:09:52,525', '01:09:53,916']",[' I will taze you and watch\n']
447,"['01:09:56,178', '01:09:59,649']","["" - I think I got it, yeah.\n - Enjoy your evening's entertainment.\n""]"
448,"['01:10:28,109', '01:10:31,019']","[' Major, this is not a scientific exercise.\n']"
449,"['01:10:34,054', '01:10:35,808']","[' Yes, sir.\n']"
450,"['01:10:37,548', '01:10:39,495']","[' Oh, yes, yes, yes!\n']"
451,"['01:10:41,594', '01:10:45,107']",[' You gotta.. what did you do?\n What did you do?\n']
452,"['01:10:51,215', '01:10:54,381']","["" Hammer, I want to know\n what you're gonna do for us.\n""]"
453,"['01:10:56,651', '01:10:59,427']","["" First thing I'm gonna do for you is\n I'm gonna upgrade your software,\n""]"
454,"['01:11:06,675', '01:11:08,796']","["" Well you're talking to the right guy.\n""]"
455,"['01:11:14,271', '01:11:16,654']",[' Too downtown?\n I agree.\n']
456,"['01:11:19,969', '01:11:22,614']","["" 5-round magazine, but\n you know what, you're not a hunter.\n""]"
457,"['01:11:24,702', '01:11:27,501']",[' This is the FN-2000 from Belgium.\n']
458,"['01:11:30,367', '01:11:32,765']","["" It's beautiful, but I can tell this isn't\n disco enough for you\n""]"
459,"['01:11:34,281', '01:11:38,885']","["" You're looking at a Milkor 40 mm grenade launcher.\n Tear gas, smoke.\n""]"
460,"['01:11:41,264', '01:11:44,195']","[' Let me tell you something,\n Size does matter.\n']"
461,"['01:11:46,188', '01:11:51,027']",[' This is an M134 7.62 minigun.\n Six individual barrels.\n']
462,"['01:11:53,489', '01:11:57,289']",[' Our boys in uniform call it Uncle Gazpacho\n or Puff the Magic Dragon.\n']
463,"['01:12:03,585', '01:12:07,470']","[' These are the Cubans baby.\n These are the Cohibas, the Montecristos...\n']"
464,"['01:12:11,095', '01:12:15,314']",[' with a secondary cyclotrimethylenetrinitramine\n RDX burst.\n']
465,"['01:12:19,524', '01:12:21,525']",[' If it were any smarter it would write a book.\n']
466,"['01:12:25,396', '01:12:27,080']",[' And would read it to you.\n']
467,"['01:12:31,414', '01:12:35,424']","["" My Pieta. It's completely\n elegant, it's bafflingly beautiful.\n""]"
468,"['01:12:41,386', '01:12:43,893']",[' I call it the Ex-Wife.\n']
469,"['01:12:55,322', '01:12:58,194']","["" How are you gonna do this? Give me something.\n You're like a sphinx.\n""]"
470,"['01:13:00,244', '01:13:01,495']","["" I think I'll take it.\n""]"
471,"['01:13:06,085', '01:13:07,424']",[' All of it?\n']
472,"['01:13:44,679', '01:13:48,537']",[' <i>Everything is achievable through technology.</i>\n']
473,"['01:13:51,062', '01:13:54,487']",[' <i>And for the first time\n in human history...</i>\n']
474,"['01:13:57,446', '01:14:00,887']","["" <i>I'm Howard Stark. And everything\n you'll need for the future,</i>\n""]"
475,"['01:14:02,619', '01:14:06,629']","[' <i> City of Future, City of\n of Tomorrow? Hang on.</i>\n']"
476,"['01:14:12,925', '01:14:15,932']","["" <i> And everything you'll need in\n the future can be found right here.</i>\n""]"
477,"['01:14:22,604', '01:14:24,772']",[' <i> Tony? What are you doing back there?\n What is that?</i>\n']
478,"['01:14:28,779', '01:14:30,702']",[' <i>Where is your mother?\n Maria...</i>\n']
479,"['01:14:35,455', '01:14:37,336']",[' <i>Sorry I think we got the...</i>\n']
480,"['01:14:44,132', '01:14:45,910']",[' <i>Are you waiting on me?</i>\n']
481,"['01:14:53,020', '01:14:54,145']",[' <i> my ass.</i>\n']
482,"['01:14:58,819', '01:15:01,285']",[' <i>That looks ridiculous.</i>\n']
483,"['01:15:04,743', '01:15:06,500']",[' <i>is achievable...</i>\n']
484,"['01:15:21,266', '01:15:22,767']",[' <i>Tony...</i>\n']
485,"['01:15:29,318', '01:15:31,408']",[' <i> I built this for you.</i>\n']
486,"['01:15:37,329', '01:15:39,377']","["" <i>It represents my life's work.</i>\n""]"
487,"['01:15:45,464', '01:15:48,055']","["" <i>I'm limited by the technology\n of my time.</i>\n""]"
488,"['01:15:50,888', '01:15:55,398']",[' <i>And when you do...\n you will change the world.</i>\n']
489,"['01:16:03,447', '01:16:05,120']",[' <i>is you.</i>\n']
490,"['01:16:26,185', '01:16:29,000']","["" - $6.\n - I don't have any...\n""]"
491,"['01:16:34,488', '01:16:36,015']","[' Take it, take it.\n']"
492,"['01:16:39,453', '01:16:41,793']",[' - Are you Iron Man?\n - Sometimes.\n']
493,"['01:16:44,167', '01:16:46,967']",[' It was an illegal seizure\n of trademarked property.\n']
494,"['01:16:49,591', '01:16:52,850']","["" - He refuses to...\n - I don't. It's fine. I'll just be a second.\n""]"
495,"['01:16:59,438', '01:17:02,316']",[' <i>When Mr. Stark announced he was the Iron Man</i>\n']
496,"['01:17:06,531', '01:17:08,538']",[' <i>Obviously he did not.</i>\n']
497,"['01:17:10,870', '01:17:13,419']","[' <i>a woman named\n Virginia ""Pepper"" Potts,</i>\n']"
498,"['01:17:15,897', '01:17:18,128']",[' <i>What are her qualifications?</i>\n']
499,"['01:17:18,755', '01:17:21,221']",[' - Ms. Potts is doing nothing to manage the terrible\n situation... - Mute.\n']
500,"['01:17:27,434', '01:17:29,232']",[' and then not let me pursue this.\n']
501,"['01:17:30,938', '01:17:33,070']","[' Well then, tell the President\n to sign an order.\n']"
502,"['01:17:36,696', '01:17:38,911']","["" Hammer's giving some presentation\n tomorrow evening.\n""]"
503,"['01:17:42,704', '01:17:44,711']","["" - No, he will not.\n - I'd like to be.\n""]"
504,"['01:17:47,501', '01:17:49,634']","[' Come on, you just got off the phone.\n 30 seconds.\n']"
505,"['01:17:54,928', '01:17:59,313']","["" I was driving over here, and I thought\n I was coming basically to apologize, but I'm not.\n""]"
506,"['01:18:03,607', '01:18:07,360']","["" But I haven't been entirely up front\n with you\n""]"
507,"['01:18:09,031', '01:18:12,492']",[' Can I move this?\n This is crazy I got ferris wheel...\n']
508,"['01:18:16,624', '01:18:18,464']",[' Do you know how short life is?\n']
509,"['01:18:22,047', '01:18:24,926']","[' and by the way somewhat revelatory to me,\n']"
510,"['01:18:27,743', '01:18:30,605']","["" I'm not expecting you to...\n Look, here's what I'm trying to say.\n""]"
511,"['01:18:33,939', '01:18:37,323']","["" one more time, I'm gonna actually hurl\n something at your head, I think.\n""]"
512,"['01:18:42,116', '01:18:42,996']",[' Yes.\n']
513,"['01:18:46,038', '01:18:49,421']","["" All I'm doing is putting out your fire\n and taking the heat for it.\n""]"
514,"['01:18:59,223', '01:19:01,146']",[' Did you bring me strawberries?\n']
515,"['01:19:06,727', '01:19:07,900']","["" You're allergic to strawberries, uh-uh.\n""]"
516,"['01:19:15,661', '01:19:17,834']","["" - I need you...\n - And I need you too, that's what I'm trying to say.\n""]"
517,"['01:19:25,006', '01:19:26,179']",[' Ms Potts.\n']
518,"['01:19:30,764', '01:19:32,333']",[' Thank you.\n']
519,"['01:19:35,104', '01:19:38,737']","["" - I'm good Hap.\n - I'll be just... another minute.\n""]"
520,"['01:19:45,575', '01:19:46,768']",[' No.\n']
521,"['01:19:51,959', '01:19:54,425']",[' Here at Stark... Enterprises.\n']
522,"['01:19:57,425', '01:20:00,761']","["" I thought you two\n didn't get along.\n""]"
523,"['01:20:03,933', '01:20:05,059']",[' No? Nothing?\n']
524,"['01:20:09,352', '01:20:10,530']",[' Absolutely.\n']
525,"['01:20:21,748', '01:20:22,593']",[' How do you do it?\n']
526,"['01:20:25,410', '01:20:27,448']",[' Is there anything real about you?\n Do you even speak Latin?\n']
527,"['01:20:29,640', '01:20:32,585']",[' Which means?\n What did you just say?\n']
528,"['01:20:37,510', '01:20:38,974']","["" You're good!\n""]"
529,"['01:21:41,657', '01:21:43,268']",[' I need a manipulable projection.\n']
530,"['01:21:56,865', '01:22:01,417']",[' - How many buildings are there?\n - Am I to include the Belgian waffles stand?\n']
531,"['01:22:16,475', '01:22:18,523']","[' What does that look like to you, Jarvis?\n']"
532,"['01:22:21,398', '01:22:25,324']","[' In which case, the nucleus... would be here.\n']"
533,"['01:22:36,606', '01:22:41,887']","["" - Notice the footpaths. Get rid of them.\n - What is it you're trying to achieve, sir?\n""]"
534,"['01:22:46,556', '01:22:47,853']",[' ... a new element.\n']
535,"['01:22:52,314', '01:22:54,279']","[' parking lots, exits, entrances.\n']"
536,"['01:23:01,451', '01:23:05,127']",[' using flags the pavillions as the framework.\n']
537,"['01:23:33,869', '01:23:35,917']",[' ...still taking me to school.\n']
538,"['01:23:46,469', '01:23:47,636']","[' Thanks, Dad.\n']"
539,"['01:23:54,814', '01:23:58,698']","["" Get ready for major remodel, fellas!\n We're back in hardware mode.\n""]"
540,"['01:24:48,803', '01:24:50,924']",[' That was like three years ago.\n Where have you been?\n']
541,"['01:24:55,645', '01:24:59,857']","["" Hey, I'm playing for the home team, Colson\n You and all your Fabulous Furry Freak Brothers.\n""]"
542,"['01:25:03,364', '01:25:04,703']","["" What's this doing here?\n""]"
543,"['01:25:09,330', '01:25:10,836']",[' Bring it to me.\n']
544,"['01:25:15,358', '01:25:16,719']",[' Lift the coil.\n']
545,"['01:25:19,718', '01:25:21,141']",[' And...\n']
546,"['01:25:27,145', '01:25:28,234']",[' Perfectly level.\n']
547,"['01:25:31,192', '01:25:33,866']","["" Good bye. I've been reassigned.\n""]"
548,"['01:25:35,572', '01:25:38,373']","["" - Fantastic, the land of enchantment.\n - So I'm told.\n""]"
549,"['01:25:41,622', '01:25:42,753']",[' - Good luck.\n - Bye.\n']
550,"['01:25:44,919', '01:25:47,635']","[' - Yeah, more than you know.\n - Not that much.\n']"
551,"['01:26:14,833', '01:26:17,382']",[' <i>Approaching maximum power.</i>\n']
552,"['01:27:22,486', '01:27:24,389']","[' <i>Congratulations, sir.</i>\n']"
553,"['01:27:36,505', '01:27:40,034']","[' <i>Sir, the reactor has accepted the\n modified core.</i>\n']"
554,"['01:27:48,833', '01:27:50,590']","[' Hey, Ivan.\n']"
555,"['01:27:54,904', '01:27:58,768']",[' - The drone is not going to be ready.\n - Not ready... What do you mean?\n']
556,"['01:28:02,435', '01:28:07,404']","[' - What the hell is the difference?\n - Presentation, no fly, no shoot.\n']"
557,"['01:28:10,716', '01:28:12,536']",[' This is a weapons demonstration.\n']
558,"['01:28:14,785', '01:28:17,375']","[' You can make salute, what do you mean\n make salute?\n']"
559,"['01:28:19,750', '01:28:22,132']","["" <i>It's not what we agreed to, okay.</i>\n""]"
560,"['01:28:24,792', '01:28:28,682']","[' - Hey man, everything will be okay.\n - This is not what I wanted.\n']"
561,"['01:28:45,659', '01:28:47,583']","[' Oh, now you like the bird, is that right?\n']"
562,"['01:28:51,542', '01:28:54,926']","["" You said it wasn't, but now\n it's like you're best of pals.\n""]"
563,"['01:28:57,341', '01:28:59,014']",[' You know what? Take the bird.\n']
564,"['01:29:07,605', '01:29:09,445']","[' And shoes, take his shoes.\n']"
565,"['01:29:15,824', '01:29:18,957']",[' How does that make you feel?\n You feel bad?\n']
566,"['01:29:24,169', '01:29:26,175']",[' We had a contract!\n']
567,"['01:29:31,720', '01:29:35,397']",[' That was our deal.\n And you did not deliver.\n']
568,"['01:29:39,324', '01:29:41,237']","["" I don't know what you are!\n""]"
569,"['01:29:47,324', '01:29:50,458']","["" If it hadn't, I'd be at your mercy tonight.\n""]"
570,"['01:29:54,709', '01:29:59,131']",[' Now your overpriced paperweights are gonna\n look like a backdrop to my demonstration.\n']
571,"['01:30:03,972', '01:30:08,315']","["" I don't know if you noticed,\n but I don't speak Russian!\n""]"
572,"['01:30:17,740', '01:30:21,708']","["" See these guys? They're your babysitters.\n They are not to be trifled with.\n""]"
573,"['01:30:27,378', '01:30:29,838']","["" And you're gonna make good on our arrangements.\n""]"
574,"['01:30:32,552', '01:30:34,975']",[' a dead man.\n']
575,"['01:30:37,724', '01:30:40,024']",[' Maybe you can watch me on TV.\n']
576,"['01:30:52,328', '01:30:56,500']","[' - Incoming call with a blocked number, sir.\n - Phone privileges reinstated.\n']"
577,"['01:30:58,419', '01:31:03,096']","["" - Colson, how's land of enchantment?\n - Hey, Tony, how you doin'?\n""]"
578,"['01:31:07,056', '01:31:11,477']","["" You told me double cycle's\n more power. Good advice.\n""]"
579,"['01:31:17,361', '01:31:18,403']",[' - Trace it. - Sir.\n']
580,"['01:31:22,952', '01:31:25,960']","[' - Jarvis, where he is?\n - Accessing the Oracle grid.\n']"
581,"['01:31:28,167', '01:31:32,218']",[' What your father did to my family\n over 40 years\n']
582,"['01:31:35,427', '01:31:37,887']","["" Sounds good, let's get together\n and hash it out.\n""]"
583,"['01:31:41,811', '01:31:43,609']","["" I hope you're ready.\n""]"
584,"['01:31:59,041', '01:32:01,674']","["" - Sir.\n - You wanna run some tests, run 'em.\n""]"
585,"['01:32:04,924', '01:32:07,390']","["" - We are unclear as to the effects...\n - I don't wanna hear it, Jarvis!\n""]"
586,"['01:32:29,519', '01:32:33,091']","["" I'll keep the car down here, alright.\n - Thank you Happy.\n""]"
587,"['01:32:58,705', '01:33:01,754']","["" That's what I'm talking about!\n Thanks for coming.\n""]"
588,"['01:33:06,465', '01:33:09,598']","["" this country has had to place its brave men\n and women in harm's way.\n""]"
589,"['01:33:12,181', '01:33:14,730']",[' the days of losing lives were behind us.\n']
590,"['01:33:18,438', '01:33:20,863']","["" That's not fair. That's not right.\n""]"
591,"['01:33:23,529', '01:33:28,498']",[' Regardless it was an impressive innovation\n one that grabbed headlines the world over.\n']
592,"['01:33:34,752', '01:33:38,052']",[' They are about to run out of ink.\n']
593,"['01:33:45,725', '01:33:47,524']",[' Ladies and gentlemen...\n']
594,"['01:33:51,107', '01:33:54,575']",[' ...the new face of the United States military!\n']
595,"['01:33:59,598', '01:34:01,709']",[' Army!\n']
596,"['01:34:25,299', '01:34:28,035']",[' Air Force!\n']
597,"['01:34:53,795', '01:34:57,179']","["" That's a hell of a lot better than some\n cheerleaders, let me tell you.\n""]"
598,"['01:35:01,201', '01:35:05,044']",[' there will always be a need for a man\n to be present at the theater of war.\n']
599,"['01:35:10,582', '01:35:14,447']",[' the variable threat response battle suit\n']
600,"['01:35:18,672', '01:35:20,287']",[' What?\n']
601,"['01:36:01,855', '01:36:03,856']",[' We got trouble.\n']
602,"['01:36:05,859', '01:36:08,399']","["" I'm here on orders.\n Let's not do this right now.\n""]"
603,"['01:36:11,513', '01:36:13,801']",[' All these people are in danger.\n We gotta get them out of here.\n']
604,"['01:36:16,056', '01:36:18,057']","[' I tried that and\n I got tossed around your house, remember?\n']"
605,"['01:36:20,525', '01:36:23,704']",[' Vanko is alive?\n']
606,"['01:36:26,819', '01:36:28,535']",[' Where is Vanko?\n']
607,"['01:36:30,825', '01:36:33,717']","[' What are you doing here, man?\n']"
608,"['01:36:41,553', '01:36:44,732']","["" I can't move.\n I'm locked up, I'm locked up.\n""]"
609,"['01:36:48,562', '01:36:51,700']","["" Let's take it outside.\n""]"
610,"['01:37:13,762', '01:37:16,733']","[' - Jarvis, break in, I need to own him.\n - Yes, sir.\n']"
611,"['01:37:22,253', '01:37:25,745']",[' - On what?\n - On you.\n']
612,"['01:37:47,558', '01:37:50,560']","["" - What's going on, what's happening?\n - The software's been overwritten.\n""]"
613,"['01:37:52,565', '01:37:55,103']",[' - I think he slaved the drones.\n - It is impossible.\n']
614,"['01:37:56,569', '01:37:59,573']","[' - Then call their cells.\n - Their cell phones are not working either, sir.\n']"
615,"['01:38:02,577', '01:38:05,116']","[' Please, please, go away.\n I got this handled.\n']"
616,"['01:38:06,583', '01:38:08,585']","["" In fact, if your guy hadn't showed up\n""]"
617,"['01:38:11,125', '01:38:12,589']",[' Thank you.\n']
618,"['01:38:15,553', '01:38:17,779']","["" You're gonna tell me who's behind\n this.\n""]"
619,"['01:38:19,558', '01:38:22,144']",[' Ivan. Ivan Vanko.\n']
620,"['01:38:28,612', '01:38:32,006']","[' - I need NYPD please.\n - No, no, no honey.\n']"
621,"['01:38:33,326', '01:38:36,001']",[' Step aside.\n']
622,"['01:38:45,551', '01:38:49,144']",[' - How we doing Jarvis?\n - Remote reboot unsuccessful.\n']
623,"['01:39:12,587', '01:39:13,963']","["" I'm not taking you anywhere.\n""]"
624,"['01:40:16,214', '01:40:17,803']","[' Nice work, kid.\n']"
625,"['01:40:28,272', '01:40:30,914']",[' When we arrive I need you to watch the perimeter.\n']
626,"['01:40:36,783', '01:40:38,330']",[' - Watch the road.\n - I got it.\n']
627,"['01:41:12,956', '01:41:14,128']",[' Got it.\n']
628,"['01:41:37,697', '01:41:40,580']","["" - Stay in the car!\n - I'm not staying in the car.\n""]"
629,"['01:41:46,125', '01:41:47,631']","["" Look, I'm not letting you go in there alone.\n""]"
630,"['01:41:54,636', '01:41:56,768']","["" Hey, you can't come in here!\n""]"
631,"['01:42:46,372', '01:42:50,340']","["" - Choose one and focus on that.\n - Have you tried Russian? Why don't you try Russian.\n""]"
632,"['01:43:56,214', '01:43:57,888']","["" - Rhodey, you're still locked on? - Yeah.\n""]"
633,"['01:44:03,976', '01:44:05,648']","[' Wait, wait!\n']"
634,"['01:44:30,594', '01:44:33,060']","[' Sorry buddy, had\n to thin out the herd.\n']"
635,"['01:44:46,657', '01:44:49,582']","["" - What are you doing?\n - I'm rebooting Rhodey's suit.\n""]"
636,"['01:45:13,610', '01:45:14,907']",[' Reboot complete.\n']
637,"['01:45:19,367', '01:45:24,795']","["" Well done with the new chest-piece. I'm reading significantly\n higher output and your vitals all look promising.\n""]"
638,"['01:45:27,837', '01:45:30,271']","["" - What do you mean you're not dying? Did you say you're dying?\n - That you?\n""]"
639,"['01:45:32,343', '01:45:34,553']","["" - What's going on?\n - I was going to tell you. I didn't want to..\n""]"
640,"['01:45:37,642', '01:45:41,438']","["" - Why didn't you tell me that?\n - I was gonna make you an omelette and tell you!\n""]"
641,"['01:45:44,880', '01:45:46,360']","["" Looks like the fight's coming to you.\n""]"
642,"['01:45:48,113', '01:45:50,992']","["" - I'm fine. Don't be mad. I will formally...\n - I am mad.\n""]"
643,"['01:45:54,789', '01:45:56,922']","["" - We could've been in Venice.\n - Oh, please...\n""]"
644,"['01:46:01,381', '01:46:03,097']","[' Snap out of it, buddy!\n I need you.\n']"
645,"['01:46:10,436', '01:46:12,400']","[' Oh man, you can have your suit back.\n']"
646,"['01:46:20,824', '01:46:23,848']","["" - Tony, look... I'm sorry.\n - Don't be.\n""]"
647,"['01:46:26,582', '01:46:28,604']","["" No it's your fault. I just wanted\n to say I'm sorry.\n""]"
648,"['01:46:32,173', '01:46:35,472']","["" They're coming in hot. Any\n second. What's the play?\n""]"
649,"['01:46:39,119', '01:46:42,247']",[' the biggest gun up on that ridge. - Got you.\n']
650,"['01:46:44,356', '01:46:46,733']","[' - I mean me.\n - I have a big gun, you are not the big gun.\n']"
651,"['01:46:49,190', '01:46:51,661']","["" - It's called being a bad ass.\n - Fine.\n""]"
652,"['01:46:56,872', '01:46:58,535']","["" it's the worst place to be.\n""]"
653,"['01:47:52,487', '01:47:54,077']","[' - See that?\n - Yea, yea, nice.\n']"
654,"['01:48:04,420', '01:48:05,467']",[' Get down!\n']
655,"['01:48:18,940', '01:48:22,741']","["" Yeah, sorry boss, I can only use it once.\n It's a one-off.\n""]"
656,"['01:48:28,118', '01:48:29,708']","["" That's your guy here.\n""]"
657,"['01:48:32,875', '01:48:34,417']","[' Hands behind your back, sir.\n']"
658,"['01:48:40,176', '01:48:43,769']","["" I get it. I see what you're doing. Trying\n to pin this on me, huh?\n""]"
659,"['01:48:48,348', '01:48:51,628']","["" I like that.\n You think you're making a problem for me?\n""]"
660,"['01:48:59,702', '01:49:03,628']","[' When they get here, I think you should station them\n at the Southeast and both West exits.\n']"
661,"['01:49:06,002', '01:49:09,135']","[' Well, have city buses there to ferry people\n to operating lines.\n']"
662,"['01:49:10,967', '01:49:12,891']","["" No, I'm gonna stay until the park is clear.\n""]"
663,"['01:49:20,522', '01:49:22,820']",[' Repulsor signature\n is significantly higher.\n']
664,"['01:49:36,334', '01:49:37,715']","["" This ain't gonna be good.\n""]"
665,"['01:49:45,471', '01:49:46,603']",[' The what?\n']
666,"['01:50:01,660', '01:50:02,832']",[' We got this.\n']
667,"['01:50:58,830', '01:51:00,654']",[' You wanna be a hero?\n']
668,"['01:51:03,409', '01:51:06,323']",[' - Put your hand up.\n - This is your idea?\n']
669,"['01:51:13,672', '01:51:15,303']",[' Hit him!\n']
670,"['01:51:52,119', '01:51:54,877']",[' All these drones are rigged to blow\n We gotta get out of here man.\n']
671,"['01:52:36,470', '01:52:38,513']","["" Oh my god, I can't take this anymore!\n""]"
672,"['01:52:39,682', '01:52:41,037']","[' What do you mean, look at me!\n']"
673,"['01:52:45,185', '01:52:47,149']",[' or wreck the whole company...\n']
674,"['01:52:49,780', '01:52:51,739']","["" I quit.\n I'm resigning.\n""]"
675,"['01:52:54,097', '01:52:57,226']","["" What did you just say?\n You're done?\n""]"
676,"['01:52:59,792', '01:53:03,714']","["" I get it.\n You don't have to make any excuses.\n""]"
677,"['01:53:06,093', '01:53:09,644']","["" I wasn't making an excuse but I'm actually very justified.\n""]"
678,"['01:53:12,184', '01:53:14,316']","["" You've taken such good care of me.\n""]"
679,"['01:53:17,817', '01:53:20,027']",[' - Right?\n - Thank you.\n']
680,"['01:53:23,408', '01:53:25,925']","["" - Let's start clean up.\n - I'll handle the transition. It'll be smooth.\n""]"
681,"['01:53:28,497', '01:53:31,548']","["" - With you it's like dog years.\n - I know.\n""]"
682,"['01:53:45,228', '01:53:46,776']",[' Weird.\n']
683,"['01:53:48,086', '01:53:50,671']","["" - It's okay, right?\n - Yeah.\n""]"
684,"['01:53:53,322', '01:53:56,721']",[' You guys look like two seals fighting over a grape.\n']
685,"['01:54:00,311', '01:54:01,931']",[' - I heard the whole thing.\n - You should get lost.\n']
686,"['01:54:04,441', '01:54:07,569']","["" - I thought you were out of one-liners?\n - That's the last one.\n""]"
687,"['01:54:10,470', '01:54:13,390']","[' Listen, my car got taken out in the explosions\n']"
688,"['01:54:16,520', '01:54:18,792']",[' Not okay with thats.\n']
689,"['01:54:27,451', '01:54:29,228']","["" I don't understand...\n""]"
690,"['01:54:51,253', '01:54:53,927']","["" I'm not sure it pertains to you anymore.\n""]"
691,"['01:55:00,369', '01:55:02,731']",[' Read it.\n']
692,"['01:55:07,274', '01:55:09,970']","[' In my own defense, that\n was last week.\n']"
693,"['01:55:15,411', '01:55:18,017']","["" I mean, please, aren't we all?\n""]"
694,"['01:55:22,086', '01:55:24,552']",[' Agreed.\n']
695,"['01:55:29,492', '01:55:32,062']",[' - I gotta think about it.\n - Read on.\n']
696,"['01:55:38,984', '01:55:42,868']","["" That doesn't make any sense. How can\n you approve me but not approve me?\n""]"
697,"['01:55:49,310', '01:55:53,043']","["" I'm in a stable-ish relationship.\n""]"
698,"['01:56:04,435', '01:56:07,234']","["" You can't afford me.\n""]"
699,"['01:56:12,362', '01:56:14,994']",[' in exchange for a small favor.\n']
700,"['01:56:18,537', '01:56:21,086']",[' and we need a presenter.\n']
701,"['01:56:25,755', '01:56:27,923']",[' It is my honor to be here today\n']
702,"['01:56:32,597', '01:56:36,377']",[' and Mr. Tony Stark\n who is of course\n']
703,"['01:56:40,274', '01:56:44,152']",[' Thank you Lieutenant Colonel\n for such an exceptionally distinguished performance.\n']
704,"['01:56:48,368', '01:56:53,588']","[' Mr Stark, thank you for\n such an exceptionally distinguished performance.\n']"
705,"['01:56:56,107', '01:56:58,678']",[' Oh sorry.\n']
706,"['01:57:03,930', '01:57:05,519']","["" Let's get a photo.\n""]"
