,time,content
0,"['00:00:01,920', '00:00:06,951']",[' Subtitled by: jnb_bd\n jnb_bd@yahoo.com\n']
1,"['00:00:09,440', '00:00:12,091']","[' <i>""We create our own demons.""</i>\n']"
2,"['00:00:15,800', '00:00:17,609']","["" <i>Doesn't matter.\n I said it because he said it.</i>\n""]"
3,"['00:00:19,480', '00:00:21,881']","["" <i>and it's basically getting said\n by two well-known guys.</i>\n""]"
4,"['00:00:23,800', '00:00:25,802']","["" <i>I'm going to start again.</i>\n""]"
5,"['00:00:30,960', '00:00:32,485']","["" ('90s POP SONG PLAYING)\n""]"
6,"['00:00:35,440', '00:00:39,809']",[' <i>â™ª About a little guy that\n lives in a blue world</i>\n']
7,"['00:00:43,720', '00:00:48,009']",[' <i>â™ª Is just blue like him\n inside and outside</i>\n']
8,"['00:00:51,360', '00:00:52,850']",[' <i>â™ª And a blue Corvette</i>\n']
9,"['00:00:56,600', '00:00:58,329']",[' <i>â™ª And everybody around</i>\n']
10,"['00:01:01,200', '00:01:03,080']",[' (PEOPLE LAUGHING)\n (INDISTINCT CONVERSATIONS)\n']
11,"['00:01:06,640', '00:01:07,880']",[' Half hour till the ball drops.\n']
12,"['00:01:10,280', '00:01:11,520']","[' - Great speech, man!\n HAPPY: - I got you, pal.\n']"
13,"['00:01:13,360', '00:01:14,646']",[' - Edifying.\n - Unintelligible.\n']
14,"['00:01:15,840', '00:01:16,841']","["" It's my favourite kind.\n A winning combo.\n""]"
15,"['00:01:18,880', '00:01:19,927']",[' Probably back in your room\n']
16,"['00:01:21,200', '00:01:22,201']","[' Okay, you can see my research,\n']"
17,"['00:01:24,320', '00:01:25,560']",[' Mr Stark.\n']
18,"['00:01:26,680', '00:01:27,681']","[' Ah, I finally met a man called ""Ho.""\n']"
19,"['00:01:28,840', '00:01:32,083']","[' I would like to\n introduce you to our guest, Dr Wu.\n']"
20,"['00:01:33,800', '00:01:35,641']","["" (GREETS IN MANDARIN)\n - You're a heart doctor.\n""]"
21,"['00:01:38,200', '00:01:40,009']",[' (HONKING)\n']
22,"['00:01:43,360', '00:01:46,489']","[' TONY: <i>It started in\n Bern, Switzerland. 1999.</i>\n']"
23,"['00:01:48,560', '00:01:50,369']",[' <i>- The old days.</i>\n KILLIAN: - Mr Stark!\n']
24,"['00:01:52,920', '00:01:53,921']",[' <i>Why would they?</i>\n']
25,"['00:01:56,520', '00:01:59,364']","["" Aldrich Killian. (STUTTERING)\n I'm a big fan of your work.\n""]"
26,"['00:02:01,000', '00:02:03,241']","[' Well, of course, but, Ms Hansen,\n']"
27,"['00:02:06,920', '00:02:07,921']","["" TONY: Yeah, we're full.\n""]"
28,"['00:02:10,560', '00:02:11,641']","[' What floor you going to, pal?\n']"
29,"['00:02:13,400', '00:02:14,481']","[' The ground floor, actually,\n']"
30,"['00:02:16,680', '00:02:20,401']","["" It's a privately funded think tank\n called Advanced Idea Mechanics.\n""]"
31,"['00:02:22,160', '00:02:24,401']",[' One to throw away and one to not call.\n']
32,"['00:02:28,240', '00:02:30,720']","["" - I see that, because it's on your T-shirt.\n - Aw!\n""]"
33,"['00:02:33,560', '00:02:35,164']","["" Thank you, I'll call you.\n""]"
34,"['00:02:37,920', '00:02:40,127']","["" I'm titillated by the notion\n of working with you.\n""]"
35,"['00:02:41,560', '00:02:43,280']","["" I'll see you up\n on the roof in five minutes.\n""]"
36,"['00:02:44,960', '00:02:46,041']","["" You know what I'm talking about?\n""]"
37,"['00:02:47,280', '00:02:48,611']",[' TONY: Damn betcha.\n']
38,"['00:02:51,520', '00:02:52,726']","[' Well, it was.\n']"
39,"['00:02:54,600', '00:02:55,601']",[' - that governs repair...\n TONY: - Wow.\n']
40,"['00:02:57,080', '00:02:59,526']","["" That's incredible. Essentially,\n you're hacking into the genetic...\n""]"
41,"['00:03:00,760', '00:03:02,200']",[' - ...of a living organism.\n - Exactly.\n']
42,"['00:03:03,640', '00:03:04,641']",[' Is that...\n Can you...\n']
43,"['00:03:06,400', '00:03:08,050']","["" It's not...\n She doesn't like it. She prefers...\n""]"
44,"['00:03:10,480', '00:03:12,244']","["" - Happy...\n - Hmm. That's cute...\n""]"
45,"['00:03:13,880', '00:03:14,927']","["" Because...\n And, no, seriously, don't.\n""]"
46,"['00:03:16,120', '00:03:17,121']","[' MAYA: For now, yeah.\n TONY: Huh.\n']"
47,"['00:03:20,920', '00:03:22,160']","["" - Well, it's...\n BOTH: - Human application.\n""]"
48,"['00:03:23,720', '00:03:25,640']","["" - Dendritic revitalisation.\n - It's revolutionary.\n""]"
49,"['00:03:27,120', '00:03:28,610']",[' ...even limb regrowth.\n']
50,"['00:03:31,640', '00:03:32,801']",[' Wow.\n']
51,"['00:03:35,560', '00:03:37,562']","["" - Aw, you're seeing things.\n - This week.\n""]"
52,"['00:03:49,440', '00:03:50,600']",[' (EXPLOSION)\n (GLASS SHATTERING)\n']
53,"['00:03:52,400', '00:03:53,686']",[' Have you checked\n the telomerase algorithm?\n']
54,"['00:03:55,400', '00:03:57,323']","[' Stay down! Stay down, boss.\n']"
55,"['00:03:59,120', '00:04:01,168']","["" You... You're...\n You're right on me. I made it.\n""]"
56,"['00:04:03,480', '00:04:04,686']",[' (PEOPLE OUTSIDE\n COUNTING DOWN)\n']
57,"['00:04:07,120', '00:04:08,451']",[' She was just talking about it.\n Glitches happen.\n']
58,"['00:04:09,840', '00:04:11,524']",[' (PEOPLE OUTSIDE CHEERING)\n - Hey! Happy New Year!\n']
59,"['00:04:13,000', '00:04:14,286']","["" All right.\n I'll see you in the morning. Good night.\n""]"
60,"['00:04:15,520', '00:04:16,487']","["" HAPPY: - I'll be right outside.\n - Okay, cool.\n""]"
61,"['00:04:37,040', '00:04:38,929']","[' TONY: <i>So, why am I telling you this?</i>\n']"
62,"['00:04:43,600', '00:04:45,364']","["" <i>and I didn't even know it.</i>\n""]"
63,"['00:04:50,720', '00:04:52,449']",[' <i>Then I moved on.</i>\n']
64,"['00:04:57,040', '00:04:59,008']",[' <i>I forgot that night in Switzerland.</i>\n']
65,"['00:05:00,880', '00:05:01,927']",[' JARVIS: <i>Forty-six.</i>\n']
66,"['00:05:03,840', '00:05:05,001']","["" <i>I'm... Well...</i>\n""]"
67,"['00:05:06,600', '00:05:07,601']",[' Ow!\n']
68,"['00:05:10,760', '00:05:12,125']",[' No. Forty-eight.\n']
69,"['00:05:15,400', '00:05:17,164']",[' Micro-repeater\n implanting sequence complete.\n']
70,"['00:05:18,520', '00:05:21,410']","["" <i>I've also prepared a safety briefing\n for you to entirely ignore.</i>\n""]"
71,"['00:05:23,480', '00:05:24,801']","["" All right, let's do this.\n (SNIFFS)\n""]"
72,"['00:05:26,800', '00:05:27,801']","[' Hi, DUM-E.\n']"
73,"['00:05:30,480', '00:05:32,209']",[' Hey. Hey!\n']
74,"['00:05:35,880', '00:05:38,087']",[' Blood on my mat. Handle it.\n']
75,"['00:05:41,160', '00:05:42,161']",[' (WHOOSHING)\n']
76,"['00:05:44,160', '00:05:46,925']","[' Good evening,\n and welcome to the birthing suite.\n']"
77,"['00:05:49,600', '00:05:52,444']","[' <i>of your bouncing,\n bad-ass baby brother.</i>\n']"
78,"['00:05:54,640', '00:05:56,051']",[' <i>Stamp date and time.</i>\n']
79,"['00:05:59,520', '00:06:01,124']",[' Initialise sequence.\n']
80,"['00:06:03,840', '00:06:05,490']","[' Jarvis, drop my needle.\n']"
81,"['00:06:17,400', '00:06:19,243']",[' (SINGING) <i>â™ª Dashing through the snow</i>\n']
82,"['00:06:22,360', '00:06:24,044']","["" <i>â™ª O'er the fields we go</i>\n""]"
83,"['00:06:25,760', '00:06:26,761']",[' (GRUNTS)\n']
84,"['00:06:29,680', '00:06:30,966']",[' Crap.\n']
85,"['00:06:34,480', '00:06:35,925']",[' <i>â™ª A sleighing song tonight</i>\n']
86,"['00:06:37,640', '00:06:39,324']","[' <i>â™ª Jingle bells, jingle bells</i>\n']"
87,"['00:06:40,640', '00:06:41,801']",[' <i>â™ª Jingle all the way</i>\n']
88,"['00:06:43,440', '00:06:45,124']",[' (WHIRRING)\n']
89,"['00:06:47,360', '00:06:48,725']",[' (LAUGHS)\n']
90,"['00:06:50,880', '00:06:52,245']",[' (MUSIC CONTINUES)\n']
91,"['00:06:59,520', '00:07:00,681']",[' Probably a little fast.\n Slow it down.\n']
92,"['00:07:02,160', '00:07:03,161']",[' ...little bit.\n']
93,"['00:07:08,400', '00:07:09,401']",[' (GRUNTS)\n']
94,"['00:07:13,400', '00:07:14,401']",[' (GRUNTS)\n']
95,"['00:07:19,640', '00:07:21,130']",[' (RECORD SCRATCHES)\n (MUSIC STOPS)\n']
96,"['00:07:33,240', '00:07:34,241']","["" I'm the best.\n""]"
97,"['00:07:38,400', '00:07:40,209']",[' (GROANING)\n']
98,"['00:07:44,520', '00:07:47,808']",[' TONY: <i>I guess 72 hours is a long time\n between siestas.</i>\n']
99,"['00:07:51,000', '00:07:52,570']",[' (GROANING SOFTLY)\n']
100,"['00:07:58,640', '00:08:00,608']","["" <i>That's when he happened.</i>\n""]"
101,"['00:08:12,480', '00:08:13,520']",[' (MAN YELLING INDISTINCTLY)\n']
102,"['00:08:14,800', '00:08:16,211']",[' <i>I consider myself a teacher.</i>\n']
103,"['00:08:19,360', '00:08:20,771']",[' <i>America.</i>\n']
104,"['00:08:25,760', '00:08:30,368']","[' <i>In 1864, in Sand Creek, Colorado,\n the US military waited</i>\n']"
105,"['00:08:33,840', '00:08:38,050']",[' <i>Waited to attack and slaughter\n the families left behind</i>\n']
106,"['00:08:41,800', '00:08:43,404']","[' <i>39 hours ago,</i>\n']"
107,"['00:08:48,600', '00:08:50,682']",[' <i>I... I... I did that.</i>\n']
108,"['00:08:52,280', '00:08:55,682']","[' <i>filled with wives and children,\n of course.</i>\n']"
109,"['00:09:01,640', '00:09:04,041']",[' <i>The braves were</i> away.\n']
110,"['00:09:06,760', '00:09:10,048']","[' <i>You continue to resist my attempts\n to educate you, sir.</i>\n']"
111,"['00:09:12,920', '00:09:13,967']",[' (MEN YELLING)\n']
112,"['00:09:15,880', '00:09:17,803']",[' <i>You know who I am.</i>\n']
113,"['00:09:21,400', '00:09:24,006']","["" <i>And you'll never see me coming.</i>\n""]"
114,"['00:09:28,680', '00:09:30,205']","["" <i>let's recap some\n of the frightening developments...</i>\n""]"
115,"['00:09:32,440', '00:09:33,851']",[' <i>The nation remains on high alert.</i>\n']
116,"['00:09:36,880', '00:09:40,009']","["" ELLIS: <i>Central to my administration's\n response to this terrorist event</i>\n""]"
117,"['00:09:42,440', '00:09:45,569']",[' <i>I know him\n as Colonel James Rhodes.</i>\n']
118,"['00:09:47,960', '00:09:49,530']",[' <i>as the tron Patriot.</i>\n']
119,"['00:09:52,560', '00:09:54,722']",[' <i>By taking the guy\n they call War Machine</i>\n']
120,"['00:09:56,600', '00:10:00,207']","[' <i>The same suit,\n but painted red, white and blue.</i>\n']"
121,"['00:10:04,240', '00:10:07,164']","[' <i>You know,\n just in case the paint was too subtle.</i>\n']"
122,"['00:10:09,480', '00:10:11,130']","[' (GRUFFLY)\n ""I am Iron Patriot!"" It sucks.\n']"
123,"['00:10:12,680', '00:10:14,125']",[' All right?\n This sends a better message.\n']
124,"['00:10:16,440', '00:10:19,523']","["" So, what's really going on?\n With the Mandarin.\n""]"
125,"['00:10:26,000', '00:10:28,685']","["" It's classified information, Tony.\n""]"
126,"['00:10:31,520', '00:10:33,568']",[' - Nine.\n - The public only knows about three.\n']
127,"['00:10:36,880', '00:10:37,927']","["" There's no bomb casings.\n""]"
128,"['00:10:40,480', '00:10:42,130']",[' I got a ton of new tech.\n I got a prehensile suit.\n']
129,"['00:10:43,960', '00:10:45,564']",[' It catches explosions in mid-air.\n']
130,"['00:10:47,320', '00:10:49,891']",[' Einstein slept three hours a year.\n Look what he did.\n']
131,"['00:10:52,720', '00:10:53,721']","["" You're going to come at me like that?\n""]"
132,"['00:10:56,160', '00:10:57,161']",[' ...tator.\n']
133,"['00:10:59,040', '00:11:00,007']","["" - If Richard doesn't mind.\n (CHUCKLES)\n""]"
134,"['00:11:01,280', '00:11:02,884']",[' RHODEY: Yeah. Fine with me.\n']
135,"['00:11:07,600', '00:11:10,444']","[' I loved you in <i>A Christmas Story,</i>\n by the way.\n']"
136,"['00:11:13,240', '00:11:16,005']","[' After New York, aliens... Come on.\n']"
137,"['00:11:18,000', '00:11:21,004']","["" Stopping the Mandarin is a priority,\n but it's not...\n""]"
138,"['00:11:22,960', '00:11:24,530']","["" - I get it.\n - It's American business.\n""]"
139,"['00:11:27,200', '00:11:28,611']",[' (EXHALES SHARPLY)\n - Are you okay?\n']
140,"['00:11:30,360', '00:11:32,124']","[' ERIN: Are you okay, Mr Stark?\n']"
141,"['00:11:35,160', '00:11:37,208']",[' (WHISPERING) How did you\n get out of the wormhole?\n']
142,"['00:11:39,040', '00:11:40,480']",[' TONY: What did you say?\n RHODEY: Tony.\n']
143,"['00:11:42,920', '00:11:44,285']","["" (BREATHLESSLY) I'm just\n checking on the suit.\n""]"
144,"['00:11:45,440', '00:11:46,441']",[' Okay.\n']
145,"['00:11:48,560', '00:11:49,561']",[' (GASPING)\n']
146,"['00:11:51,280', '00:11:52,645']",[' Is it the brain?\n']
147,"['00:11:55,800', '00:11:57,564']","[' Okay, so I was poisoned?\n']"
148,"['00:12:05,480', '00:12:06,606']",[' - Me?\n (METALLIC CLINKING)\n']
149,"['00:12:08,960', '00:12:10,928']","[' TONY: Sorry, I gotta split.\n (GRUNTS)\n']"
150,"['00:12:13,240', '00:12:14,287']",[' HAPPY: Badge.\n']
151,"['00:12:16,840', '00:12:18,205']","[' Come on, badge.\n']"
152,"['00:12:22,280', '00:12:24,487']","["" Tony has got them in his basement.\n They're wearing party hats.\n""]"
153,"['00:12:26,840', '00:12:30,811']","["" So, you're suggesting that I replace\n the entire janitorial staff with robots.\n""]"
154,"['00:12:32,640', '00:12:35,644']",[' the human element of human resources\n is our biggest point of vulnerability.\n']
155,"['00:12:38,200', '00:12:39,611']","[' - What?\n - Excuse me, Bambi,\n']"
156,"['00:12:41,160', '00:12:42,650']",[' - Security? Yes?\n - Happy? Okay.\n']
157,"['00:12:45,600', '00:12:47,250']",[' - It is the perfect position for you.\n - Thank you.\n']
158,"['00:12:48,920', '00:12:50,843']","["" - ...since you've taken the post...\n - You don't have to thank me.\n""]"
159,"['00:12:54,520', '00:12:55,601']",[' Thank you.\n']
160,"['00:12:57,320', '00:12:58,560']","["" It's not...\n It is a compliment.\n""]"
161,"['00:13:00,400', '00:13:01,481']",[' - I... Yes.\n SECRETARY: - Excuse me.\n']
162,"['00:13:03,720', '00:13:05,051']",[' - Thank you.\n Did you clear this 4:00 with me?\n']
163,"['00:13:07,040', '00:13:09,361']","[' but right now, I have to go deal with\n this very annoying thing.\n']"
164,"['00:13:11,000', '00:13:13,480']","[' I used to work with him\n and he used to ask me out all the time,\n']"
165,"['00:13:14,720', '00:13:16,484']","["" I don't like the sound of that.\n""]"
166,"['00:13:23,440', '00:13:24,441']",[' Killian?\n']
167,"['00:13:26,600', '00:13:27,965']",[' You look really great.\n']
168,"['00:13:30,400', '00:13:31,606']",[' I... I... I...\n']
169,"['00:13:33,880', '00:13:34,881']",[' Nothing fancy.\n']
170,"['00:13:37,520', '00:13:39,329']","[' And please, call me Aldrich.\n']"
171,"['00:13:41,880', '00:13:44,121']","["" - Happy, it's okay. We're good.\n - Yes.\n""]"
172,"['00:13:46,920', '00:13:48,960']","["" - I'm going to linger right here. Okay.\n - Thank you.\n""]"
173,"['00:13:52,560', '00:13:53,641']",[' (PHONES RINGING)\n']
174,"['00:13:58,040', '00:13:59,565']","[' Hey, guy.\n']"
175,"['00:14:08,560', '00:14:11,131']","["" KILLIAN: After years dodging\n the President's ban\n""]"
176,"['00:14:13,640', '00:14:14,971']",[' my think tank\n']
177,"['00:14:20,000', '00:14:24,085']","["" It's an idea we like to call EXTREMIS.\n""]"
178,"['00:14:29,280', '00:14:31,123']",[' Regard the human brain.\n']
179,"['00:14:37,480', '00:14:38,640']","[' Uh... Wait, hold on, hold on.\n']"
180,"['00:14:40,720', '00:14:42,529']",[' But if I do that...\n']
181,"['00:14:49,720', '00:14:51,643']","["" Strangely mimetic, though,\n wouldn't you say?\n""]"
182,"['00:14:53,160', '00:14:54,810']","["" Thanks, it's mine.\n""]"
183,"['00:14:56,800', '00:14:58,131']","["" This. You're inside my head.\n""]"
184,"['00:15:00,560', '00:15:02,210']","["" Come on up, I'll prove it to you.\n""]"
185,"['00:15:08,000', '00:15:09,001']","[' Now, pinch my arm.\n']"
186,"['00:15:13,360', '00:15:14,600']",[' (GASPS) What is that?\n']
187,"['00:15:18,680', '00:15:21,604']",[' But this is what I wanted to show you.\n']
188,"['00:15:24,200', '00:15:28,364']","[' Now, EXTREMIS harnesses\n our bioelectrical potential\n']"
189,"['00:15:31,520', '00:15:34,649']",[' This is essentially an empty slot\n and what this tells us\n']
190,"['00:15:36,600', '00:15:38,125']","[' our entire DNA, in fact,\n']"
191,"['00:15:40,280', '00:15:41,361']",[' Wow.\n']
192,"['00:15:42,920', '00:15:44,160']","[' (WHISPERS) Oh, wait...\n']"
193,"['00:15:49,440', '00:15:51,408']",[' (CHIMES)\n - Hello?\n']
194,"['00:15:53,760', '00:15:55,205']","[' You know, look...\n I got a real job. What do you want?\n']"
195,"['00:15:56,760', '00:15:57,807']","[' What, harassing interns?\n']"
196,"['00:15:59,240', '00:16:00,241']","["" <i>when I told people\n I was Iron Man's bodyguard?</i>\n""]"
197,"['00:16:02,360', '00:16:04,761']",[' <i>I had to leave\n while I still had a shred of dignity.</i>\n']
198,"['00:16:06,840', '00:16:08,569']","["" What's going on? Fill me in.\n""]"
199,"['00:16:10,000', '00:16:11,525']","["" <i>All right.\n So, she's meeting up with this scientist.</i>\n""]"
200,"['00:16:13,360', '00:16:15,727']","["" <i>I couldn't make his face, at first. Right?\n You know I'm good with faces.</i>\n""]"
201,"['00:16:16,880', '00:16:18,245']","[' <i>Well, so I run his credentials.\n I make him.</i>\n']"
202,"['00:16:21,040', '00:16:22,201']","["" <i>Where were we in '99?</i>\n""]"
203,"['00:16:24,400', '00:16:26,209']","[' - Switzerland.\n - Right, right, exactly.\n']"
204,"['00:16:28,000', '00:16:29,365']","["" Of course you don't remember.\n He's not a blond with a big rack.\n""]"
205,"['00:16:31,240', '00:16:34,323']","["" But now it's, like, getting weird.\n He's showing her his big brain.\n""]"
206,"['00:16:36,240', '00:16:37,801']","[' <i>And she likes it.\n Here, let me show you.</i>\n']"
207,"['00:16:40,440', '00:16:41,761']","[' <i>Look at what? You, watching them?</i>\n']"
208,"['00:16:43,760', '00:16:46,491']","["" I'm not a tech genius like you.\n Just trust me. Get down here.\n""]"
209,"['00:16:48,480', '00:16:49,606']","["" I can't!\n I don't know how to flip the screen!\n""]"
210,"['00:16:52,880', '00:16:54,120']","["" <i>All right?\n I don't work for you.</i>\n""]"
211,"['00:16:56,720', '00:16:57,767']","["" <i>He's shifty.</i>\n""]"
212,"['00:16:58,920', '00:17:00,445']","["" I'm just asking you\n to secure the perimeter.\n""]"
213,"['00:17:02,080', '00:17:03,605']","["" You know what? You should take more\n of an interest in what's going on here.\n""]"
214,"['00:17:05,520', '00:17:06,965']","["" and you're just ignoring her.\n""]"
215,"['00:17:08,200', '00:17:09,531']","["" There's a giant brain.\n There's a shifty character.\n""]"
216,"['00:17:12,440', '00:17:13,880']","[' You know,\n if it gets rough, so be it.\n']"
217,"['00:17:15,800', '00:17:17,802']","[' Yeah, I miss you, too.\n But the way it used to be.\n']"
218,"['00:17:19,200', '00:17:20,406']","["" <i>I don't know\n what's going on with you any more.</i>\n""]"
219,"['00:17:21,640', '00:17:22,641']",[' (STAMMERING)\n I hate to cut you off.\n']
220,"['00:17:23,800', '00:17:26,007']","["" I think there's a gal in H.R.\n who's trying to steal some printer ink.\n""]"
221,"['00:17:28,280', '00:17:29,566']","[' <i>Yeah, nice.</i>\n']"
222,"['00:17:34,640', '00:17:36,608']",[' and recode its DNA.\n']
223,"['00:17:38,840', '00:17:42,481']","[' Unfortunately, to my ears,\n it also sounds highly weaponisable.\n']"
224,"['00:17:46,400', '00:17:48,004']","[' Tony, Tony.\n']"
225,"['00:17:53,880', '00:17:54,927']",[' He turned me down.\n']
226,"['00:17:59,520', '00:18:02,808']","["" who doesn't have to\n answer to Tony any more\n""]"
227,"['00:18:06,360', '00:18:08,931']","["" It's gonna be a no, Aldrich.\n""]"
228,"['00:18:13,680', '00:18:17,002']","["" Well, I can't say that\n I'm not disappointed.\n""]"
229,"['00:18:18,880', '00:18:21,645']","[' ""Failure is the fog\n through which we glimpse triumph.""\n']"
230,"['00:18:23,280', '00:18:24,691']",[' And I have no idea\n what it means.\n']
231,"['00:18:27,120', '00:18:28,645']",[' (CHUCKLES)\n']
232,"['00:18:41,440', '00:18:42,441']",[' (INHALES SHARPLY) Happy.\n']
233,"['00:18:48,000', '00:18:49,490']","[' Yes, I just, um...\n']"
234,"['00:18:53,800', '00:18:55,165']","["" I'm just gonna...\n""]"
235,"['00:19:20,760', '00:19:22,046']",[' (SIGHS)\n']
236,"['00:19:24,000', '00:19:25,365']",[' What the...\n What is that?\n']
237,"['00:19:29,160', '00:19:30,650']","[' What is that, like, Mark 15?\n']"
238,"['00:19:32,640', '00:19:34,529']","[' Something like that.\n You know, everybody needs a hobby.\n']"
239,"['00:19:36,880', '00:19:38,609']",[' TONY: Just breaking it in.\n']
240,"['00:19:40,640', '00:19:41,801']","[' - at first, so...\n (CHUCKLES)\n']"
241,"['00:19:44,280', '00:19:45,486']","[' Yes, I did. I...\n']"
242,"['00:19:48,160', '00:19:50,208']",[' Is it gonna fit through the door?\n']
243,"['00:19:51,880', '00:19:54,247']","["" I got a team of guys coming tomorrow.\n They're gonna blow out that wall.\n""]"
244,"['00:19:55,880', '00:19:57,530']",[' Tense? Good day? Huh?\n']
245,"['00:20:00,360', '00:20:03,967']","["" I don't want to harp on this,\n but did you like the custom rabbit?\n""]"
246,"['00:20:05,600', '00:20:07,011']","[' - Nailed it, right?\n - Wow.\n']"
247,"['00:20:11,080', '00:20:14,562']","["" So, why don't you lift up that face mask\n and give me a kiss?\n""]"
248,"['00:20:16,840', '00:20:19,366']","[' Yep. Damn it, no can do.\n']"
249,"['00:20:21,560', '00:20:23,324']",[' - The facial slit?\n - Uh-huh.\n']
250,"['00:20:25,480', '00:20:28,086']","["" and see if I can't find a crowbar\n to jimmy that thing open?\n""]"
251,"['00:20:29,880', '00:20:32,247']","["" Oh! Except there's been\n (STAMMERING) a radiation leak.\n""]"
252,"['00:20:34,560', '00:20:35,721']","[' (STRAINED)\n At least, let me get you\n']"
253,"['00:20:38,880', '00:20:41,081']",[' - A Geiger counter or something like that.\n (STRAINING)\n']
254,"['00:20:43,600', '00:20:46,809']",[' - This is a new level of lame.\n - Sorry.\n']
255,"['00:20:50,200', '00:20:51,440']",[' - He was just...\n - You mean you.\n']
256,"['00:20:54,360', '00:20:55,441']",[' (SCOFFS IN DISBELIEF)\n']
257,"['00:20:57,360', '00:20:58,566']","[' And yes, I had a quick bite.\n']"
258,"['00:20:59,680', '00:21:01,521']",[' or you were having drinks\n with Aldrich Killian.\n']
259,"['00:21:06,640', '00:21:09,246']","[' Aldrich Killian?\n What, are you checking up on me?\n']"
260,"['00:21:10,400', '00:21:11,526']","["" - No, you're spying on me.\n - I wasn't.\n""]"
261,"['00:21:12,800', '00:21:15,280']",[' Come on. Pep?\n']
262,"['00:21:16,520', '00:21:19,490']",[' My fault. Sorry.\n']
263,"['00:21:23,920', '00:21:27,891']","["" It's been going on for a while.\n I haven't said anything.\n""]"
264,"['00:21:31,480', '00:21:35,007']","["" Oh, really?\n I didn't notice that at all.\n""]"
265,"['00:21:37,760', '00:21:39,961']","["" and then they're over,\n and you still can't explain them.\n""]"
266,"['00:21:44,720', '00:21:46,160']","["" The only reason I haven't cracked up\n""]"
267,"['00:21:48,560', '00:21:49,641']",[' Which is great.\n']
268,"['00:21:51,560', '00:21:54,325']","["" But honey, I can't sleep.\n""]"
269,"['00:21:58,800', '00:22:00,564']",[' I tinker. I... (SIGHS)\n']
270,"['00:22:03,560', '00:22:07,201']","["" And I have to protect the one thing\n that I can't live without.\n""]"
271,"['00:22:09,080', '00:22:11,321']","["" And my suits, they're, uh...\n""]"
272,"['00:22:12,760', '00:22:14,250']","["" They're part of me.\n""]"
273,"['00:22:17,160', '00:22:18,685']",[' Maybe.\n']
274,"['00:22:38,440', '00:22:40,169']",[' Okay.\n']
275,"['00:22:45,400', '00:22:46,765']",[' Better.\n']
276,"['00:22:55,640', '00:22:57,642']",[' (GASPS LOUDLY)\n']
277,"['00:23:02,000', '00:23:03,001']",[' (SHUDDERS)\n']
278,"['00:23:07,120', '00:23:09,646']",[' - Tony. Tony.\n (WHIMPERING)\n']
279,"['00:23:13,720', '00:23:14,960']",[' (PEPPER WHIMPERS)\n']
280,"['00:23:16,400', '00:23:17,447']",[' (POWERS DOWN)\n']
281,"['00:23:20,800', '00:23:22,165']",[' (PEPPER PANTING)\n']
282,"['00:23:26,400', '00:23:28,687']","["" That's not supposed to happen.\n""]"
283,"['00:23:35,080', '00:23:38,084']",[' Can we just... Just let me...\n']
284,"['00:23:40,680', '00:23:42,808']","["" I'm going to sleep downstairs.\n""]"
285,"['00:23:57,200', '00:23:59,248']",[' (PEOPLE SPEAKING\n INDISTINCTLY)\n']
286,"['00:24:13,000', '00:24:13,967']","[' Yes, I can regulate.\n']"
287,"['00:24:25,720', '00:24:27,131']","["" - It's a decent batch.\n (CHUCKLES)\n""]"
288,"['00:24:33,000', '00:24:35,162']","[' I mean, for understanding.\n']"
289,"['00:24:58,760', '00:24:59,921']",[' (GRUNTS)\n']
290,"['00:25:02,200', '00:25:03,565']",[' You out by yourself?\n A little date night?\n']
291,"['00:25:05,240', '00:25:07,004']","["" Yeah, a little movie\n called The Party's Over,\n""]"
292,"['00:25:09,040', '00:25:10,041']","["" Here's the ticket.\n""]"
293,"['00:25:18,280', '00:25:19,691']",[' (GRUNTS)\n (PEOPLE GASP)\n']
294,"['00:25:30,040', '00:25:31,041']",[' (GROANS)\n (PEOPLE SCREAM)\n']
295,"['00:25:32,800', '00:25:33,801']",[' (GROANS)\n']
296,"['00:25:38,920', '00:25:39,967']",[' TAGGART: Savin!\n']
297,"['00:25:42,280', '00:25:44,009']",[' (GROWLING) Help me!\n']
298,"['00:25:50,840', '00:25:51,841']",[' (HORNS HONKING)\n']
299,"['00:26:00,480', '00:26:02,960']",[' (PEOPLE CLAMOURING)\n']
300,"['00:26:11,320', '00:26:13,322']",[' (GROANS SOFTLY)\n']
301,"['00:26:32,440', '00:26:33,601']",[' (GASPS)\n']
302,"['00:26:57,800', '00:26:59,450']",[' (CLAMOURING CONTINUES)\n']
303,"['00:27:09,360', '00:27:12,170']",[' THE MANDARIN: <i>True story\n about fortune cookies.</i>\n']
304,"['00:27:13,680', '00:27:16,570']",[' <i>They sound Chinese.</i>\n']
305,"['00:27:20,840', '00:27:25,641']","["" <i>Which is why they're hollow,\n full of lies</i>\n""]"
306,"['00:27:29,080', '00:27:33,722']",[' <i>My disciples just destroyed\n another cheap American knockoff.</i>\n']
307,"['00:27:37,480', '00:27:39,721']","[' <i>Mr President,</i>\n']"
308,"['00:27:42,760', '00:27:47,482']",[' <i>But this season of terror\n is drawing to a dose.</i>\n']
309,"['00:27:49,840', '00:27:51,604']",[' <i>- the big one is coming.</i>\n (CHEERING)\n']
310,"['00:28:07,720', '00:28:08,846']",[' - Hi.\n - Oh!\n']
311,"['00:28:11,520', '00:28:12,681']",[' Sure.\n']
312,"['00:28:23,920', '00:28:26,844']","["" That's his show. He thinks it's elegant.\n""]"
313,"['00:28:31,640', '00:28:32,846']","["" He's a stickler for that sort of thing.\n""]"
314,"['00:28:36,120', '00:28:38,168']","["" We're awaiting the arrival\n of Tony Stark.\n""]"
315,"['00:28:39,920', '00:28:41,524']",[' His reaction\n to the latest attack.\n']
316,"['00:28:44,120', '00:28:47,522']",[' Our sources are telling us that all signs\n are pointing to another Mandarin attack.\n']
317,"['00:28:49,800', '00:28:52,804']","[' MALE REPORTER: Hey, Mr Stark.\n When is somebody gonna kill this guy?\n']"
318,"['00:28:55,240', '00:28:56,651']",[' (CAMERAS CLICKING)\n']
319,"['00:29:02,000', '00:29:03,650']","["" Here's a little holiday greeting\n""]"
320,"['00:29:06,240', '00:29:08,641']","["" I just didn't know\n how to phrase it until now.\n""]"
321,"['00:29:12,440', '00:29:15,523']","["" I know you're a coward.\n So I've decided\n""]"
322,"['00:29:18,360', '00:29:20,044']","["" I'm gonna come get the body.\n""]"
323,"['00:29:23,520', '00:29:26,205']","["" There's no Pentagon,\n it's just you and me.\n""]"
324,"['00:29:30,200', '00:29:33,682']",[' 10880 Malibu Point.\n']
325,"['00:29:36,040', '00:29:37,883']","["" I'll leave the door unlocked.\n""]"
326,"['00:29:40,560', '00:29:41,686']",[' (REPORTERS GASP)\n']
327,"['00:29:48,240', '00:29:51,449']","["" JARVIS: <i>I've compiled\n a Mandarin database for you, sir,</i>\n""]"
328,"['00:29:55,840', '00:29:58,411']",[' <i>Initiating virtual crime scene\n reconstruction.</i>\n']
329,"['00:30:04,440', '00:30:08,764']","[' The name is an ancient Chinese war\n mantle meaning ""advisor to the king.""\n']"
330,"['00:30:12,240', '00:30:14,686']",[' Talks like a Baptist preacher.\n']
331,"['00:30:19,200', '00:30:22,761']","[' <i>The heat from the blast was in excess\n of 3, 000 degrees Celsius.</i>\n']"
332,"['00:30:26,560', '00:30:29,245']",[' No bomb parts found in a three-mile\n radius of the Chinese Theatre?\n']
333,"['00:30:32,360', '00:30:33,361']","[' Talk to me, Happy.\n']"
334,"['00:31:05,400', '00:31:06,765']",[' Any military victims?\n']
335,"['00:31:09,160', '00:31:11,288']",[' Bring up the thermogenic\n signatures again.\n']
336,"['00:31:13,160', '00:31:15,891']",[' <i>The Oracle cloud\n has completed analysis.</i>\n']
337,"['00:31:17,120', '00:31:21,011']",[' <i>and plotting the last 12 months\n of thermogenic occurrences now.</i>\n']
338,"['00:31:27,400', '00:31:28,765']",[' (SYSTEMS BUZZING)\n']
339,"['00:31:36,480', '00:31:38,721']","["" That. Are you sure\n that's not one of his?\n""]"
340,"['00:31:41,360', '00:31:44,204']",[' <i>The incident was the use of a bomb\n to assist a suicide.</i>\n']
341,"['00:31:46,840', '00:31:49,207']",[' <i>The heat signature\n is remarkably similar.</i>\n']
342,"['00:31:53,120', '00:31:55,202']","["" That's two military guys.\n""]"
343,"['00:31:57,680', '00:32:00,160']",[' <i>Creating a flight plan for Tennessee.</i>\n']
344,"['00:32:06,160', '00:32:07,241']",[' Are we still at ding-dong?\n']
345,"['00:32:09,840', '00:32:10,966']",[' ...security lockdown.\n']
346,"['00:32:14,040', '00:32:15,610']","["" <i>There's only so much I can do, sir,</i>\n""]"
347,"['00:32:22,160', '00:32:23,161']",[' (DOOR BUZZES)\n']
348,"['00:32:27,600', '00:32:28,931']",[' (SCANNER HUMS)\n']
349,"['00:32:34,760', '00:32:36,603']","["" You're not the Mandarin.\n""]"
350,"['00:32:40,280', '00:32:41,930']","["" You don't remember.\n (CHUCKLES)\n""]"
351,"['00:32:43,320', '00:32:45,482']","["" Don't take it personally. I don't\n remember what I had for breakfast.\n""]"
352,"['00:32:47,080', '00:32:48,411']","["" That's right.\n""]"
353,"['00:32:51,480', '00:32:52,481']","["" It's urgent.\n""]"
354,"['00:32:58,840', '00:32:59,887']","["" It's...\n""]"
355,"['00:33:04,080', '00:33:05,366']","[' - Is somebody there?\n - Yeah,\n']"
356,"['00:33:07,560', '00:33:09,403']",[' Old botanist pal\n']
357,"['00:33:12,080', '00:33:13,650']","["" Please don't tell me\n there's a 12-year-old kid\n""]"
358,"['00:33:14,920', '00:33:15,921']","["" He's 13.\n""]"
359,"['00:33:17,880', '00:33:19,450']","[' But, what for? Why now?\n']"
360,"['00:33:22,880', '00:33:23,927']","["" I'll be fine.\n""]"
361,"['00:33:25,440', '00:33:27,488']","["" I didn't know we were expecting guests.\n""]"
362,"['00:33:29,520', '00:33:31,249']","["" - She's not, really.\n - No, not really. I...\n""]"
363,"['00:33:34,600', '00:33:36,329']","["" That's how you did it, isn't it?\n""]"
364,"['00:33:38,800', '00:33:40,723']",[' - You saved yourself a world of pain.\n - What?\n']
365,"['00:33:42,480', '00:33:43,481']","["" Okay. We've been through this.\n""]"
366,"['00:33:44,680', '00:33:46,640']",[' - The man says no.\n - Immediately and indefinitely.\n']
367,"['00:33:48,320', '00:33:50,971']","["" I'm sorry, that's a terrible idea.\n Please don't touch her bags.\n""]"
368,"['00:33:52,720', '00:33:54,802']","["" TONY: I can't protect you out there.\n""]"
369,"['00:33:56,920', '00:33:58,968']","[' - Sadly, that is very normal.\n - Yes, this is normal!\n']"
370,"['00:34:01,040', '00:34:02,087']",[' Calm down.\n']
371,"['00:34:04,160', '00:34:05,491']","["" You still haven't even\n told me you liked it.\n""]"
372,"['00:34:06,920', '00:34:07,921']","["" I asked you three...\n You don't like it.\n""]"
373,"['00:34:09,280', '00:34:10,406']","["" That's not even up for discussion.\n""]"
374,"['00:34:12,760', '00:34:14,000']",[' Do we need to worry about that?\n']
375,"['00:34:34,800', '00:34:35,881']",[' (GROANS)\n']
376,"['00:35:01,200', '00:35:02,486']",[' (GASPS)\n']
377,"['00:35:04,720', '00:35:06,722']",[' I got you first.\n']
378,"['00:35:14,360', '00:35:15,805']",[' (GROANS)\n']
379,"['00:35:16,960', '00:35:19,531']","["" Move! I'm right behind you.\n""]"
380,"['00:35:23,760', '00:35:25,240']","["" Get her. I'm gonna find a way around.\n""]"
381,"['00:35:28,360', '00:35:29,691']",[' Go!\n']
382,"['00:35:40,800', '00:35:42,245']",[' (REPULSOR FIRES)\n (BOTH SCREAM)\n']
383,"['00:35:49,400', '00:35:50,845']",[' (GRUNTING)\n']
384,"['00:35:59,080', '00:36:00,570']",[' (GROANING)\n']
385,"['00:36:08,040', '00:36:10,930']","[' JARVIS: <i>Sir, Ms Potts\n is clear of the structure.</i>\n']"
386,"['00:36:19,880', '00:36:21,484']",[' (MACHINE GUN FIRING)\n']
387,"['00:36:26,720', '00:36:27,846']",[' (GROANS)\n']
388,"['00:36:32,240', '00:36:33,685']",[' (GASPS)\n']
389,"['00:36:44,520', '00:36:46,488']","[' <i>Working on it, sir. This is a prototype.</i>\n']"
390,"['00:36:58,360', '00:36:59,407']",[' (REPULSORS FIRING)\n']
391,"['00:37:04,640', '00:37:07,120']","[' <i>Sir, the suit is not combat ready.</i>\n']"
392,"['00:37:28,000', '00:37:29,001']",[' Oh.\n']
393,"['00:37:34,120', '00:37:35,121']",[' (GROANS)\n']
394,"['00:37:41,160', '00:37:43,367']",[' (WHIRRING WEAKLY)\n']
395,"['00:38:19,280', '00:38:20,406']",[' (PANTS)\n']
396,"['00:38:37,040', '00:38:39,088']",[' (SCREAMING) Tony!\n']
397,"['00:38:59,200', '00:39:00,486']",[' (GRUNTS)\n']
398,"['00:39:23,600', '00:39:24,601']",[' (PANTS)\n']
399,"['00:39:30,120', '00:39:32,168']",[' <i>Flight power restored.</i>\n']
400,"['00:39:48,960', '00:39:50,450']",[' (ALARM BLARING)\n <i>- Sir!</i>\n']
401,"['00:39:53,640', '00:39:56,610']","["" <i>That's the emergency alert triggered by\n the power dropping below 5%.</i>\n""]"
402,"['00:39:57,800', '00:40:00,007']",[' (ALARM INCREASES IN INTENSITY)\n']
403,"['00:40:03,880', '00:40:05,120']",[' (SCREAMING)\n']
404,"['00:40:13,320', '00:40:14,401']",[' (GRUNTING)\n']
405,"['00:40:25,360', '00:40:26,521']",[' (SIGHS)\n']
406,"['00:40:34,680', '00:40:37,650']","["" It's snowing, right?\n Where are we, upstate?\n""]"
407,"['00:40:41,520', '00:40:42,965']",[' Why?\n']
408,"['00:40:46,400', '00:40:48,482']",[' What are we doing here?\n This is thousands of miles away!\n']
409,"['00:40:50,520', '00:40:52,841']",[' <i>I prepared a flight plan.\n This was the location.</i>\n']
410,"['00:40:54,720', '00:40:56,000']",[' - Open the suit.\n (CRACKLING) I...\n']
411,"['00:40:57,320', '00:40:58,321']","[' Open it, J.\n']"
412,"['00:41:00,040', '00:41:01,804']",[' (ELECTRICAL CRACKLING)\n']
413,"['00:41:03,720', '00:41:05,404']",[' (SHUDDERING)\n']
414,"['00:41:08,200', '00:41:09,201']",[' (BLOWING)\n']
415,"['00:41:16,560', '00:41:19,325']","[' <i>I actually think\n I need to sleep now, sir.</i>\n']"
416,"['00:41:23,120', '00:41:24,565']",[' Jarvis?\n']
417,"['00:41:50,240', '00:41:51,571']",[' FEMALE SYNTH VOICE: <i>Stark secure server</i>\n']
418,"['00:41:54,680', '00:41:56,011']","["" TONY: <i>Pepper, it's me.</i>\n""]"
419,"['00:41:59,480', '00:42:02,370']","["" So... First off, I'm so sorry\n I put you in harm's way.\n""]"
420,"['00:42:06,280', '00:42:09,363']","["" Also, it's Christmastime\n and the rabbit's too big.\n""]"
421,"['00:42:11,520', '00:42:14,524']","["" And I'm sorry in advance\n""]"
422,"['00:42:17,600', '00:42:19,807']",[' <i>I need to find this guy.</i>\n']
423,"['00:42:23,160', '00:42:26,130']",[' <i>I just stole a poncho\n from a wooden Indian.</i>\n']
424,"['00:42:46,360', '00:42:47,885']",[' (PANTING)\n']
425,"['00:42:54,520', '00:42:56,363']",[' You happy now?\n']
426,"['00:43:09,720', '00:43:11,324']","["" Don't move.\n""]"
427,"['00:43:14,920', '00:43:16,604']",[' Nice potato gun.\n']
428,"['00:43:18,560', '00:43:22,281']","["" Between that and the wide gauge\n it's gonna diminish your FPS.\n""]"
429,"['00:43:26,440', '00:43:27,680']","["" And now you're out of ammo.\n""]"
430,"['00:43:31,520', '00:43:33,443']","["" It's an electromagnet.\n""]"
431,"['00:43:35,880', '00:43:37,041']",[' What does it power?\n']
432,"['00:43:46,040', '00:43:47,963']","[' Oh, my God.\n']"
433,"['00:43:53,040', '00:43:54,690']","["" That's...\n Is that Iron Man?\n""]"
434,"['00:43:56,920', '00:43:59,048']","["" Technically, you're dead.\n""]"
435,"['00:44:02,400', '00:44:03,561']",[' What happened to him?\n']
436,"['00:44:05,240', '00:44:07,720']",[' I built him. I take care of him.\n']
437,"['00:44:10,800', '00:44:11,847']",[' Like a mechanic?\n']
438,"['00:44:13,960', '00:44:15,007']",[' Hmm.\n']
439,"['00:44:17,920', '00:44:19,001']","[' It\'s ""Iron Patriot"" now.\n']"
440,"['00:44:20,320', '00:44:21,651']","["" No, it's not.\n""]"
441,"['00:44:26,000', '00:44:28,446']",[' - Retro-reflective panels?\n - To make him stealth mode.\n']
442,"['00:44:30,640', '00:44:32,600']","["" That's actually a good idea.\n Maybe I'll build one.\n""]"
443,"['00:44:34,320', '00:44:36,448']","["" What are you doing?\n You're gonna break his finger?\n""]"
444,"['00:44:38,160', '00:44:39,161']",[' Sorry.\n']
445,"['00:44:42,280', '00:44:44,567']","["" Don't worry about it, I'll fix it.\n""]"
446,"['00:44:46,440', '00:44:50,809']","[' Well, my mom already left for the diner\n and Dad went to 7-11 to get scratchers.\n']"
447,"['00:44:55,480', '00:44:56,561']",[' Hmm.\n']
448,"['00:44:59,000', '00:45:00,001']","["" Here's what I need.\n""]"
449,"['00:45:03,600', '00:45:06,046']","[' the pneumatic actuator from\n your bazooka over there,\n']"
450,"['00:45:09,760', '00:45:11,728']","["" What's in it for me?\n""]"
451,"['00:45:14,800', '00:45:18,043']","["" The kid that bullies you at school.\n What's his name?\n""]"
452,"['00:45:20,320', '00:45:21,970']",[' I got just the thing.\n']
453,"['00:45:27,360', '00:45:29,080']","["" I'm kidding.\n This is a very powerful weapon.\n""]"
454,"['00:45:32,480', '00:45:33,561']",[' it discourages bullying.\n']
455,"['00:45:38,320', '00:45:39,481']",[' Deal? What do you say?\n']
456,"['00:45:42,880', '00:45:43,881']","["" What's your name?\n""]"
457,"['00:45:46,680', '00:45:47,966']",[' The mechanic.\n']
458,"['00:45:51,880', '00:45:54,201']",[' You know what keeps\n going through my head?\n']
459,"['00:45:56,200', '00:45:58,328']",[' (INDISTINCT CHATTER\n ON RADIO)\n']
460,"['00:46:03,680', '00:46:06,206']",[' Where is Tony Stark?\n']
461,"['00:46:28,520', '00:46:29,760']",[' (BEEPING)\n']
462,"['00:46:34,760', '00:46:36,091']",[' FEMALE SYNTH VOICE: <i>Stark secure server.</i>\n']
463,"['00:46:38,320', '00:46:39,481']","["" TONY: <i>- Pepper, it's me.</i>\n (GASPS)\n""]"
464,"['00:46:42,560', '00:46:45,609']","["" <i>So... First off, I'm so sorry\n I put you in harm's way.</i>\n""]"
465,"['00:46:50,480', '00:46:52,120']",[' PEPPER: Why were you\n at the house tonight?\n']
466,"['00:46:59,240', '00:47:02,210']",[' I think that my boss\n is working for the Mandarin.\n']
467,"['00:47:05,040', '00:47:08,123']",[' I suggest that we get\n ourselves someplace safe.\n']
468,"['00:47:12,480', '00:47:14,608']","["" But Tony says you're a botanist. So...\n""]"
469,"['00:47:17,520', '00:47:19,841']",[' running a team of 40\n out of a privately funded think tank.\n']
470,"['00:47:23,920', '00:47:26,048']","[' This boss of yours,\n does he have a name?\n']"
471,"['00:47:32,160', '00:47:34,481']","["" SAVIN: <i>Well, we took the house down,\n sir. But there's no sign of a body.</i>\n""]"
472,"['00:47:36,080', '00:47:38,321']",[' I have to go.\n']
473,"['00:47:41,560', '00:47:43,324']","[' Well, you know how he gets.\n']"
474,"['00:47:47,000', '00:47:49,970']",[' (CREW CONVERSING\n INDISTINCTLY)\n']
475,"['00:47:54,640', '00:47:56,927']",[' Unless you want to get shot in the face.\n']
476,"['00:48:11,680', '00:48:12,681']",[' Path is clear.\n']
477,"['00:48:33,920', '00:48:37,049']","[' Well, then, what are we waiting for?\n']"
478,"['00:48:41,400', '00:48:43,846']","["" the rest of the materials, I'll make do.\n""]"
479,"['00:48:45,720', '00:48:46,801']",[' HARLEY: - Yeah?\n - ...I was kind of hoping\n']
480,"['00:48:49,320', '00:48:52,927']","["" HARLEY: (LAUGHS) She's six.\n Anyway, it's a limited edition.\n""]"
481,"['00:48:54,520', '00:48:56,409']",[' TONY: Maybe never.\n Relax about it.\n']
482,"['00:48:58,120', '00:49:00,281']","[' TONY: I dunno. Later.\n Hey, kid, give me a little space.\n']"
483,"['00:49:07,960', '00:49:12,488']",[' HARLEY: I guess this guy named\n Chad Davis used to live roundabouts.\n']
484,"['00:49:16,080', '00:49:20,324']","[' And one day, folks said he went crazy\n and made, you know, a bomb.\n']"
485,"['00:49:29,360', '00:49:31,169']","[' - Six people died, right?\n - Yeah.\n']"
486,"['00:49:39,160', '00:49:42,562']","["" Yeah. That doesn't make sense.\n""]"
487,"['00:49:45,440', '00:49:47,568']",[' Six dead. Only five shadows.\n']
488,"['00:49:49,240', '00:49:52,084']",[' People said these shadows are\n like the marks of souls going to heaven.\n']
489,"['00:49:55,600', '00:49:59,491']","["" He went to hell,\n on account of he didn't get a shadow.\n""]"
490,"['00:50:01,160', '00:50:04,050']","["" - Do you buy that?\n - It's what everyone says.\n""]"
491,"['00:50:09,880', '00:50:12,360']","["" No idea. I'm not...\n I don't care.\n""]"
492,"['00:50:18,520', '00:50:20,568']",[' Does it remind you?\n']
493,"['00:50:22,760', '00:50:24,728']",[' Are they coming back? The aliens?\n']
494,"['00:50:27,840', '00:50:30,002']","[' Remember what I told you,\n that I have an anxiety issue?\n']"
495,"['00:50:31,960', '00:50:34,201']","[' Yeah, a little bit. Can I just catch\n my breath for a second?\n']"
496,"['00:50:36,200', '00:50:38,601']",[' Do you need a plastic bag\n to breathe into?\n']
497,"['00:50:40,680', '00:50:42,011']",[' - Do you need to be on it?\n - Probably.\n']
498,"['00:50:43,640', '00:50:45,130']",[' Are you going completely mental?\n']
499,"['00:50:48,240', '00:50:49,480']",[' Remember when I said\n to stop doing that?\n']
500,"['00:50:54,440', '00:50:56,522']","["" (GRUNTS) Ah, man, you did it,\n didn't you? You happy now?\n""]"
501,"['00:50:58,200', '00:50:59,480']",[' - Hey! Wait up!\n (TONY MUMBLING)\n']
502,"['00:51:02,160', '00:51:03,161']",[' (PANTING)\n']
503,"['00:51:07,160', '00:51:09,003']",[' - What the hell was that?\n (SIGHS)\n']
504,"['00:51:16,840', '00:51:19,207']","[' Okay, back to business.\n Where were we? (SNIFFS)\n']"
505,"['00:51:20,800', '00:51:23,724']","[' Relatives? Mom?\n Mrs Davis, where is she?\n']"
506,"['00:51:25,680', '00:51:27,569']","["" See? Now, you're being helpful.\n""]"
507,"['00:51:31,520', '00:51:32,681']",[' Uh...\n']
508,"['00:51:34,120', '00:51:35,610']",[' Lady?\n']
509,"['00:51:39,560', '00:51:40,561']",[' Thank you.\n']
510,"['00:51:46,240', '00:51:47,241']",[' Nice watch.\n']
511,"['00:51:49,480', '00:51:51,528']","["" Oh, I don't doubt it.\n""]"
512,"['00:51:59,320', '00:52:02,722']",[' (INDISTINCT CONVERSATIONS)\n']
513,"['00:52:17,200', '00:52:18,884']",[' TONY: Mrs Davis?\n']
514,"['00:52:21,520', '00:52:22,521']",[' Free country.\n']
515,"['00:52:29,080', '00:52:30,605']",[' All right.\n']
516,"['00:52:33,920', '00:52:37,129']","["" I just want to say,\n I'm sorry about your loss.\n""]"
517,"['00:52:40,840', '00:52:45,767']","[' Look, I brought your damn file.\n You take it, go.\n']"
518,"['00:52:51,640', '00:52:54,484']","["" Clearly, you're waiting\n for someone else. Huh?\n""]"
519,"['00:52:55,880', '00:52:56,881']",[' Yeah.\n']
520,"['00:53:13,240', '00:53:15,129']","["" I guarantee you, he didn't kill anyone.\n""]"
521,"['00:53:19,280', '00:53:20,281']",[' What?\n']
522,"['00:53:26,640', '00:53:30,361']","["" You're not the person\n that called me after all, are you?\n""]"
523,"['00:53:35,520', '00:53:36,920']","[' (GRUNTS)\n SHERIFF: - Hey, hey, hey!\n']"
524,"['00:53:40,080', '00:53:41,730']","["" - It's called an arrest.\n (GRUNTS)\n""]"
525,"['00:53:43,960', '00:53:45,803']","["" Yes, ma'am, it is. And you are?\n""]"
526,"['00:53:48,000', '00:53:49,843']","[' No, we\'re not ""good.""\n (CHUCKLES HUMOURLESSLY)\n']"
527,"['00:53:51,720', '00:53:53,882']","["" BRANDT: Well, I think it's a little above\n your pay grade, Sheriff.\n""]"
528,"['00:53:55,480', '00:53:57,448']","[' get on the horn\n to Nashville and, uh, upgrade me?\n']"
529,"['00:54:01,920', '00:54:03,360']","[' but, uh, the fun way is always good.\n']"
530,"['00:54:06,120', '00:54:07,451']",[' (SHERIFF GROANS)\n (WOMAN SCREAMS)\n']
531,"['00:54:11,160', '00:54:12,161']",[' (GUN FIRING)\n']
532,"['00:54:19,600', '00:54:22,160']","["" Hey, hot wings, you want to party?\n Come on, you and me, let's go.\n""]"
533,"['00:54:39,360', '00:54:40,407']",[' Watch this.\n']
534,"['00:54:47,200', '00:54:48,406']",[' (GRUNTS)\n']
535,"['00:55:08,720', '00:55:09,881']",[' (GRUNTS)\n']
536,"['00:55:23,160', '00:55:24,241']",[' (CHUCKLES)\n (SIZZLING)\n']
537,"['00:55:26,600', '00:55:27,601']",[' (GROANS)\n']
538,"['00:55:43,240', '00:55:44,366']",[' (BEEPING)\n']
539,"['00:55:49,440', '00:55:50,930']",[' (GASPING)\n']
540,"['00:55:52,920', '00:55:54,206']",[' (GAS HISSING)\n']
541,"['00:55:55,760', '00:55:59,162']","[' Sweetheart, that could be\n the name of my autobiography.\n']"
542,"['00:56:04,080', '00:56:05,286']",[' (MICROWAVE DINGS)\n']
543,"['00:56:24,120', '00:56:25,724']",[' (METAL CREAKING)\n']
544,"['00:56:33,320', '00:56:34,810']",[' (GASPS)\n']
545,"['00:56:53,600', '00:56:54,886']",[' (GRUNTING)\n']
546,"['00:56:59,840', '00:57:01,968']",[' HARLEY: Let me go!\n SAVIN: (MOCKINGLY) Help me!\n']
547,"['00:57:06,200', '00:57:07,361']",[' Anyway.\n']
548,"['00:57:10,680', '00:57:12,648']","[' Mr Stark, I am so sorry.\n']"
549,"['00:57:14,000', '00:57:15,923']","[' ""I want my goddamn file.""\n']"
550,"['00:57:20,360', '00:57:21,885']",[' Remember what I told you\n about bullies?\n']
551,"['00:57:28,440', '00:57:29,680']","[' TONY: You like that, Westworld?\n']"
552,"['00:57:32,200', '00:57:34,009']",[' - we always cover our ass.\n (POWERING UP)\n']
553,"['00:57:37,400', '00:57:38,606']",[' (GASPS)\n']
554,"['00:57:47,080', '00:57:48,161']",[' Ah!\n']
555,"['00:57:58,320', '00:58:00,129']","["" HARLEY: You're welcome.\n""]"
556,"['00:58:01,440', '00:58:02,771']",[' For what? Did I miss something?\n']
557,"['00:58:04,880', '00:58:08,043']","[' Yeah. A, I saved you first.\n B, thanks. Sort of.\n']"
558,"['00:58:10,960', '00:58:14,248']",[' All right? Just play it cool.\n Otherwise you come off grandiose.\n']
559,"['00:58:17,720', '00:58:19,609']","[' Admit it, you need me.\n']"
560,"['00:58:21,400', '00:58:23,440']","[' What I need is for you to go home,\n be with your mom,\n']"
561,"['00:58:25,920', '00:58:27,160']",[' and stay connected to the telephone\n']
562,"['00:58:29,560', '00:58:32,166']","["" Can you feel that? We're done here.\n""]"
563,"['00:58:33,920', '00:58:35,331']","[' Bye, kid.\n']"
564,"['00:58:44,120', '00:58:45,121']",[' You did good.\n']
565,"['00:58:50,200', '00:58:51,201']",[' Yeah.\n']
566,"['00:58:54,280', '00:58:55,770']","["" (CHILDISHLY) I'm cold.\n""]"
567,"['00:58:59,760', '00:59:01,285']","["" Because we're connected.\n""]"
568,"['00:59:13,040', '00:59:14,690']",[' (COUGHS)\n']
569,"['00:59:19,800', '00:59:21,962']","["" SALESWOMAN: <i>You get this.\n It's affordable. It's gorgeous.</i>\n""]"
570,"['00:59:25,320', '00:59:27,641']",[' - What happened to picture?\n WOMAN 1: - Go to override.\n']
571,"['00:59:29,160', '00:59:31,731']",[' - How is this happening again?\n MAN 1: - Fine. Override to Los Angeles.\n']
572,"['00:59:32,920', '00:59:33,921']","[' MAN 2: <i>Well, where is\n the feed coming from?</i>\n']"
573,"['00:59:36,160', '00:59:38,288']","[' The entire East Coast,\n the satellites are down.\n']"
574,"['00:59:39,800', '00:59:40,881']",[' What about a backup manual?\n']
575,"['00:59:43,200', '00:59:47,046']","[' Mr Vice President,\n I think you should see this.\n']"
576,"['00:59:51,120', '00:59:52,326']",[' Is the President getting this?\n']
577,"['01:00:03,440', '01:00:05,204']",[' <i>Mr President.</i>\n']
578,"['01:00:08,160', '01:00:11,562']",[' <i>And I intend to finish this\n before Christmas morning.</i>\n']
579,"['01:00:14,480', '01:00:17,643']",[' <i>Good strong name.\n Good strong job.</i>\n']
580,"['01:00:22,360', '01:00:23,521']",[' (SOBBING)\n']
581,"['01:00:28,680', '01:00:29,886']",[' (SOBBING CONTINUES)\n']
582,"['01:00:32,720', '01:00:35,644']",[' live on your television in 30 seconds.\n']
583,"['01:00:36,920', '01:00:40,322']",[' The number for this telephone\n is in your cell phone.\n']
584,"['01:00:43,720', '01:00:45,370']","[' <i>America,</i>\n']"
585,"['01:00:48,920', '01:00:50,365']",[' <i>Tom fives.</i>\n']
586,"['01:00:51,560', '01:00:53,005']",[' (CONVERSING INDISTINCTLY)\n']
587,"['01:00:55,120', '01:00:57,088']","["" We can't allow terrorists to dictate...\n""]"
588,"['01:00:58,560', '01:00:59,891']","["" I'd strongly advise against that.\n""]"
589,"['01:01:04,880', '01:01:07,884']",[' (PHONE RINGING)\n']
590,"['01:01:17,400', '01:01:18,845']",[' (GUN FIRES)\n (ALL GASP)\n']
591,"['01:01:31,640', '01:01:33,529']","[' So run away, hide,\n kiss your children goodbye.\n']"
592,"['01:01:34,680', '01:01:37,160']","[' not your army, not your red, white\n and blue attack dog,\n']"
593,"['01:01:41,560', '01:01:43,642']","["" <i>I'll see you soon.</i>\n""]"
594,"['01:01:49,200', '01:01:50,929']","[' MILITARY AIDE: Sir, we tracked\n the broadcast signal.\n']"
595,"['01:01:52,920', '01:01:54,046']",[' and the Patriot is ready to strike.\n']
596,"['01:02:06,120', '01:02:07,451']",[' (SIGHS)\n']
597,"['01:02:22,840', '01:02:23,841']",[' (ALL GASPING)\n']
598,"['01:02:29,960', '01:02:31,689']",[' (PHONE RINGS)\n']
599,"['01:02:34,520', '01:02:35,521']",[' Hang on a second.\n']
600,"['01:02:37,560', '01:02:39,210']",[' You ever have a chick straddling you\n and you look up\n']
601,"['01:02:43,440', '01:02:44,726']","["" Yeah, I've had that.\n Who is this?\n""]"
602,"['01:02:45,840', '01:02:47,922']","[' Now, last time I went missing,\n if I remember correctly,\n']"
603,"['01:02:50,160', '01:02:51,491']","[' A little knock-and-talk,\n making friends in Pakistan.\n']"
604,"['01:02:52,920', '01:02:55,764']","[' Your redesign, your big rebrand,\n that was AIM, right?\n']"
605,"['01:02:58,560', '01:03:00,801']","["" I'm gonna find a heavy-duty\n comm sat right now, I need your login.\n""]"
606,"['01:03:03,320', '01:03:04,287']","[' And password, please.\n']"
607,"['01:03:06,560', '01:03:08,847']","[' It\'s not the \'80s,\n nobody says ""hack"" any more.\n']"
608,"['01:03:11,520', '01:03:13,966']","[' ""WAR MACHINE ROX""\n with an all caps.\n']"
609,"['01:03:16,240', '01:03:17,401']",[' (LAUGHING)\n']
610,"['01:03:18,960', '01:03:22,009']","[' That is so much better\n than ""Iron Patriot.""\n']"
611,"['01:03:30,400', '01:03:31,731']",[' EMCEE: <i>Very nice. Very nice.</i>\n']
612,"['01:03:34,600', '01:03:37,126']",[' <i>What would you like\n for Christmas this year?</i>\n']
613,"['01:03:40,400', '01:03:42,402']",[' (CREWS SPEAKING INDISTINCTLY)\n']
614,"['01:03:52,080', '01:03:53,366']","[' EMCEE: <i>One more time!\n Ms Elk Ridge, everybody!</i>\n']"
615,"['01:03:54,600', '01:03:55,681']",[' (SOUND CUTS FROM BROADCAST)\n']
616,"['01:04:04,080', '01:04:05,081']","["" TONY: That ain't gonna cut it.\n""]"
617,"['01:04:08,680', '01:04:10,808']","["" Excuse me, sir.\n I don't know who...\n""]"
618,"['01:04:13,720', '01:04:16,160']","[' Morn, I need to call you back.\n Something magical is happening.\n']"
619,"['01:04:19,160', '01:04:20,685']","["" - Tony Stark is in my van!\n - No, he's not.\n""]"
620,"['01:04:22,440', '01:04:24,001']",[' (WHISPERING)\n Come on in. Close the door.\n']
621,"['01:04:28,520', '01:04:29,760']","[' Oh, wow.\n Can I just say, sir...\n']"
622,"['01:04:31,760', '01:04:32,921']",[' I am your biggest fan.\n']
623,"['01:04:35,240', '01:04:36,287']","[' No, no, no. Just us.\n']"
624,"['01:04:37,560', '01:04:39,130']",[' - Gary.\n - Gary.\n']
625,"['01:04:42,360', '01:04:43,566']",[' - Okay.\n (CHUCKLES) Okay?\n']
626,"['01:04:45,160', '01:04:47,240']","[' - Oh, good. Can I just say?\n - What do you want? Yeah.\n']"
627,"['01:04:50,760', '01:04:52,888']","[' but I have, like, patterned\n my whole look after you.\n']"
628,"['01:04:54,480', '01:04:55,970']","["" It's not right,\n 'cause there's no product in it.\n""]"
629,"['01:04:58,120', '01:05:02,011']","["" I don't want to make things awkward\n for you, but I do have to show you...\n""]"
630,"['01:05:04,000', '01:05:06,651']",[' - A Hispanic Scott Baio.\n (GARY CHUCKLES)\n']
631,"['01:05:09,520', '01:05:14,287']","["" I had them do it off a doll that I made,\n so it's not like it's off a picture.\n""]"
632,"['01:05:17,920', '01:05:21,845']","["" I don't want to clip your wings, here.\n We're both a little over-excited.\n""]"
633,"['01:05:23,920', '01:05:26,681']","["" I'm trying to grab a little something\n from some hard-crypt data files.\n""]"
634,"['01:05:28,120', '01:05:30,282']",[' I need you to jump on the roof...\n Right?\n']
635,"['01:05:32,640', '01:05:34,688']",[' Pump it up by about 40%.\n']
636,"['01:05:36,360', '01:05:37,361']",[' Yeah.\n']
637,"['01:05:39,520', '01:05:40,681']",[' And Gary needs Tony.\n']
638,"['01:05:46,200', '01:05:47,281']",[' (KNOCKING)\n']
639,"['01:06:05,480', '01:06:09,166']",[' KILLIAN: <i>What would you regard\n as the defining moment of your life?</i>\n']
640,"['01:06:12,200', '01:06:13,201']",[' (TYPING)\n']
641,"['01:06:16,560', '01:06:17,800']",[' <i>Ellen Brandt.</i>\n']
642,"['01:06:22,480', '01:06:23,760']",[' <i>Addiction will not be tolerated.</i>\n']
643,"['01:06:26,960', '01:06:28,041']",[' (TYPING)\n']
644,"['01:06:31,640', '01:06:34,769']",[' <i>You are the next iteration\n of human evolution.</i>\n']
645,"['01:06:41,160', '01:06:44,209']","[' <i>I promise you, looking back at your life,\n there will be nothing as bitter</i>\n']"
646,"['01:06:48,520', '01:06:50,170']",[' <i>Today is your glory.</i>\n']
647,"['01:06:52,840', '01:06:55,081']",[' (GROANING)\n']
648,"['01:06:59,520', '01:07:00,521']",[' (SCREAMING)\n']
649,"['01:07:04,120', '01:07:05,441']",[' <i>Get her out!\n Get them out of here!</i>\n']
650,"['01:07:09,000', '01:07:10,047']",[' (ROARING)\n']
651,"['01:07:17,240', '01:07:20,005']","["" The stuff doesn't always work.\n Right, pal?\n""]"
652,"['01:07:22,360', '01:07:24,727']",[' Sold it to the Mandarin.\n']
653,"['01:07:29,800', '01:07:31,643']",[' MAYA: <i>What happened?</i>\n']
654,"['01:07:34,400', '01:07:37,529']","[' Before he built rockets for the Nazis,\n']"
655,"['01:07:42,320', '01:07:44,322']",[' dreamed of space travel.\n']
656,"['01:07:47,800', '01:07:51,282']",[' Do you know what he said when\n the first V-2 hit London?\n']
657,"['01:07:57,640', '01:08:00,325']","[' ""It just landed on the wrong planet.""\n']"
658,"['01:08:06,640', '01:08:11,646']","[' And then the ego steps in,\n the obsession.\n']"
659,"['01:08:16,920', '01:08:19,321']","["" you're a long way from shore.\n""]"
660,"['01:08:23,000', '01:08:25,571']","[' I mean, you gave your research\n to a think tank.\n']"
661,"['01:08:29,480', '01:08:31,801']","["" That's exactly what we used to do.\n""]"
662,"['01:08:35,560', '01:08:37,608']","[' Thank you, Pepper.\n']"
663,"['01:08:42,120', '01:08:43,690']",[' (KNOCK ON DOOR)\n']
664,"['01:08:48,280', '01:08:50,601']","[' - Hi, good evening. Come on in.\n WAITER: - Good evening.\n']"
665,"['01:08:52,360', '01:08:53,771']","[' Maya, run!\n']"
666,"['01:08:56,240', '01:08:57,605']","[' Hi, Pepper.\n']"
667,"['01:09:01,800', '01:09:02,801']","["" I'm trying to fix this thing.\n""]"
668,"['01:09:05,280', '01:09:08,648']","[' Oh, I see. So, you were trying\n to save Stark when he threatened us?\n']"
669,"['01:09:10,760', '01:09:11,886']",[' (GROANS)\n']
670,"['01:09:14,760', '01:09:17,730']","[' Look, if we want to launch product\n next year, I need Stark.\n']"
671,"['01:09:26,200', '01:09:27,929']",[' MAN: (ON RADIO)\n <i>This is support team Blue-Zero.</i>\n']
672,"['01:09:30,760', '01:09:31,807']",[' Copy.\n']
673,"['01:09:39,920', '01:09:41,081']",[' Nobody move.\n']
674,"['01:09:45,200', '01:09:47,282']","[' Oh. Support Blue-Zero,\n']"
675,"['01:09:49,360', '01:09:50,930']","[' involves cheaply-made sportswear,\n']"
676,"['01:09:53,520', '01:09:56,364']","["" Yes, you're free, uh,\n if you weren't before.\n""]"
677,"['01:09:57,760', '01:09:58,761']","["" Yes, ma'am.\n""]"
678,"['01:10:00,160', '01:10:01,161']",[' Happy to help.\n']
679,"['01:10:02,600', '01:10:03,840']","["" It's my pleasure. (GRUNTING)\n""]"
680,"['01:10:11,960', '01:10:14,201']","["" Savin?\n I've acquired the Patriot armour.\n""]"
681,"['01:10:15,720', '01:10:17,961']","["" you're going to have to\n pry my cold dead body out of it.\n""]"
682,"['01:10:21,360', '01:10:23,931']","["" TONY: Harley, tell me what's happening.\n Give me a full report.\n""]"
683,"['01:10:27,640', '01:10:29,441']",[' - How much have you had?\n - Two or three bowls.\n']
684,"['01:10:32,400', '01:10:33,920']","["" That means you're fine.\n Give me Jarvis.\n""]"
685,"['01:10:35,480', '01:10:37,721']","["" JARVIS: <i>It's totally fine, sir.\n I seem to do quite well for a stretch,</i>\n""]"
686,"['01:10:40,960', '01:10:42,246']","[' <i>And, sir, you were right.</i>\n']"
687,"['01:10:45,320', '01:10:47,482']","["" <i>I was able to pinpoint\n the Mandarin's broadcast signal.</i>\n""]"
688,"['01:10:50,000', '01:10:51,968']","[' Iran, Pakistan, Syria?\n Where is it?\n']"
689,"['01:10:53,920', '01:10:56,400']","["" Okay, kid, I'm gonna have\n to walk you through\n""]"
690,"['01:10:57,960', '01:10:59,405']",[' but not right now.\n']
691,"['01:11:00,720', '01:11:02,600']",[' <i>Just look on the screen\n and tell me where it is.</i>\n']
692,"['01:11:06,320', '01:11:09,290']","[' Okay, first things first, I need\n the armour. Where are we at with it?\n']"
693,"['01:11:10,880', '01:11:12,564']",[' (TYRES SCREECHING)\n']
694,"['01:11:18,200', '01:11:21,329']","[' JARVIS: <i>Actually, sir, it is charging,\n but the power source is questionable.</i>\n']"
695,"['01:11:24,040', '01:11:25,883']","["" What's questionable about electricity?\n All right?\n""]"
696,"['01:11:30,560', '01:11:31,846']","[' Oh, God, not again.\n']"
697,"['01:11:35,760', '01:11:37,603']",[' <i>Are you having another attack?</i>\n']
698,"['01:11:39,040', '01:11:42,522']","[' Right, and then you just said it by name\n while denying having said it.\n']"
699,"['01:11:44,640', '01:11:46,608']",[' (PANTING)\n']
700,"['01:11:47,960', '01:11:51,328']","[' Just breathe.\n Really, just breathe.\n']"
701,"['01:11:54,400', '01:11:55,765']",[' Right.\n']
702,"['01:11:58,880', '01:12:00,405']","[' Yes, I did.\n']"
703,"['01:12:15,400', '01:12:16,447']",[' Okay.\n']
704,"['01:12:47,960', '01:12:49,086']",[' (POWERING UP)\n']
705,"['01:13:26,760', '01:13:28,171']",[' (GROANS)\n']
706,"['01:13:29,880', '01:13:31,450']",[' (SCREAMS)\n (DEVICE POWERS UP)\n']
707,"['01:13:42,800', '01:13:43,847']",[' (GROANS)\n']
708,"['01:14:02,280', '01:14:07,286']",[' Why is it so hot in here?\n I told you to put it at 68.\n']
709,"['01:14:08,760', '01:14:11,600']","[' Let me tell you something, sweetheart.\n I am not your personal air con...\n']"
710,"['01:14:12,680', '01:14:13,681']",[' (THUDS)\n']
711,"['01:14:21,720', '01:14:23,006']",[' (CHUCKLES)\n']
712,"['01:15:06,960', '01:15:08,166']",[' (TONY SHUSHING)\n']
713,"['01:15:11,880', '01:15:13,080']",[' MAN: (IN ENGLISH ACCENT) Well.\n']
714,"['01:15:18,040', '01:15:20,407']","[' Now, which one of you is Vanessa?\n']"
715,"['01:15:22,360', '01:15:23,407']",[' Nessie.\n']
716,"['01:15:28,720', '01:15:30,165']","["" There's some guy over here.\n""]"
717,"['01:15:33,680', '01:15:34,727']",[' Hey!\n']
718,"['01:15:38,440', '01:15:39,487']","["" Don't move.\n""]"
719,"['01:15:41,800', '01:15:42,801']",[' Although the guns are all fake\n']
720,"['01:15:44,800', '01:15:47,041']","[' - What?\n - Hey, do you fancy either of the birds?\n']"
721,"['01:15:50,360', '01:15:52,488']","["" You're not him.\n The Mandarin, the real guy.\n""]"
722,"['01:15:53,760', '01:15:55,922']","["" Where's the Mandarin?\n Where is he?\n""]"
723,"['01:15:59,040', '01:16:00,644']","["" - He's here, but he's not here.\n - What do you mean?\n""]"
724,"['01:16:03,040', '01:16:04,644']","["" - It is.\n - It's complicated.\n""]"
725,"['01:16:06,160', '01:16:07,800']",[' Get out of the bed.\n Get into the bathroom.\n']
726,"['01:16:12,640', '01:16:13,880']","[' WOMAN 1: Ew!\n WOMAN 2: Oh, Jesus.\n']"
727,"['01:16:17,120', '01:16:18,770']",[' (GUNSHOT)\n (EXCLAIMS IN FEAR)\n']
728,"['01:16:24,040', '01:16:25,087']",[' TONY: What are you?\n']
729,"['01:16:28,080', '01:16:30,970']","[' What, you mean like an understudy?\n No, absolutely not.\n']"
730,"['01:16:34,560', '01:16:36,722']",[' You got a minute to live.\n Fill it with words.\n']
731,"['01:16:41,120', '01:16:43,248']","[' Then how did you get here, Trevor?\n']"
732,"['01:16:51,440', '01:16:55,684']","[' And I ended up doing things,\n no two ways about it,\n']"
733,"['01:16:58,240', '01:16:59,685']","[' - Next?\n - Then,\n']"
734,"['01:17:02,760', '01:17:04,171']",[' and they knew about the drugs.\n']
735,"['01:17:05,760', '01:17:07,205']","["" They said they'd give me more.\n""]"
736,"['01:17:08,400', '01:17:11,927']",[' They gave me this palace.\n They gave me plastic surgery.\n']
737,"['01:17:14,400', '01:17:15,322']",[' (SNORING)\n']
738,"['01:17:16,720', '01:17:17,721']",[' Hey.\n']
739,"['01:17:19,720', '01:17:22,121']","[' And the thing was, he needed someone\n']"
740,"['01:17:26,840', '01:17:28,080']",[' (MIMICS EXPLOSION)\n']
741,"['01:17:33,200', '01:17:35,168']",[' - Killian?\n - Killian.\n']
742,"['01:17:38,760', '01:17:39,807']",[' Custom-made terror threat.\n']
743,"['01:17:42,280', '01:17:44,044']",[' His think tank thinked it up.\n']
744,"['01:17:46,960', '01:17:49,850']",[' The manipulation\n of Western iconography.\n']
745,"['01:17:53,680', '01:17:54,966']","[' Blah, blah, blah.\n']"
746,"['01:17:56,600', '01:17:58,443']","[' (WITH ACCENT) Of course,\n it was my performance\n']"
747,"['01:17:59,760', '01:18:01,125']",[' Your performance?\n']
748,"['01:18:03,280', '01:18:04,964']","["" No, they didn't.\n""]"
749,"['01:18:09,080', '01:18:11,208']","["" Honestly,\n I wasn't on location for half this stuff.\n""]"
750,"['01:18:13,400', '01:18:15,360']","["" I'm sorry, but I got a best friend\n who's in a coma\n""]"
751,"['01:18:16,920', '01:18:18,001']","["" So you're gonna have\n to answer for that.\n""]"
752,"['01:18:19,640', '01:18:20,641']",[' You under...\n']
753,"['01:18:27,240', '01:18:30,244']","[' Okay, Trevor, what did you tell him?\n']"
754,"['01:18:33,760', '01:18:34,841']",[' No.\n']
755,"['01:18:37,280', '01:18:39,647']","[' Well, I panicked, but then I handled it.\n']"
756,"['01:18:49,120', '01:18:50,281']",[' TONY: Ah...\n']
757,"['01:19:02,360', '01:19:04,010']","["" It's just like old times, huh?\n""]"
758,"['01:19:07,160', '01:19:08,810']","["" It wasn't my idea.\n""]"
759,"['01:19:11,040', '01:19:12,041']",[' I took his money.\n']
760,"['01:19:14,680', '01:19:16,409']",[' - No.\n - Yeah.\n']
761,"['01:19:18,800', '01:19:20,086']",[' Yeah?\n']
762,"['01:19:23,960', '01:19:25,485']","[' A lot has happened, Tony.\n']"
763,"['01:19:28,560', '01:19:30,688']",[' EXTREMIS is practically stabilised.\n']
764,"['01:19:33,000', '01:19:34,445']","["" People are going bang.\n They're painting the walls.\n""]"
765,"['01:19:35,920', '01:19:37,206']",[' Then help me fix it.\n']
766,"['01:19:45,200', '01:19:46,201']",[' Yes.\n']
767,"['01:19:48,920', '01:19:50,206']","["" Is this what\n you've been chasing around?\n""]"
768,"['01:19:53,360', '01:19:56,967']",[' You used to have a moral psychology.\n']
769,"['01:19:59,640', '01:20:01,961']",[' You wanted to help people.\n']
770,"['01:20:04,960', '01:20:06,928']",[' I get to wake up every morning\n with someone who\n']
771,"['01:20:17,440', '01:20:18,441']",[' Get me out of here.\n']
772,"['01:20:24,080', '01:20:26,120']",[' KILLIAN: You know what my old man\n used to say to me?\n']
773,"['01:20:29,960', '01:20:34,329']","[' ""The early bird gets the worm, but\n the second mouse gets the cheese.""\n']"
774,"['01:20:36,760', '01:20:39,161']","[' How can I be pissed at you, Tony?\n']"
775,"['01:20:41,440', '01:20:43,760']","["" You gave me the greatest gift\n that anybody's ever given me.\n""]"
776,"['01:20:46,440', '01:20:48,090']","[' If you think back to Switzerland,\n']"
777,"['01:20:51,280', '01:20:54,170']","[' Well, for the first 20 minutes,\n']"
778,"['01:20:56,640', '01:20:58,449']",[' And the next hour...\n']
779,"['01:21:04,720', '01:21:05,721']",[' If you know what I mean.\n']
780,"['01:21:09,600', '01:21:11,887']","[' But as I looked out over that city,\n']"
781,"['01:21:14,880', '01:21:17,121']",[' <i>no one was even looking.</i>\n']
782,"['01:21:21,800', '01:21:23,006']","[' Anonymity, Tony.\n']"
783,"['01:21:26,560', '01:21:27,641']",[' Right?\n']
784,"['01:21:30,200', '01:21:32,680']","[' <i>Because the second\n you give evil a face,</i>\n']"
785,"['01:21:35,800', '01:21:37,404']",[' you hand the people a target.\n']
786,"['01:21:41,400', '01:21:42,481']","[' You have met him, I assume?\n']"
787,"['01:21:44,240', '01:21:46,561']","["" I know he's a little\n over the top sometimes.\n""]"
788,"['01:21:48,440', '01:21:49,487']","["" He's a stage actor.\n""]"
789,"['01:21:53,640', '01:21:55,722']","[' Anyway, the point is,\n']"
790,"['01:21:59,200', '01:22:00,521']",[' subtlety has kind of had its day.\n']
791,"['01:22:02,840', '01:22:05,571']","[' Well, I wanted to repay you\n the selfsame gift\n']"
792,"['01:22:11,520', '01:22:13,090']",[' (ORBS HUMMING)\n']
793,"['01:22:16,720', '01:22:17,767']","[' Now, this is live.\n']"
794,"['01:22:21,160', '01:22:24,448']",[' the body is trying to decide\n whether to accept EXTREMIS\n']
795,"['01:22:25,800', '01:22:27,529']","[' And if it gives up,\n']"
796,"['01:22:33,480', '01:22:36,927']","["" But until that point,\n it's really just a lot of pain.\n""]"
797,"['01:22:38,720', '01:22:41,644']","["" We haven't even talked salary yet.\n""]"
798,"['01:22:45,080', '01:22:46,081']",[' MAYA: Let him go.\n']
799,"['01:22:49,360', '01:22:50,407']",[' Maya...\n']
800,"['01:22:53,160', '01:22:54,605']",[' What are you doing?\n']
801,"['01:22:58,280', '01:23:02,490']","["" It's times like this my temper\n is tested somewhat.\n""]"
802,"['01:23:03,960', '01:23:06,440']","[' If I die, Killian,\n']"
803,"['01:23:09,680', '01:23:10,920']","["" We're not doing this, okay?\n""]"
804,"['01:23:13,120', '01:23:14,326']",[' (BREATHING DEEPLY)\n']
805,"['01:23:28,640', '01:23:30,881']",[' a high-level position\n has just been vacated.\n']
806,"['01:23:37,080', '01:23:38,320']",[' (SIGHS)\n']
807,"['01:23:41,640', '01:23:43,802']","["" No, I'm a visionary.\n""]"
808,"['01:23:46,440', '01:23:49,410']",[' And he takes the stage tonight.\n']
809,"['01:23:54,280', '01:23:57,250']",[' it will take me\n nine or 10 minutes for the takedown.\n']
810,"['01:23:58,800', '01:23:59,961']",[' there was somebody\n inside of it.\n']
811,"['01:24:06,160', '01:24:07,400']","[' Afternoon, gentlemen.\n']"
812,"['01:24:11,080', '01:24:12,605']","[' Hello, Colonel.\n']"
813,"['01:24:17,120', '01:24:18,121']",[' (LOW HUMMING)\n']
814,"['01:24:19,320', '01:24:20,970']",[' (INHALES DEEPLY)\n']
815,"['01:24:23,360', '01:24:25,124']","["" We'll get you out of there.\n""]"
816,"['01:24:27,040', '01:24:28,769']","["" You'll damage the armour.\n""]"
817,"['01:24:31,000', '01:24:32,161']","[' But you can fix it, right?\n']"
818,"['01:24:35,840', '01:24:37,330']",[' And I want Potts with me.\n']
819,"['01:24:40,440', '01:24:41,680']","["" You're not going deaf, are you?\n""]"
820,"['01:24:48,840', '01:24:50,763']",[' (WATCH BEEPING)\n']
821,"['01:25:01,080', '01:25:02,127']","[' Hey, uh, Ponytail Express.\n']"
822,"['01:25:05,520', '01:25:06,521']",[' 832 miles.\n']
823,"['01:25:08,200', '01:25:09,880']","["" - I'm good like that.\n (BEEPING CONTINUES)\n""]"
824,"['01:25:11,760', '01:25:13,250']","[' Break it, you bought it.\n']"
825,"['01:25:16,760', '01:25:19,206']","["" Okay, that wasn't mine to give away.\n That belongs to my friend's sister.\n""]"
826,"['01:25:22,560', '01:25:23,846']","["" - What are you gonna do to me?\n - You'll see.\n""]"
827,"['01:25:26,360', '01:25:27,885']",[' This.\n']
828,"['01:25:36,720', '01:25:38,370']",[' Are you coming out?\n']
829,"['01:25:41,080', '01:25:42,809']","["" Do not open. Do not open.\n Don't open. Don't open.\n""]"
830,"['01:25:46,160', '01:25:48,128']",[' (GRUNTING)\n']
831,"['01:25:55,040', '01:25:56,451']",[' (GROWLING)\n']
832,"['01:25:59,400', '01:26:02,131']","["" It's a glorious day, Savin.\n""]"
833,"['01:26:04,240', '01:26:07,847']","["" I'll have the West's\n most powerful leader in one hand,\n""]"
834,"['01:26:11,960', '01:26:14,930']","["" I'll own the war on terror.\n""]"
835,"['01:26:17,560', '01:26:21,406']","[' For you, for your brothers and sisters.\n']"
836,"['01:26:25,760', '01:26:28,206']","[' on the ground in five, four, three...\n']"
837,"['01:26:31,280', '01:26:32,611']",[' How did we get this shift?\n']
838,"['01:26:34,600', '01:26:36,045']",[' - Put down your weapons.\n (SIGHING)\n']
839,"['01:26:38,560', '01:26:40,961']","[' In five, four, bang!\n']"
840,"['01:26:42,320', '01:26:44,049']","["" You should be gone by now.\n You should've already been gone.\n""]"
841,"['01:26:45,840', '01:26:47,251']",[' Here it comes.\n']
842,"['01:26:50,000', '01:26:51,680']","[' - Five, four, three, two, one!\n (GRUNTING)\n']"
843,"['01:27:02,240', '01:27:03,321']",[' (GROANING)\n']
844,"['01:27:08,960', '01:27:10,450']",[' (RATTLING)\n']
845,"['01:27:27,240', '01:27:28,605']",[' (CLAMOURING)\n']
846,"['01:27:54,800', '01:27:56,040']",[' (GROANS)\n']
847,"['01:28:05,880', '01:28:08,565']","[' Honestly,\n I hate working here. They are so weird.\n']"
848,"['01:28:14,520', '01:28:16,329']",[' Ah! Better late than never.\n']
849,"['01:28:25,720', '01:28:27,643']","["" Phew! It's good to be back.\n Hello, by the way.\n""]"
850,"['01:28:32,560', '01:28:33,641']",[' (BEEPING)\n']
851,"['01:28:37,040', '01:28:39,611']","[' <i>Repeat, Stark is loose\n and somewhere in the compound.</i>\n']"
852,"['01:28:41,320', '01:28:42,560']","[' Aw, crap.\n']"
853,"['01:28:50,360', '01:28:52,203']",[' (GRUNTING)\n']
854,"['01:28:56,600', '01:28:57,761']","[' Rhodey, tell me\n that was you in the suit.\n']"
855,"['01:29:00,240', '01:29:02,129']","[' Kind of.\n Main house, as fast as you can.\n']"
856,"['01:29:04,120', '01:29:05,485']",[' (SNORING)\n']
857,"['01:29:11,760', '01:29:14,161']",[' The room is secure.\n I have eyes on the Mandarin.\n']
858,"['01:29:23,640', '01:29:24,766']",[' What have you come as?\n']
859,"['01:29:28,720', '01:29:32,247']",[' I never thought people had been hurt.\n They lied to me.\n']
860,"['01:29:33,880', '01:29:35,803']","["" Yeah, I know, it's...\n It's embarrassing.\n""]"
861,"['01:29:38,000', '01:29:40,890']","["" I know I'm shorter in person.\n A bit smaller. Everyone says that.\n""]"
862,"['01:29:42,960', '01:29:44,724']","["" there's some people I'd like to roll on.\n""]"
863,"['01:29:46,320', '01:29:48,482']","["" You tell him where Pepper is\n and he'll stop doing it.\n""]"
864,"['01:29:50,160', '01:29:52,367']",[' Oh! I get it! Ow! That hurt.\n I get it! I get it!\n']
865,"['01:29:56,240', '01:29:57,241']",[' Spill.\n']
866,"['01:29:58,480', '01:29:59,527']",[' What? No.\n']
867,"['01:30:02,160', '01:30:05,562']",[' Something to do with a big boat.\n']
868,"['01:30:07,640', '01:30:09,529']","[' (CHANTING)\n <i>OlÃ©, olÃ©, olÃ©, olÃ©...</i>\n']"
869,"['01:30:12,680', '01:30:16,685']","[' Oh, and this next bit may include\n the vice president as well.\n']"
870,"['01:30:18,680', '01:30:20,284']","[' - Somewhat.\n - Yeah, a little bit.\n']"
871,"['01:30:24,680', '01:30:26,045']",[' RHODEY: What are we gonna do?\n']
872,"['01:30:27,280', '01:30:28,281']",[' - Right.\n (BEER OPENS)\n']
873,"['01:30:31,400', '01:30:34,006']","[' Didn\'t you say something\n about a ""lovely speedboat""?\n']"
874,"['01:30:38,880', '01:30:39,927']",[' But we also have to figure out this\n']
875,"['01:30:41,840', '01:30:43,080']","["" I wonder who I'm calling right now.\n""]"
876,"['01:30:44,400', '01:30:45,686']",[' Thanks.\n']
877,"['01:30:47,520', '01:30:49,204']","[' TONY: <i>Sir, this is Tony Stark.</i>\n']"
878,"['01:30:51,320', '01:30:53,527']","["" We believe you're about to be drawn\n into the Mandarin campaign.\n""]"
879,"['01:30:55,520', '01:30:57,921']","["" Mr Stark, I'm about\n to eat honey-roast ham,\n""]"
880,"['01:31:00,320', '01:31:03,642']","["" The president's safe on Air Force One\n with Colonel Rhodes.\n""]"
881,"['01:31:04,840', '01:31:06,842']","[' RHODEY: <i>Sir, this is Colonel Rhodes.</i>\n']"
882,"['01:31:09,200', '01:31:10,565']","["" <i>They're gonna take out\n the president somehow.</i>\n""]"
883,"['01:31:12,560', '01:31:14,608']","["" Okay, I'm on it.\n I'll have security lock it down.\n""]"
884,"['01:31:17,760', '01:31:19,520']","[' - Thank you, Colonel.\n - Rhodes and Stark out.\n']"
885,"['01:31:23,800', '01:31:24,881']","["" Couldn't be better.\n""]"
886,"['01:31:53,840', '01:31:55,365']",[' Colonel Rhodes.\n']
887,"['01:32:03,600', '01:32:04,726']",[' RHODEY:\n We gotta make a decision.\n']
888,"['01:32:07,760', '01:32:09,410']","[' JARVIS: <i>Sir,\n I have an update from Malibu.</i>\n']"
889,"['01:32:11,760', '01:32:13,760']",[' <i>and the cellar doors\n are being cleared as we speak.</i>\n']
890,"['01:32:15,680', '01:32:17,967']",[' JARVIS: <i>The armour is now at 92%.</i>\n']
891,"['01:32:28,400', '01:32:30,243']",[' Oh! Here he comes.\n Here he comes. Get a quick picture.\n']
892,"['01:32:32,440', '01:32:33,805']",[' Oh!\n']
893,"['01:32:47,240', '01:32:48,605']",[' (BEEPING)\n']
894,"['01:32:55,440', '01:32:56,441']",[' (GRUNTING)\n']
895,"['01:33:07,800', '01:33:09,006']",[' (GROANING)\n']
896,"['01:33:19,600', '01:33:20,647']",[' (GASPS)\n']
897,"['01:33:25,120', '01:33:27,122']","["" If you're gonna do it, do it!\n""]"
898,"['01:33:29,520', '01:33:31,045']","["" That's not how the Mandarin works.\n""]"
899,"['01:33:33,680', '01:33:35,603']","[' Internal shots, temperature spikes.\n']"
900,"['01:33:37,240', '01:33:39,163']","[' Image coming through now, sir.\n']"
901,"['01:33:52,520', '01:33:53,885']",[' (BANGING)\n MAN: - Is anyone there?\n']
902,"['01:34:02,160', '01:34:03,605']",[' (GROANING)\n']
903,"['01:34:12,360', '01:34:13,850']",[' TONY: The President.\n']
904,"['01:34:15,640', '01:34:16,641']","["" He's not here.\n""]"
905,"['01:34:19,640', '01:34:20,687']",[' (GROANING SOFTLY)\n']
906,"['01:34:23,720', '01:34:25,563']","[' Speaking of which, go fish.\n']"
907,"['01:34:30,760', '01:34:31,761']",[' (SCREAMS)\n']
908,"['01:34:40,680', '01:34:41,920']",[' (METAL CREAKING)\n']
909,"['01:34:47,080', '01:34:48,206']",[' (COUGHS)\n']
910,"['01:34:52,920', '01:34:54,604']",[' (ALL SCREAMING)\n']
911,"['01:35:03,280', '01:35:04,281']",[' How many in the air?\n']
912,"['01:35:07,920', '01:35:09,968']","[' - How many can I carry?\n JARVIS: - Four, sir.\n']"
913,"['01:35:21,640', '01:35:22,926']",[' (SCREAMING)\n']
914,"['01:35:28,040', '01:35:30,611']","[' HEATHER: Oh, God! No! No!\n']"
915,"['01:35:33,640', '01:35:35,481']","["" I'm gonna swing by,\n you're just gonna grab him.\n""]"
916,"['01:35:38,080', '01:35:39,445']",[' (HEATHER RESUMES SCREAMING)\n']
917,"['01:35:44,120', '01:35:45,326']","[' We can do this, Heather.\n']"
918,"['01:35:54,200', '01:35:56,441']","[' Easy, see? Eleven more to go.\n']"
919,"['01:35:59,880', '01:36:01,928']",[' Remember that game\n called Barrel of Monkeys?\n']
920,"['01:36:03,160', '01:36:04,446']","[' JARVIS: <i>18,000 feet.</i>\n']"
921,"['01:36:10,960', '01:36:12,246']",[' Nice.\n']
922,"['01:36:14,920', '01:36:16,445']",[' (YELLING)\n']
923,"['01:36:19,040', '01:36:20,565']","[' Come on, people.\n']"
924,"['01:36:26,040', '01:36:27,166']",[' Yeah!\n']
925,"['01:36:30,240', '01:36:31,844']",[' <i>400 feet.</i>\n']
926,"['01:36:33,720', '01:36:35,360']","["" TONY: He's a chunky monkey,\n let's get him.\n""]"
927,"['01:36:37,880', '01:36:39,166']",[' (TONY STRAINING)\n']
928,"['01:36:58,400', '01:36:59,481']",[' MAN: We made it!\n']
929,"['01:37:01,760', '01:37:04,411']",[' Excellent.\n Good team effort all around. Go us.\n']
930,"['01:37:05,880', '01:37:08,121']","["" But it's only half-done.\n We've still got to get Pepper...\n""]"
931,"['01:37:16,960', '01:37:18,166']",[' Wow.\n']
932,"['01:37:19,800', '01:37:20,801']",[' I think they all made it.\n']
933,"['01:37:21,920', '01:37:23,241']","[' Yeah, but I missed the president.\n']"
934,"['01:37:25,400', '01:37:27,528']",[' how are we gonna save Pepper\n with nothing?\n']
935,"['01:37:29,720', '01:37:31,643']",[' <i>The House Party protocol sir?</i>\n']
936,"['01:38:00,800', '01:38:02,325']",[' (GASPS)\n']
937,"['01:38:06,960', '01:38:08,086']",[' (BREATHING HEAVILY)\n']
938,"['01:38:14,960', '01:38:16,405']","["" He won't.\n""]"
939,"['01:38:25,240', '01:38:27,971']","["" Well, it's actually\n more embarrassing than that.\n""]"
940,"['01:38:31,160', '01:38:33,003']",[' Trophy.\n']
941,"['01:38:45,280', '01:38:46,566']","[' Good evening, sir.\n']"
942,"['01:38:51,160', '01:38:53,925']","[' Welcome aboard, Mr President.\n']"
943,"['01:39:04,200', '01:39:08,922']","[' Well, two years ago,\n the elephant in the room was this scow.\n']"
944,"['01:39:12,600', '01:39:13,601']","["" And, of course, you'll remember\n""]"
945,"['01:39:16,600', '01:39:19,365']","[' thanks to you,\n not one fat cat saw a day in court.\n']"
946,"['01:39:22,480', '01:39:23,766']","[' Uh, nothing, sir.\n']"
947,"['01:39:27,680', '01:39:29,728']","["" You see, I've moved on.\n""]"
948,"['01:39:32,600', '01:39:35,410']","["" and this time tomorrow,\n he'll have your job.\n""]"
949,"['01:39:39,720', '01:39:40,881']",[' Hey!\n']
950,"['01:39:57,000', '01:39:58,604']",[' Come on.\n']
951,"['01:40:04,120', '01:40:05,849']",[' TONY: I hope not.\n']
952,"['01:40:32,440', '01:40:36,081']","["" (SIGHS) He's strung up over the oil\n tanker. They're gonna light him up, man.\n""]"
953,"['01:40:38,840', '01:40:40,604']","[' Yeah, death by oil.\n']"
954,"['01:40:48,720', '01:40:49,846']",[' <i>Take final positions.</i>\n']
955,"['01:40:52,520', '01:40:56,366']","["" Now give me cameras A through E\n and we'll do a full tech rehearsal.\n""]"
956,"['01:40:57,520', '01:40:58,760']",[' Is your gun up?\n']
957,"['01:41:00,520', '01:41:02,966']","["" Stay on my six, cover high\n and don't shoot me in the back.\n""]"
958,"['01:41:05,640', '01:41:06,971']",[' (GUNFIRE)\n']
959,"['01:41:14,240', '01:41:15,526']",[' You see that? Nailed it.\n']
960,"['01:41:17,560', '01:41:18,641']",[' You think I was aiming for the bulb?\n']
961,"['01:41:21,440', '01:41:22,930']","[' ANNOUNCER: (ON PA)\n <i>All personnel, we have hostiles</i>\n']"
962,"['01:41:24,240', '01:41:25,844']","["" <i>- I repeat, hostiles on east unit 12.</i>\n - I'm out. Give me...\n""]"
963,"['01:41:28,360', '01:41:30,408']","["" I know what I'm doing, I make this stuff.\n Give me another one.\n""]"
964,"['01:41:31,880', '01:41:32,961']","["" You've got, like, five of them.\n""]"
965,"['01:41:34,440', '01:41:36,283']","[' Save my spot, ready?\n']"
966,"['01:41:39,280', '01:41:40,566']",[' Here we go. (CLEARS THROAT)\n']
967,"['01:41:44,520', '01:41:46,363']","[' Three guys, one girl, all armed.\n']"
968,"['01:41:58,080', '01:42:00,048']","["" - You're right. We need backup.\n - Yeah, a bunch.\n""]"
969,"['01:42:06,800', '01:42:07,881']",[' (WHOOSHING)\n RHODEY: - Is that...\n']
970,"['01:42:09,920', '01:42:11,524']",[' - Are those...\n - Yeah.\n']
971,"['01:42:34,800', '01:42:37,485']","[' TONY: Jarvis, target\n EXTREMIS heat signatures.\n']"
972,"['01:42:39,920', '01:42:41,281']","[' JARVIS: (THROUGH ARMOURS)\n <i>Yes, sir.</i>\n']"
973,"['01:42:49,280', '01:42:50,327']",[' Take them to church.\n']
974,"['01:42:57,440', '01:42:59,090']",[' JARVIS: <i>Gentlemen.</i>\n']
975,"['01:43:02,760', '01:43:04,091']",[' (ALL GRUNTING)\n']
976,"['01:43:06,360', '01:43:07,361']",[' TONY: Incoming!\n']
977,"['01:43:21,760', '01:43:23,603']",[' (MECHANISMS WHIRRING)\n']
978,"['01:43:28,720', '01:43:29,801']",[' Everybody needs a hobby.\n']
979,"['01:43:53,480', '01:43:54,766']",[' (GASPS)\n']
980,"['01:44:07,920', '01:44:10,127']","["" Oh, yeah. That's awesome.\n Give me a suit, okay?\n""]"
981,"['01:44:13,680', '01:44:15,603']",[' What does that mean?\n I got you covered.\n']
982,"['01:44:21,320', '01:44:22,810']",[' Very funny.\n']
983,"['01:44:30,840', '01:44:32,808']",[' (PANTING)\n']
984,"['01:44:39,840', '01:44:41,171']","["" JARVIS: <i>Sir, I've located Ms Potts.</i>\n""]"
985,"['01:44:54,800', '01:44:59,727']",[' (GASPS) Stop!\n Put it down. Put it down. Put it down.\n']
986,"['01:45:05,560', '01:45:06,800']","["" You're such a jerk.\n""]"
987,"['01:45:08,760', '01:45:10,250']",[' (METAL CREAKING)\n (SOBBING)\n']
988,"['01:45:15,440', '01:45:16,441']",[' (PEPPER STRAINING)\n']
989,"['01:45:22,320', '01:45:23,560']",[' (GROANS)\n']
990,"['01:45:31,400', '01:45:32,811']","["" Don't get up.\n""]"
991,"['01:45:37,400', '01:45:38,561']",[' Is it hot in there?\n']
992,"['01:45:40,840', '01:45:42,201']",[' Stuck? Do you feel a little stuck?\n']
993,"['01:45:46,920', '01:45:47,921']","[' Oh, Tony.\n']"
994,"['01:45:51,680', '01:45:53,080']",[' I think you should close your eyes.\n']
995,"['01:45:55,600', '01:45:57,762']","["" Close your eyes.\n You don't want to see this.\n""]"
996,"['01:46:05,120', '01:46:06,929']","[' - Yeah, you take a minute.\n (GROANS)\n']"
997,"['01:46:09,120', '01:46:10,610']",[' (YELLING)\n']
998,"['01:46:20,440', '01:46:21,566']",[' (GRUNTS)\n']
999,"['01:46:39,320', '01:46:41,561']","[' Jarvis, give me a suit right now!\n']"
1000,"['01:46:52,560', '01:46:53,561']","[' Oh, come on!\n']"
1001,"['01:46:59,640', '01:47:02,007']",[' Just hold on. Hold on.\n']
1002,"['01:47:09,520', '01:47:11,010']",[' (GROANING)\n']
1003,"['01:47:14,880', '01:47:16,245']",[' Okay.\n']
1004,"['01:47:23,720', '01:47:25,051']",[' Bye-bye.\n']
1005,"['01:47:36,760', '01:47:37,921']",[' Brace yourself.\n']
1006,"['01:47:48,880', '01:47:50,769']","[' You look damn good, Mr President,\n']"
1007,"['01:47:56,960', '01:47:58,041']",[' (GASPING)\n']
1008,"['01:48:01,560', '01:48:03,244']",[' (YELLS)\n']
1009,"['01:48:06,000', '01:48:07,126']","[' RHODEY: <i>The President\n is secure, Tony</i>\n']"
1010,"['01:48:09,640', '01:48:11,324']","[' - Ready, sir?\n - What do you mean ""ready""?\n']"
1011,"['01:48:17,560', '01:48:18,846']",[' (PEPPER WHIMPERING)\n']
1012,"['01:48:22,920', '01:48:24,041']",[' (SCREAMS)\n - Just look at me!\n']
1013,"['01:48:26,400', '01:48:28,681']","["" Honey, I can't reach any\n further and you can't stay there.\n""]"
1014,"['01:48:30,680', '01:48:33,763']","["" You've got to let go!\n I'll catch you, I promise.\n""]"
1015,"['01:48:37,840', '01:48:39,365']",[' (SCREAMING)\n']
1016,"['01:49:25,280', '01:49:26,645']",[' (BOTH GRUNTING)\n']
1017,"['01:49:36,840', '01:49:38,046']",[' (GRUNTS)\n']
1018,"['01:50:05,840', '01:50:06,921']",[' (GRUNTING)\n']
1019,"['01:50:23,160', '01:50:24,207']",[' (GROANS)\n']
1020,"['01:50:36,960', '01:50:38,041']","[' JARVIS: <i>Mark 42, inbound.</i>\n']"
1021,"['01:50:57,520', '01:50:58,521']",[' Whatever.\n']
1022,"['01:51:02,880', '01:51:06,601']","["" It's a pity.\n I was so close to having her perfect.\n""]"
1023,"['01:51:11,920', '01:51:14,207']","["" You're right. I don't deserve her.\n""]"
1024,"['01:51:17,600', '01:51:18,806']",[' She was already perfect.\n']
1025,"['01:51:26,600', '01:51:28,204']","[' Jarvis,\n']"
1026,"['01:51:31,200', '01:51:32,281']",[' No...\n']
1027,"['01:51:42,200', '01:51:43,440']",[' (GRUNTING)\n']
1028,"['01:52:00,640', '01:52:02,005']",[' (GRUNTS)\n']
1029,"['01:52:29,880', '01:52:31,405']",[' (METAL CREAKING)\n']
1030,"['01:52:46,200', '01:52:48,328']",[' No more false faces.\n']
1031,"['01:52:52,160', '01:52:54,845']","["" You're looking right at him.\n""]"
1032,"['01:52:58,680', '01:53:00,364']",[' I am the Mandarin!\n']
1033,"['01:53:11,800', '01:53:13,040']",[' I got nothing.\n']
1034,"['01:53:19,880', '01:53:22,645']","["" Jarvis, subject at my 12 o'clock\n is not a target, disengage!\n""]"
1035,"['01:53:29,360', '01:53:30,361']",[' (GROWLS)\n']
1036,"['01:53:34,240', '01:53:35,571']",[' (GRUNTING)\n']
1037,"['01:53:44,080', '01:53:45,081']",[' Whoo!\n']
1038,"['01:53:58,920', '01:54:00,126']",[' TONY: Honey?\n']
1039,"['01:54:07,600', '01:54:09,807']",[' That was really violent.\n']
1040,"['01:54:12,960', '01:54:15,008']",[' I was dead.\n Why? Because I fell 200 feet?\n']
1041,"['01:54:20,320', '01:54:22,402']","["" It's still debatable.\n""]"
1042,"['01:54:24,320', '01:54:26,368']","["" Why don't you dress\n like this at home? Hmm?\n""]"
1043,"['01:54:28,440', '01:54:31,649']","["" You know, I think I understand\n why you don't want to give up the suits.\n""]"
1044,"['01:54:35,200', '01:54:36,850']","["" Well, it's me.\n""]"
1045,"['01:54:40,240', '01:54:41,651']","["" - No, don't touch me.\n - Don't worry about it.\n""]"
1046,"['01:54:44,680', '01:54:45,681']",[' Not hot.\n']
1047,"['01:54:48,840', '01:54:49,841']",[' No.\n']
1048,"['01:54:52,920', '01:54:54,763']","[' But I think I can figure this out, yeah.\n']"
1049,"['01:54:56,800', '01:54:59,929']",[' I think I can get you better.\n']
1050,"['01:55:03,160', '01:55:05,447']",[' And all your distractions?\n']
1051,"['01:55:08,320', '01:55:10,687']",[' Jarvis. Hey.\n']
1052,"['01:55:14,320', '01:55:16,288']",[' You know what to do.\n']
1053,"['01:55:19,200', '01:55:22,363']","["" Screw it, it's Christmas.\n Yes, yes.\n""]"
1054,"['01:55:58,680', '01:55:59,966']","[' Okay, so far?\n Do you like it?\n']"
1055,"['01:56:02,520', '01:56:03,567']","["" It'll do.\n""]"
1056,"['01:56:15,400', '01:56:18,085']",[' <i>my journey had reached its end.</i>\n']
1057,"['01:56:24,520', '01:56:28,764']","[' <i>something exciting.\n Then, come the mistakes.</i>\n']"
1058,"['01:56:38,120', '01:56:40,851']",[' <i>- We create our own demons.</i>\n (REPORTERS CALLING)\n']
1059,"['01:56:46,080', '01:56:48,242']","[' Great to see you! Oh, bloody hell!\n']"
1060,"['01:56:53,600', '01:56:57,400']","[' <i>But then I thought to myself,\n ""Why stop there?""</i>\n']"
1061,"['01:57:04,640', '01:57:08,167']","["" <i>but I'll bet none of those idiots ever\n had to live with a chestful of shrapnel.</i>\n""]"
1062,"['01:57:12,400', '01:57:14,289']",[' <i>- Let me tell you...</i>\n (METAL CLINKING)\n']
1063,"['01:57:32,800', '01:57:34,290']",[' (GASPING)\n']
1064,"['01:57:37,440', '01:57:39,408']","["" It's okay. It's okay.\n""]"
1065,"['01:57:40,600', '01:57:41,601']","[' (WEAKLY) No, look.\n']"
1066,"['01:58:23,600', '01:58:25,284']",[' (LAUGHS)\n']
1067,"['01:59:03,000', '01:59:07,324']","["" <i>I guess I'd say my armour,\n it was never a distraction,</i>\n""]"
1068,"['01:59:09,560', '01:59:11,562']",[' <i>It was a cocoon.</i>\n']
1069,"['01:59:15,520', '01:59:17,807']","["" <i>I'm a changed man.</i>\n""]"
1070,"['01:59:31,400', '01:59:34,244']","["" <i>One thing you can't take away...</i>\n""]"
1071,"['01:59:38,960', '01:59:41,167']",[' (THRILLING MUSIC PLAYING)\n']
1072,"['02:09:04,400', '02:09:06,721']","[' TONY: <i>You know, and thank you\n by the way. For listening.</i>\n']"
1073,"['02:09:09,360', '02:09:12,921']","[' <i>and putting it out there in the\n atmosphere, instead of holding this in...</i>\n']"
1074,"['02:09:15,800', '02:09:18,849']","[' <i>Wow, I had no idea\n you were such a good listener.</i>\n']"
1075,"['02:09:21,520', '02:09:22,646']","[' and my experiences with someone,\n']"
1076,"['02:09:25,360', '02:09:26,725']","["" You know, it's like a snake\n swallowing its own tail.\n""]"
1077,"['02:09:28,680', '02:09:30,091']","["" (GASPS)\n - And the fact that you've been able to\n""]"
1078,"['02:09:34,600', '02:09:36,090']","[' - Are you with me?\n - Sorry... I was, yeah.\n']"
1079,"['02:09:37,440', '02:09:38,646']",[' Are you actively napping?\n']
1080,"['02:09:41,520', '02:09:42,681']",[' Where did I lose you?\n']
1081,"['02:09:48,000', '02:09:49,411']","[' So, you heard none of it.\n']"
1082,"['02:09:53,320', '02:09:54,651']","["" I'm not a therapist.\n""]"
1083,"['02:09:56,800', '02:09:58,404']","["" - I don't have the...\n - What? The time?\n""]"
1084,"['02:10:00,040', '02:10:01,565']",[' You know what?\n Now that I think about it...\n']
1085,"['02:10:03,240', '02:10:05,447']","[' - 1983, all right?\n - Yes.\n']"
1086,[],[]
