,time,content
0,"['00:00:06,000', '00:00:12,074']",[' Advertise your product or brand here\n contact www.OpenSubtitles.org today\n']
1,"['00:01:16,493', '00:01:18,735']","[' What, are we fighting the weather now?\n']"
2,"['00:01:21,665', '00:01:24,328']","["" People see things\n when they're under stress.\n""]"
3,"['00:01:34,344', '00:01:35,344']",[' Who are you?\n']
4,"['00:02:58,470', '00:03:00,632']",[' Gone but not forgotten.\n']
5,"['00:03:02,891', '00:03:04,928']",[' for their help\n with that touching video tribute.\n']
6,"['00:03:09,690', '00:03:10,690']",[' Jason.\n What?\n']
7,"['00:03:12,067', '00:03:13,808']","["" It's the last day of school. We're good.\n""]"
8,"['00:03:16,029', '00:03:19,522']","[' Over five years ago,\n half of all life in the universe,\n']"
9,"['00:03:23,912', '00:03:26,529']","[' Then eight months ago,\n a band of brave heroes\n']"
10,"['00:03:29,793', '00:03:31,580']","[' They called it ""the Blip.""\n']"
11,"['00:03:34,339', '00:03:38,925']","["" But our classmates that didn't Blip\n had grown five years older.\n""]"
12,"['00:03:43,098', '00:03:46,136']",[' Even though we had Blipped away\n halfway through the school year\n']
13,"['00:03:48,520', '00:03:51,183']",[' the school made us start the whole year\n over from the beginning.\n']
14,"['00:03:53,024', '00:03:54,140']","["" It's not right.\n""]"
15,"['00:03:59,698', '00:04:01,690']","[' As we draw this year to a close,\n']"
16,"['00:04:05,078', '00:04:08,162']",[' to a new phase of our lives.\n Pray nothing crazy happens again\n']
17,"['00:04:10,417', '00:04:13,330']",[' Does anyone even have a plan?\n I have a plan.\n']
18,"['00:04:16,548', '00:04:18,460']","["" Second, I'm gonna buy\n a dual-headphone adapter\n""]"
19,"['00:04:20,343', '00:04:22,460']","[' Okay.\n Three, when we go to Venice\n']"
20,"['00:04:24,514', '00:04:25,800']","["" True.\n So I'm gonna buy her\n""]"
21,"['00:04:29,060', '00:04:30,471']","[' because of, well\n The murder.\n']"
22,"['00:04:32,522', '00:04:34,809']","["" I'm gonna take her to the top\n of the Eiffel Tower,\n""]"
23,"['00:04:36,568', '00:04:38,434']","["" Then, five, I'm gonna tell her how I feel.\n""]"
24,"['00:04:42,991', '00:04:44,323']","["" Oh, don't forget step seven.\n""]"
25,"['00:04:47,788', '00:04:50,701']","["" Why?\n We're gonna be bachelors in Europe.\n""]"
26,"['00:04:51,792', '00:04:54,159']","[' I may not know much, but I do know this:\n']"
27,"['00:04:57,547', '00:04:59,504']",[' Really?\n More than half of them are women.\n']
28,"['00:05:01,259', '00:05:04,172']","[' But I really like MJ, man, okay?\n']"
29,"['00:05:07,098', '00:05:09,761']","["" Sometimes I catch her looking at me,\n I feel like I've stood up\n""]"
30,"['00:05:11,937', '00:05:15,772']","["" Excited about the science trip?\n Hey, we're talking about the trip.\n""]"
31,"['00:05:18,902', '00:05:21,315']","["" I don't I don't have a plan.\n""]"
32,"['00:05:26,117', '00:05:27,608']",[' Like a grandmother?\n']
33,"['00:05:31,122', '00:05:32,658']","[' Oh, okay, well\n']"
34,"['00:05:36,503', '00:05:37,539']","[' By the way, travel tip:\n']"
35,"['00:05:39,798', '00:05:42,131']","["" so the government can't track you\n while we're abroad.\n""]"
36,"['00:05:50,100', '00:05:52,888']","[' Dude, I think that went really great.\n']"
37,"['00:05:57,357', '00:06:00,316']",[' the family that was living there\n was very confused.\n']
38,"['00:06:03,154', '00:06:07,273']",[' The grandma thought that I was a ghost.\n It was It was really a mess.\n']
39,"['00:06:09,035', '00:06:11,527']",[' to support those who have been\n displaced by the Blip.\n']
40,"['00:06:26,136', '00:06:29,254']","[' Thank you, Miss Parker, for having me.\n']"
41,"['00:06:34,269', '00:06:35,635']","[' And thank you, Spider-Man.\n']"
42,"['00:06:45,530', '00:06:47,522']",[' That was amazing.\n That was great.\n']
43,"['00:06:51,161', '00:06:54,120']",[' I thought you did great.\n You were a little stiff.\n']
44,"['00:06:56,833', '00:06:58,199']","["" It's fine, it's fine.\n Okay.\n""]"
45,"['00:06:59,794', '00:07:01,074']","[' Mini toothpaste?\n Yeah, I did.\n']"
46,"['00:07:04,883', '00:07:07,546']","[' Happy. Hey.\n Oh, you look lovely.\n']"
47,"['00:07:09,679', '00:07:11,716']","[' New dress?\n Yeah, yes, it is.\n']"
48,"['00:07:15,185', '00:07:16,847']",[' I grew it in the Blip.\n']
49,"['00:07:18,730', '00:07:19,937']",[' I see. Yeah.\n']
50,"['00:07:23,443', '00:07:26,527']","["" Can you believe it? Because\n it's enormous. Not the amount, the size.\n""]"
51,"['00:07:29,199', '00:07:31,657']","["" Pepper said, sorry she couldn't be here.\n Yeah. Thank you.\n""]"
52,"['00:07:37,123', '00:07:39,206']","[' Spider-Man, go shake hands.\n']"
53,"['00:07:45,590', '00:07:46,706']",[' What just happened?\n']
54,"['00:07:49,886', '00:07:51,878']","["" Fury's gonna call me? Why?\n Yeah.\n""]"
55,"['00:07:54,849', '00:07:56,932']","["" You're a superhero.\n He calls superheroes.\n""]"
56,"['00:08:01,523', '00:08:02,559']",[' Apparently not.\n']
57,"['00:08:09,614', '00:08:10,614']",[' Answer the phone.\n Why?\n']
58,"['00:08:13,076', '00:08:15,284']","["" Why not?\n Because I'm scared. Answer the phone.\n""]"
59,"['00:08:18,748', '00:08:21,491']","["" You don't send Fury to voicemail.\n Hear that? They're calling me.\n""]"
60,"['00:08:23,336', '00:08:25,919']","["" I'm gonna call him.\n I promise you, I'm gonna call him. I will.\n""]"
61,"['00:08:27,966', '00:08:29,753']","["" I promise you, I'll call him.\n""]"
62,"['00:08:32,971', '00:08:33,971']",[' Hey!\n']
63,"['00:08:40,812', '00:08:42,678']","[' Okay, one question at a time.\n']"
64,"['00:08:45,692', '00:08:46,692']","["" No, I'm not.\n""]"
65,"['00:08:48,987', '00:08:50,667']","[' If the aliens come back, what will you do?\n']"
66,"['00:08:54,075', '00:08:55,407']","[' Sean Winford, Queens Tribune.\n']"
67,"['00:08:57,412', '00:08:58,869']",[' Those are some big shoes to fill.\n']
68,"['00:09:47,170', '00:09:48,170']",[' Okay.\n']
69,"['00:09:57,013', '00:09:58,925']",[' So sorry.\n']
70,"['00:10:02,477', '00:10:04,810']",[' Please do not start calling it\n my Peter-tingle.\n']
71,"['00:10:08,024', '00:10:11,734']","[' No, I just really need this vacation.\n I need a break.\n']"
72,"['00:10:16,199', '00:10:17,199']",[' Yeah.\n']
73,"['00:10:19,953', '00:10:22,991']","[' You should pack your suit, just in case.\n I have a tingle about it.\n']"
74,"['00:10:28,962', '00:10:30,043']",[' No.\n']
75,"['00:10:42,892', '00:10:46,385']",[' Yeah!\n Can you help me get my stuff up here?\n']
76,"['00:10:48,731', '00:10:52,190']",[' Middle seat gets both armrests.\n Give me a tablet.\n']
77,"['00:10:55,029', '00:10:57,066']",[' Give me the third shift. I took an Ambien.\n']
78,"['00:11:00,076', '00:11:03,035']","["" This is called an airplane.\n It's like the buses you're used to,\n""]"
79,"['00:11:06,624', '00:11:08,160']","["" Ma'am?\n""]"
80,"['00:11:12,046', '00:11:13,207']","["" I'll take that.\n""]"
81,"['00:11:18,303', '00:11:19,794']","[' Classic MJ, right?\n']"
82,"['00:11:24,267', '00:11:26,179']","["" It It's so weird.\n""]"
83,"['00:11:29,272', '00:11:31,264']","[' and suddenly, we Blip back,\n']"
84,"['00:11:35,069', '00:11:38,403']","["" Not all the girls are after him.\n No, man, they're all after him.\n""]"
85,"['00:11:39,866', '00:11:42,529']","[' Anyway, on to more important things.\n']"
86,"['00:11:46,164', '00:11:47,450']",[' Are you excited?\n']
87,"['00:11:51,961', '00:11:53,873']","[' Seriously?\n Yes, seriously.\n']"
88,"['00:11:57,008', '00:11:59,796']","["" That's your plan. That's a solo plan.\n Come on, this is my plan.\n""]"
89,"['00:12:08,228', '00:12:10,060']","[' Hey, guys.\n']"
90,"['00:12:14,317', '00:12:17,435']","["" and it's kind of setting off\n Peter's allergies.\n""]"
91,"['00:12:21,783', '00:12:22,944']","["" He's allergic to perfume?\n""]"
92,"['00:12:26,120', '00:12:27,736']","[' It makes his eyes water,\n']"
93,"['00:12:31,376', '00:12:33,584']","[' From experience,\n perfume allergies are no joke.\n']"
94,"['00:12:37,048', '00:12:40,837']","["" Ned, take MJ's spot.\n MJ, you take my spot.\n""]"
95,"['00:12:42,470', '00:12:44,302']","[' Sorry.\n Zach and Sebastian,\n']"
96,"['00:12:46,808', '00:12:49,221']","[' Ned, thanks for bringing this\n to my attention.\n']"
97,"['00:12:53,481', '00:12:55,564']","["" I got it for now. Let's go, Peter!\n""]"
98,"['00:13:03,783', '00:13:07,402']","[' Yeah, I have a small bladder,\n so I took the aisle.\n']"
99,"['00:13:12,959', '00:13:13,959']",[' Nope.\n']
100,"['00:13:17,422', '00:13:19,914']",[' No.\n Got it.\n']
101,"['00:13:23,928', '00:13:26,636']","[' Turns out, she ran off\n with a guy in her hiking group.\n']"
102,"['00:13:28,266', '00:13:31,350']","[' Well, the funeral was real\n because I thought she was really dead.\n']"
103,"['00:13:32,562', '00:13:35,475']","[' Oh, I got a dual-headphone adapter\n if you want to watch a movie.\n']"
104,"['00:13:38,151', '00:13:41,110']","[' Oh, you have a dual-headphone adapter.\n We can watch together.\n']"
105,"['00:13:44,866', '00:13:48,701']","[' Our flight time will be eight hours,\n 49 minutes to Venice, Italy.\n']"
106,"['00:14:55,520', '00:14:57,933']","[' Hey, did you see Brad and MJ\n on the plane?\n']"
107,"['00:15:00,400', '00:15:01,982']","["" Dude, don't worry, okay?\n""]"
108,"['00:15:04,278', '00:15:05,519']",[' Can you hold this?\n']
109,"['00:15:16,165', '00:15:17,165']",[' What was that?\n']
110,"['00:15:21,671', '00:15:23,162']",[' we have a lot in common.\n']
111,"['00:15:25,883', '00:15:28,626']",[' Whatever happened to being\n an American bachelor in Europe?\n']
112,"['00:15:31,514', '00:15:33,972']",[' And that boy met a woman.\n']
113,"['00:15:36,894', '00:15:39,728']","["" And now that boy's a man.\n""]"
114,"['00:15:46,904', '00:15:49,112']","["" There's nothing in there. I swear.\n""]"
115,"['00:16:16,100', '00:16:17,511']",[' Sorry. Sorry.\n']
116,"['00:16:20,688', '00:16:22,645']","["" I'm here, I'm here.\n Oh, thank goodness.\n""]"
117,"['00:17:00,311', '00:17:02,849']","[' Getting some upgrades.\n Oh, this is trash.\n']"
118,"['00:17:04,482', '00:17:05,598']","[' Come on, man.\n']"
119,"['00:17:10,488', '00:17:12,445']","["" Tell me we're not staying here.\n Come on in.\n""]"
120,"['00:17:14,158', '00:17:16,275']","[' You mean, ""charming.""\n It stinks.\n']"
121,"['00:17:18,829', '00:17:21,617']","["" We're gonna meet\n at the da Vinci Museum at 3. Let's go!\n""]"
122,"['00:17:23,876', '00:17:25,083']",[' Andiamo!\n There you go.\n']
123,"['00:17:26,837', '00:17:28,794']","["" When you're in Venice,\n your socks get wet.\n""]"
124,"['00:17:36,889', '00:17:38,755']","["" I'm here in St. Marco Polo's\n""]"
125,"['00:18:05,668', '00:18:07,910']","[' Three, two, one.\n Say ""pizza.""\n']"
126,"['00:18:31,527', '00:18:32,938']",[' Hi.\n']
127,"['00:18:45,833', '00:18:47,074']","["" It's perfect.\n""]"
128,"['00:18:59,013', '00:19:01,847']","[' The most perfect word.\n Italians created it, I just discovered it.\n']"
129,"['00:19:04,101', '00:19:05,808']","[' ""I don\'t know."" ""Get out of my face.""\n']"
130,"['00:19:07,897', '00:19:10,605']","["" It's the best thing Italy created,\n except for, maybe, espresso.\n""]"
131,"['00:19:13,444', '00:19:16,357']",[' Hey. German? American.\n']
132,"['00:19:20,534', '00:19:22,150']","[' ""Boh"" is my new superpower.\n']"
133,"['00:19:25,956', '00:19:27,413']","["" So, what's in the bag?\n""]"
134,"['00:19:40,221', '00:19:41,507']","[' Whoa, cool.\n']"
135,"['00:20:22,555', '00:20:24,421']",[' Betty! You okay?\n Yeah.\n']
136,"['00:20:26,976', '00:20:28,433']","[' Guys, we gotta go!\n']"
137,"['00:20:33,733', '00:20:35,565']","["" What'll you do?\n Left my suit in the hotel.\n""]"
138,"['00:20:37,611', '00:20:39,172']",[' Everyone will see my face.\n Get them out of here.\n']
139,"['00:20:50,541', '00:20:51,748']",[' Get out of here. Go!\n']
140,"['00:21:03,763', '00:21:04,763']",[' Come on.\n']
141,"['00:21:29,789', '00:21:32,031']",[' You okay? Get out of here. Go!\n']
142,"['00:22:24,218', '00:22:25,925']",[' I I can help. Let me help.\n']
143,"['00:22:27,763', '00:22:29,971']",[' I need to lead it away from the canals.\n']
144,"['00:22:58,878', '00:23:00,494']","[' Oh, this is it.\n']"
145,"['00:23:01,839', '00:23:03,626']",[' What do you mean? Till when?\n']
146,"['00:23:04,800', '00:23:07,588']","["" You didn't check the website?\n Oh, that's a good idea.\n""]"
147,"['00:23:28,073', '00:23:30,190']","["" Stay low, kids. We'll be safe here.\n""]"
148,"['00:24:30,427', '00:24:32,464']","["" I don't know,\n but he's kicking that water's ass.\n""]"
149,"['00:25:21,812', '00:25:23,348']","["" It's aliens. It has to be.\n""]"
150,"['00:25:25,566', '00:25:27,899']",[' who was exposed to an experimental\n underwater generator\n']
151,"['00:25:29,319', '00:25:32,403']","[' Yeah, you should definitely believe\n everything you read on the Internet.\n']"
152,"['00:25:37,327', '00:25:39,114']",[' Being a man of science\n']
153,"['00:25:41,665', '00:25:43,531']","[' No, no, no. We wanna stay.\n']"
154,"['00:25:45,377', '00:25:48,211']","["" I can't believe you forgot it.\n Yeah.\n""]"
155,"['00:25:51,133', '00:25:55,673']","["" Doctor Strange, May. Doctor Strange.\n And, no, I don't know who that was.\n""]"
156,"['00:25:57,014', '00:25:59,176']","["" I was trying to help him\n Happy, that's my lunch.\n""]"
157,"['00:26:00,517', '00:26:03,555']","["" Happy's there?\n Yeah, it's Happy.\n""]"
158,"['00:26:05,898', '00:26:08,060']","["" And he's hanging around the office.\n""]"
159,"['00:26:11,028', '00:26:12,109']","[' Hey, Happy.\n']"
160,"['00:26:17,826', '00:26:20,055']","["" What are you doing?\n Glad you're having a good time.\n""]"
161,"['00:26:25,000', '00:26:27,583']","["" So how's the plan going?\n""]"
162,"['00:26:31,715', '00:26:34,207']","["" Don't overthink it.\n Trust your instincts and you'll be fine.\n""]"
163,"['00:26:35,594', '00:26:36,594']",[' Bye.\n']
164,"['00:26:39,890', '00:26:42,428']","["" He's like Iron Man and Thor\n rolled into one.\n""]"
165,"['00:26:44,728', '00:26:46,560']",[' What is it with you and Spider-Man?\n']
166,"['00:26:49,733', '00:26:53,067']","["" He protects the neighborhood\n and he's inspiring.\n""]"
167,"['00:26:55,364', '00:26:57,697']","["" What's up, dickwad?\n Thought you drowned.\n""]"
168,"['00:27:03,038', '00:27:06,702']","[' ""L\'uomo del misterio"" is Italian\n for ""man of mystery.""\n']"
169,"['00:27:10,963', '00:27:12,295']",[' Cool name.\n Cool name.\n']
170,"['00:27:14,800', '00:27:16,757']",[' So how much of that did you see?\n']
171,"['00:27:18,887', '00:27:21,721']",[' Right. Me too. I was also running\n']
172,"['00:27:24,977', '00:27:26,343']",[' So Paris tomorrow.\n']
173,"['00:27:30,232', '00:27:32,770']","[' Yeah, I read it was secretly built\n as a mind-control antenna\n']"
174,"['00:27:35,988', '00:27:38,822']","["" Which is why it's my favorite destination\n on the whole trip.\n""]"
175,"['00:27:44,204', '00:27:45,035']",[' Nothing.\n']
176,"['00:27:48,208', '00:27:50,040']",[' I just wanna spend some time with MJ.\n']
177,"['00:27:53,380', '00:27:54,380']","["" That's nice.\n""]"
178,"['00:27:56,592', '00:27:58,754']","[' I had just finished\n my fruit cobbler, right, and\n']"
179,"['00:28:10,939', '00:28:11,975']","["" You're Nick Fury.\n""]"
180,"['00:28:14,401', '00:28:16,688']","["" It's a mild tranquilizer. He'll be all right.\n""]"
181,"['00:28:20,073', '00:28:21,780']","[' I saw you at the funeral,\n']"
182,"['00:28:24,494', '00:28:26,451']","["" That would've been inappropriate.\n""]"
183,"['00:28:28,665', '00:28:32,454']","["" The important thing is, you're here.\n I tried to bring you here.\n""]"
184,"['00:28:35,505', '00:28:37,212']",[' What a coincidence.\n']
185,"['00:28:40,010', '00:28:42,844']",[' I used to know everything.\n']
186,"['00:28:46,683', '00:28:49,391']","[' No intel, no team.\n']"
187,"['00:28:51,772', '00:28:54,731']",[' is dodging my calls.\n']
188,"['00:28:58,904', '00:29:04,275']","[' A week ago, a village in Mexico\n was wiped out by a cyclone.\n']"
189,"['00:29:11,959', '00:29:16,124']","[' Three days later,\n a similar event in Morocco.\n']"
190,"['00:29:19,091', '00:29:20,207']",[' Just making the rounds.\n']
191,"['00:29:23,845', '00:29:26,383']","["" No, we'll be okay. We're fine. Thank you.\n""]"
192,"['00:29:30,310', '00:29:31,346']","["" Oh, he's passed out.\n""]"
193,"['00:29:36,358', '00:29:39,692']",[' That was my teacher. Sorry about that.\n You were saying?\n']
194,"['00:29:43,073', '00:29:46,191']","["" Babe, you still awake?\n You're not answering any of my texts.\n""]"
195,"['00:29:48,078', '00:29:49,444']","[' Oh, already?\n']"
196,"['00:29:51,373', '00:29:53,160']","["" That's why it's imperative\n""]"
197,"['00:29:57,796', '00:30:01,540']","[' Another person touches that door,\n we are going to attend another funeral.\n']"
198,"['00:30:08,348', '00:30:10,340']",[' Stark left these for you.\n']
199,"['00:30:22,904', '00:30:26,443']","[' ""Uneasy lies the head\n that wears the crown.""\n']"
200,"['00:30:35,917', '00:30:38,705']",[' You can lose the mask.\n Everyone here has seen you without it.\n']
201,"['00:30:40,505', '00:30:42,918']",[' and breathing through spandex\n for no good reason.\n']
202,"['00:30:50,390', '00:30:51,390']",[' Yeah.\n']
203,"['00:30:58,357', '00:31:00,815']",[' That is Dimitri.\n']
204,"['00:31:07,491', '00:31:08,491']",[' Mysterio?\n']
205,"['00:31:11,036', '00:31:13,870']","["" Doesn't matter. It's just what\n my friends have been calling you.\n""]"
206,"['00:31:19,920', '00:31:23,254']",[' You handled yourself well out there today.\n I saw what you did with the tower.\n']
207,"['00:31:25,342', '00:31:27,049']",[' Thanks.\n']
208,"['00:31:28,637', '00:31:31,345']",[' Mr. Beck is from Earth.\n']
209,"['00:31:33,058', '00:31:34,765']",[' There are multiple realities.\n']
210,"['00:31:38,688', '00:31:41,180']","["" Sorry, you're saying there's a multiverse?\n""]"
211,"['00:31:43,235', '00:31:45,522']",[' That changes how we understand\n the initial singularity.\n']
212,"['00:31:47,864', '00:31:49,856']",[' How does that even work\n with all the quantum?\n']
213,"['00:31:52,369', '00:31:55,328']","["" Sorry. It's really cool.\n""]"
214,"['00:32:01,169', '00:32:02,169']",[' Anyway\n']
215,"['00:32:07,884', '00:32:10,046']",[' Creatures formed\n from the primary elements:\n']
216,"['00:32:12,764', '00:32:15,302']",[' The Science Division had\n a technical name.\n']
217,"['00:32:17,561', '00:32:19,974']",[' Versions of them exist\n across our mythologies.\n']
218,"['00:32:21,940', '00:32:23,727']",[' Like Thor.\n']
219,"['00:32:26,987', '00:32:29,400']",[' These myths are threats.\n']
220,"['00:32:32,242', '00:32:33,483']","[' We mobilized and fought them,\n']"
221,"['00:32:36,329', '00:32:39,288']",[' I was part of the last battalion left\n trying to stop them.\n']
222,"['00:32:41,668', '00:32:44,957']","[' The Elementals are here now,\n attacking the same coordinates.\n']"
223,"['00:32:46,298', '00:32:49,006']",[' Thank Mr. Beck for destroying\n the other three.\n']
224,"['00:32:51,386', '00:32:54,845']",[' The strongest of them all.\n The one that destroyed my Earth.\n']
225,"['00:33:02,314', '00:33:03,680']","["" I'm sorry.\n""]"
226,"['00:33:06,318', '00:33:10,483']","["" We have one mission: kill it.\n And you're coming with us.\n""]"
227,"['00:33:15,202', '00:33:19,947']","[' Mr. Fury, this all seems like bigtime,\n you know, huge superhero kind of stuff.\n']"
228,"['00:33:23,627', '00:33:25,414']","["" Bitch, please. You've been to space.\n""]"
229,"['00:33:27,255', '00:33:29,167']","["" There's gotta be someone else\n you can use.\n""]"
230,"['00:33:32,219', '00:33:33,926']","[' Okay, Doctor Strange.\n']"
231,"['00:33:35,639', '00:33:37,050']","["" Don't invoke her name.\n""]"
232,"['00:33:39,184', '00:33:41,767']","["" But if my aunt finds out I left\n my class trip, she'll kill me.\n""]"
233,"['00:33:44,314', '00:33:46,852']","[' my class will figure out who I am, then\n']"
234,"['00:33:50,820', '00:33:52,061']",[' Okay.\n']
235,"['00:33:55,033', '00:33:56,033']","["" I'm sorry, what?\n""]"
236,"['00:33:58,912', '00:34:00,619']",[' and become suspicious.\n']
237,"['00:34:02,958', '00:34:05,200']","[' Take him back to the hotel, please.\n']"
238,"['00:34:06,294', '00:34:08,286']","[' Thank you, Mr. Fury.\n']"
239,"['00:34:12,259', '00:34:13,795']","[' See you, kid.\n']"
240,"['00:34:17,013', '00:34:18,800']","["" Bye, ma'am.\n Yeah.\n""]"
241,"['00:34:27,399', '00:34:30,267']","[' You cannot get sick, okay?\n Okay. Thanks, baby.\n']"
242,"['00:34:32,237', '00:34:33,944']","["" Oh, dude, I'm fine.\n""]"
243,"['00:34:35,448', '00:34:38,282']","["" Getting tranq'd in the neck by Nick Fury,\n""]"
244,"['00:34:40,245', '00:34:41,452']",[' It is pretty awesome.\n Yeah.\n']
245,"['00:34:43,790', '00:34:46,123']","["" Good news. We're going to Prague.\n""]"
246,"['00:34:48,962', '00:34:51,955']",[' Yeah. Tour company called.\n They upgraded us.\n']
247,"['00:34:55,093', '00:34:56,093']",[' All I heard was crying.\n']
248,"['00:34:59,264', '00:35:00,425']","["" It's pretty sick.\n""]"
249,"['00:35:04,144', '00:35:06,727']","["" Peter, what? What's going on?\n""]"
250,"['00:35:11,109', '00:35:14,443']","["" I'm Mr. Harrington to the kids\n""]"
251,"['00:35:16,281', '00:35:17,567']",[' Awesome.\n']
252,"['00:35:43,642', '00:35:46,055']","["" Yo, what's up, Flash Mob?\n It's your boy, the Big F,\n""]"
253,"['00:36:10,377', '00:36:13,120']","[' ""For the next Tony Stark, I trust you.\n']"
254,"['00:36:16,800', '00:36:20,043']",[' Stand by for retinal\n and biometric scan.\n']
255,"['00:36:23,098', '00:36:24,555']","[' Hello, Peter.\n']"
256,"['00:36:25,892', '00:36:29,727']","["" Tony Stark's augmented-reality\n security and defense system.\n""]"
257,"['00:36:31,606', '00:36:34,019']","["" But you have access\n to all of Tony's protocols.\n""]"
258,"['00:36:42,242', '00:36:46,202']","[' EDITH stands for ""Even dead,\n I\'m the hero.""\n']"
259,"['00:36:48,331', '00:36:49,447']","[' Yeah, he did.\n']"
260,"['00:36:52,711', '00:36:54,748']","[' including multiple defense satellites,\n']"
261,"['00:37:05,140', '00:37:06,426']",[' Is MJ texting?\n']
262,"['00:37:30,790', '00:37:33,407']",[' Petrol and toilets. Ten minutes!\n']
263,"['00:37:35,503', '00:37:37,620']","[' Toilet, toilet, toilet.\n Which way to the toilet?\n']"
264,"['00:37:39,424', '00:37:42,633']","[' Dimitri, where exactly are we?\n']"
265,"['00:37:47,140', '00:37:48,301']","["" It's beautiful.\n""]"
266,"['00:38:03,490', '00:38:04,606']",[' Hello.\n']
267,"['00:38:11,915', '00:38:13,201']","["" I'm Peter Parker.\n""]"
268,"['00:38:16,669', '00:38:17,785']",[' Excuse me?\n You told Fury\n']
269,"['00:38:20,340', '00:38:22,423']","[' So I made you this, another suit.\n']"
270,"['00:38:26,471', '00:38:29,339']","["" I'm sure it fits fine. I don't need to try\n Take off your clothes.\n""]"
271,"['00:38:32,811', '00:38:33,811']",[' Sure.\n']
272,"['00:38:37,857', '00:38:40,190']",[' This is weird.\n']
273,"['00:38:47,784', '00:38:51,653']",[' Sorry. I thought this was the bathroom.\n This is not what it looks like.\n']
274,"['00:38:53,039', '00:38:54,905']","["" What are you doing?\n I'll leave you alone.\n""]"
275,"['00:38:59,462', '00:39:01,294']","["" Hey, man, look, that's\n Look, Peter,\n""]"
276,"['00:39:03,466', '00:39:06,755']","["" If you want to hook up with some\n random European chick, that's on you.\n""]"
277,"['00:39:09,764', '00:39:12,051']","["" I know you're trying\n to get with MJ. It's obvious.\n""]"
278,"['00:39:14,394', '00:39:17,637']","["" You cannot show her that photo, dude.\n I'm sorry, man. I have to.\n""]"
279,"['00:39:20,817', '00:39:23,104']","[' Okay, put your one foot\n in front of the other,\n']"
280,"['00:39:25,196', '00:39:27,153']","["" It's been 10 minutes. Let's go!\n""]"
281,"['00:39:34,330', '00:39:36,947']","[' EDITH?\n Hello, Peter. How can I help you?\n']"
282,"['00:39:40,086', '00:39:43,295']","["" Peter, I'm having difficulty hearing you.\n Can you please speak up?\n""]"
283,"['00:39:46,384', '00:39:48,421']",[' Brad Davis. Is he a target?\n']
284,"['00:39:55,476', '00:39:58,594']","["" Yeah. He's a target. He's a target.\n Copy that.\n""]"
285,"['00:40:01,858', '00:40:04,100']","[' Initiating what, now?\n Intercept point determined.\n']"
286,"['00:40:29,719', '00:40:31,802']","[' Oh, my God.\n Dope glasses, Parker.\n']"
287,"['00:40:34,098', '00:40:36,338']","["" I'm really paying you a compliment.\n Please give me\n""]"
288,"['00:40:40,855', '00:40:43,097']","["" EDITH, don't kill Brad.\n Do you want me to cancel\n""]"
289,"['00:40:45,693', '00:40:47,355']",[' No.\n Firing.\n']
290,"['00:40:55,578', '00:40:57,365']","[' Hey, this is not the autobahn!\n']"
291,"['00:40:58,915', '00:41:01,123']",[' Is this the autobahn?\n Appears to be.\n']
292,"['00:41:04,545', '00:41:07,538']",[' Plant your fanny and buckle up now.\n Look at the baby mountain goats!\n']
293,"['00:41:24,107', '00:41:26,315']","["" I don't see any mountain goats.\n""]"
294,"['00:41:27,944', '00:41:30,357']","[' I know you think none of us\n have noticed, Peter\n']"
295,"['00:41:31,864', '00:41:34,356']","[' but your new look, I love it.\n']"
296,"['00:41:36,452', '00:41:39,365']","[' Yeah. Sophisticated, classy,\n very European.\n']"
297,"['00:41:41,958', '00:41:43,665']","["" Let's try that again.\n""]"
298,"['00:41:47,130', '00:41:49,622']",[' I\n Yeah. Weird.\n']
299,"['00:42:22,540', '00:42:24,532']","[' Wow, this place is so classy.\n']"
300,"['00:42:26,210', '00:42:27,917']",[' Speak for yourself.\n']
301,"['00:42:29,630', '00:42:31,212']",[' What can I say?\n']
302,"['00:42:33,634', '00:42:37,253']","[' Everyone get settled, rest up\n because tonight, big surprise,\n']"
303,"['00:42:41,017', '00:42:42,258']",[' Yeah!\n Hello?\n']
304,"['00:42:44,854', '00:42:47,187']",[' Put it on and await further instructions.\n Understood?\n']
305,"['00:42:48,191', '00:42:49,477']","[' Yeah.\n Hey, man.\n']"
306,"['00:42:51,903', '00:42:54,646']","["" if I seem like I'm preoccupied\n with my relationship.\n""]"
307,"['00:42:57,950', '00:43:00,658']","["" Okay. Great, great.\n It's fine.\n""]"
308,"['00:43:03,164', '00:43:05,747']","["" Where's it gonna happen?\n Here in the city.\n""]"
309,"['00:43:08,211', '00:43:09,418']","["" I'm figuring it out.\n""]"
310,"['00:43:12,965', '00:43:14,547']","[' Ned.\n Yeah. Yeah, babe.\n']"
311,"['00:43:17,470', '00:43:19,257']","["" It's about time.\n Serious?\n""]"
312,"['00:43:21,057', '00:43:21,968']","[' Yes, sir.\n']"
313,"['00:43:24,435', '00:43:25,801']",[' Are we boring you?\n']
314,"['00:43:28,481', '00:43:30,017']",[' He had obstacles.\n']
315,"['00:43:32,068', '00:43:33,900']","["" They still won't evacuate the city.\n""]"
316,"['00:43:36,906', '00:43:38,442']","["" So, what's the plan, Parker?\n""]"
317,"['00:43:42,453', '00:43:45,241']","[' When that shows up,\n I will radio you guys,\n']"
318,"['00:43:51,546', '00:43:53,959']","["" That's when Mysterio and I will move in.\n""]"
319,"['00:43:55,466', '00:43:58,049']","[' The best hope you have, the only hope,\n']"
320,"['00:44:01,722', '00:44:03,714']","[' Maneuver it away\n from civilians if you can,\n']"
321,"['00:44:06,769', '00:44:10,308']","["" If it gets too big, it'll draw power\n from the Earth's core.\n""]"
322,"['00:44:17,697', '00:44:19,359']","[' Hey, my friends are here.\n']"
323,"['00:44:21,701', '00:44:24,785']","["" You're worried about us\n hurting your friends?\n""]"
324,"['00:44:30,001', '00:44:35,668']","[' Stark gave you a multibillion-dollar\n A.R. tactical intelligence system,\n']"
325,"['00:44:38,759', '00:44:43,754']","["" It's clear to me\n that you were not ready for this.\n""]"
326,"['00:44:53,191', '00:44:55,103']",[' He just\n He felt bad about snapping at you.\n']
327,"['00:44:56,652', '00:44:59,144']","[' You guys do have sarcasm\n on this Earth, right?\n']"
328,"['00:45:06,704', '00:45:10,323']","["" I didn't think I was gonna have\n to save the world this summer.\n""]"
329,"['00:45:14,295', '00:45:17,834']",[' I had this plan with this girl\n that I really like\n']
330,"['00:45:27,558', '00:45:29,971']","["" You're not a jerk\n for wanting a normal life, kid.\n""]"
331,"['00:45:34,273', '00:45:37,357']",[' You see things. You do things.\n You make choices.\n']
332,"['00:45:41,906', '00:45:44,319']","[' and even if you win a battle,\n sometimes they die.\n']"
333,"['00:45:48,913', '00:45:52,657']","["" There's a part of me\n that wants me to tell you, just\n""]"
334,"['00:45:54,669', '00:45:58,663']","["" Then there's another part of me\n that knows what we're about to fight,\n""]"
335,"['00:46:03,427', '00:46:04,427']",[' Me too.\n']
336,"['00:46:06,889', '00:46:07,889']",[' Yeah.\n']
337,"['00:46:11,686', '00:46:16,898']","[' Look, just get them inside and keep them\n in a safe place for just a few hours.\n']"
338,"['00:46:19,610', '00:46:24,401']","["" It's really nice to have somebody to talk to\n about superhero stuff, you know?\n""]"
339,"['00:46:27,410', '00:46:32,030']","["" And, hey, we survive this,\n you'll have all summer to kill Brad.\n""]"
340,"['00:46:37,128', '00:46:38,128']",[' All right.\n']
341,"['00:46:48,180', '00:46:51,423']","[' Okay. EDITH? Oh, come on.\n']"
342,"['00:46:53,477', '00:46:56,060']",[' I need a way to keep my friends\n inside the next few hours.\n']
343,"['00:46:57,940', '00:46:59,602']",[' Good news.\n']
344,"['00:47:01,360', '00:47:02,942']","["" You're kidding me.\n The opera?\n""]"
345,"['00:47:05,698', '00:47:07,155']",[' This is upgrade living.\n']
346,"['00:47:11,245', '00:47:14,204']",[' For free! Do you have any idea\n how much opera tickets cost?\n']
347,"['00:47:19,253', '00:47:21,711']",[' I think this is gonna be\n culturally enriching for us.\n']
348,"['00:47:23,382', '00:47:26,375']","[' Everyone, this is gonna be, maybe,\n']"
349,"['00:47:29,347', '00:47:30,758']",[' Four hours?\n']
350,"['00:47:35,644', '00:47:39,012']","["" I bet now you're all happy\n I had you pack a nice outfit.\n""]"
351,"['00:47:41,609', '00:47:43,566']",[' instead of the biggest party in the world.\n']
352,"['00:47:46,489', '00:47:48,025']","[' Parker, do you copy?\n']"
353,"['00:47:51,535', '00:47:55,370']","[' Okay, here we are. Beat the rush.\n']"
354,"['00:47:57,375', '00:48:00,368']","[' Lucky for us,\n we got the best seats in the house.\n']"
355,"['00:48:04,131', '00:48:05,963']","["" Hey. I'll save you a seat.\n""]"
356,"['00:48:17,019', '00:48:19,477']","["" No, that's not what\n I meant at all. I was just\n""]"
357,"['00:48:22,149', '00:48:23,981']","["" Thank you.\n You're welcome.\n""]"
358,"['00:48:27,113', '00:48:29,605']","[' Oh, my gosh! Opera glasses!\n So cute.\n']"
359,"['00:48:31,534', '00:48:33,241']",[' Want to go in on a pair?\n']
360,"['00:48:36,747', '00:48:38,488']",[' Are you in position?\n']
361,"['00:48:40,543', '00:48:43,126']","["" Why the hell not? Parker?\n you don't want to sit next to me,\n""]"
362,"['00:48:46,966', '00:48:49,379']","["" If you go ahead, I'll go grab us a pair.\n""]"
363,"['00:48:52,388', '00:48:55,096']","["" A lot of seats, so I'll be up there.\n Awesome.\n""]"
364,"['00:48:57,059', '00:48:59,267']","["" Parker.\n No, I'm coming. I'm\n""]"
365,"['00:49:04,316', '00:49:06,182']",[' Okay. Be careful.\n']
366,"['00:49:07,570', '00:49:10,313']",[' please steer the monster away\n from the opera house.\n']
367,"['00:49:12,199', '00:49:13,199']",[' Okay.\n Okay?\n']
368,"['00:49:29,884', '00:49:32,843']",[' Parker! You better be on your way.\n']
369,"['00:49:40,269', '00:49:42,477']","["" Where do you think she's going?\n To the carnival?\n""]"
370,"['00:49:44,857', '00:49:47,315']","["" Come on, let's go. Come on.\n""]"
371,"['00:50:05,920', '00:50:09,334']","["" As soon as I see something, Beck,\n I'll I'll let you know.\n""]"
372,"['00:50:11,592', '00:50:12,833']","["" The suit's great.\n""]"
373,"['00:50:16,180', '00:50:18,137']","["" Parker!\n Okay, I'll shut up.\n""]"
374,"['00:50:20,809', '00:50:23,142']","["" Yeah, it's real beautiful, babe.\n""]"
375,"['00:50:26,565', '00:50:29,103']","["" I don't do well with big crowds,\n so maybe we should\n""]"
376,"['00:50:40,788', '00:50:42,120']","["" Don't worry, babe.\n""]"
377,"['00:50:44,625', '00:50:46,241']","["" You'll feel a thousand times better.\n""]"
378,"['00:51:05,604', '00:51:07,721']","["" Okay, he's here! Beck, you ready?\n""]"
379,"['00:51:16,323', '00:51:17,323']","[' No, come back!\n']"
380,"['00:51:25,708', '00:51:26,949']","["" You're up, kid.\n""]"
381,"['00:51:41,390', '00:51:43,723']","["" Do you think that's Spider-Man?\n""]"
382,"['00:51:46,145', '00:51:47,886']","["" I actually read about him. It's not him.\n""]"
383,"['00:52:03,579', '00:52:04,786']","["" He's getting bigger!\n""]"
384,"['00:52:07,249', '00:52:08,831']","["" It's Night Night Monkey.\n""]"
385,"['00:52:10,419', '00:52:11,955']",[' Yeah.\n Night Monkey!\n']
386,"['00:52:14,131', '00:52:16,339']","["" Save us! Night Monkey, we're stuck!\n What?\n""]"
387,"['00:52:33,150', '00:52:34,150']",[' Are you okay?\n']
388,"['00:52:39,406', '00:52:41,819']","["" Yeah! We gotta hit him\n with something he can't absorb!\n""]"
389,"['00:53:00,386', '00:53:01,593']","[' Okay, shoot him!\n']"
390,"['00:53:05,641', '00:53:07,428']",[' That hurt him. Keep it coming.\n']
391,"['00:53:17,695', '00:53:19,527']","["" I'm trying!\n""]"
392,"['00:53:21,615', '00:53:23,151']","["" Okay. I'm on it!\n""]"
393,"['00:53:55,441', '00:53:56,898']",[' Betty! Betty!\n']
394,"['00:54:26,930', '00:54:28,762']","[' No, no, no.\n']"
395,"['00:54:37,691', '00:54:39,683']",[' Whatever happens\n']
396,"['00:54:41,487', '00:54:43,319']","[' Beck, what are you doing?\n']"
397,"['00:54:51,830', '00:54:52,946']","["" Beck, don't do it!\n""]"
398,"['00:55:19,024', '00:55:20,024']",[' Mr. Beck?\n']
399,"['00:55:33,413', '00:55:37,202']","[' I would kiss you,\n but I think I threw up in my mouth a little.\n']"
400,"['00:55:44,049', '00:55:45,085']","["" So it's over?\n""]"
401,"['00:55:47,010', '00:55:50,094']","["" But not the last threat we'll ever face.\n""]"
402,"['00:55:53,851', '00:55:56,343']","["" There's a void in this world\n for someone like you.\n""]"
403,"['00:56:00,399', '00:56:01,640']",[' You should join us.\n']
404,"['00:56:16,832', '00:56:19,950']","["" You got gifts, Parker,\n but you didn't wanna be here.\n""]"
405,"['00:56:24,590', '00:56:28,129']","["" But you got to decide\n whether you're going to step up or not.\n""]"
406,"['00:56:30,762', '00:56:33,596']",[' He made you an Avenger.\n']
407,"['00:56:35,684', '00:56:37,971']",[' The world needs that.\n']
408,"['00:56:43,650', '00:56:44,857']",[' Was he?\n']
409,"['00:57:03,295', '00:57:04,502']","["" Let's get a drink.\n""]"
410,"['00:57:16,475', '00:57:17,475']",[' Hey.\n']
411,"['00:57:22,981', '00:57:23,981']",[' Yeah.\n']
412,"['00:57:27,277', '00:57:29,735']",[' Tony did a lot for me\n']
413,"['00:57:32,658', '00:57:33,774']",[' Do you?\n']
414,"['00:57:37,663', '00:57:40,326']",[' Mr. Stark gave me\n the chance to be more.\n']
415,"['00:57:42,334', '00:57:45,327']",[' And Fury wants me to live up to that.\n What do you want?\n']
416,"['00:57:50,050', '00:57:52,633']","["" I don't know.\n What do you want? Peter Parker. Now.\n""]"
417,"['00:57:55,555', '00:57:57,842']",[' I want to go back on my trip\n with my friends.\n']
418,"['00:58:01,103', '00:58:04,471']",[' with the girl who I really like\n and tell her how I feel\n']
419,"['00:58:08,402', '00:58:09,402']","[' Shut up, man.\n']"
420,"['00:58:12,656', '00:58:13,487']",[' Why not?\n']
421,"['00:58:17,953', '00:58:19,819']",[' My God. Thank you so much.\n What are those?\n']
422,"['00:58:22,082', '00:58:25,575']","["" They were just on the floor? Try them on.\n Let's see how they look on you.\n""]"
423,"['00:58:30,298', '00:58:32,210']",[' I actually really like them.\n']
424,"['00:58:35,137', '00:58:36,594']",[' They look really stupid.\n']
425,"['00:58:40,851', '00:58:41,887']",[' You try them on.\n']
426,"['00:58:43,770', '00:58:45,932']","["" I don't wanna try them on.\n Just put them on.\n""]"
427,"['00:59:00,078', '00:59:01,910']","[' ""Next Tony Stark, I trust you.""\n']"
428,"['00:59:05,709', '00:59:06,709']",[' What?\n']
429,"['00:59:09,171', '00:59:11,003']","[' ""For the next Tony Stark, I trust you.""\n']"
430,"['00:59:13,759', '00:59:15,796']",[' He knew every mistake I ever made.\n']
431,"['00:59:18,305', '00:59:19,637']",[' Why give it to you?\n']
432,"['00:59:23,769', '00:59:26,056']","["" It makes much more sense.\n He knew I'd do what's right.\n""]"
433,"['00:59:29,691', '00:59:31,102']","["" You're probably right.\n""]"
434,"['00:59:34,446', '00:59:37,405']","["" And it's not me.\n I'm a 16-year-old kid from Queens.\n""]"
435,"['00:59:40,410', '00:59:43,369']","["" and that's good like Tony Stark, like you.\n""]"
436,"['00:59:48,919', '00:59:50,160']","[' EDITH?\n Hello, Peter.\n']"
437,"['00:59:53,006', '00:59:55,919']","["" I'd like to transfer your control\n over to Quentin Beck.\n""]"
438,"['00:59:58,804', '01:00:02,798']",[' Any transfer will require confirmation.\n Stark gave you the glasses.\n']
439,"['01:00:06,394', '01:00:08,727']","["" You're a soldier, a leader.\n You stopped the Elementals.\n""]"
440,"['01:00:11,900', '01:00:13,516']","["" He'd want you to have them.\n""]"
441,"['01:00:15,237', '01:00:16,237']",[' Confirm.\n']
442,"['01:00:30,043', '01:00:31,159']",[' They look good on you.\n']
443,"['01:00:34,506', '01:00:35,506']","["" It's an honor.\n""]"
444,"['01:00:38,552', '01:00:40,669']","["" Mr. Stark would've really liked you.\n""]"
445,"['01:00:43,014', '01:00:45,722']","["" I'm gonna go find MJ.\n Good luck, kid.\n""]"
446,"['01:00:49,646', '01:00:51,137']",[' Yeah.\n']
447,"['01:01:25,348', '01:01:27,055']","["" See? That wasn't so hard.\n""]"
448,"['01:01:29,311', '01:01:32,145']",[' Somebody get\n this stupid costume off me!\n']
449,"['01:01:40,614', '01:01:42,526']",[' Get these connected to our system.\n']
450,"['01:01:45,118', '01:01:47,701']","[' No, this is a big win,\n but we still got a lot of work to do.\n']"
451,"['01:01:49,623', '01:01:51,330']",[' Yeah!\n']
452,"['01:01:53,877', '01:01:55,084']","[' Give me that, Doug.\n']"
453,"['01:02:00,717', '01:02:02,083']",[' The jester king.\n']
454,"['01:02:06,765', '01:02:08,722']",[' that he was unfit to wield.\n']
455,"['01:02:11,228', '01:02:13,936']",[' A revolutionary breakthrough\n with limitless applications\n']
456,"['01:02:16,316', '01:02:17,147']",[' and renamed\n']
457,"['01:02:24,032', '01:02:27,901']","[' Oh, $611 million\n for my little therapeutic experiment.\n']"
458,"['01:02:32,874', '01:02:34,081']","[' I told him it was a mistake,\n']"
459,"['01:02:37,921', '01:02:38,921']",[' And then\n']
460,"['01:02:42,634', '01:02:44,125']",[' Said I was\n']
461,"['01:02:48,348', '01:02:51,056']",[' To Tony.\n To Tony!\n']
462,"['01:02:54,813', '01:02:58,557']",[' Tony Stark was able\n to build this in a cave!\n']
463,"['01:03:01,319', '01:03:03,185']",[' The integration of my illusion tech\n']
464,"['01:03:05,615', '01:03:07,948']","[' Powerful illusions, real damage,\n worked like a charm.\n']"
465,"['01:03:09,452', '01:03:11,409']","[' Thank you, brother.\n To Guterman.\n']"
466,"['01:03:12,831', '01:03:15,824']",[' The story you created of a soldier\n from another Earth named Quentin\n']
467,"['01:03:19,170', '01:03:21,878']",[' and apparently the kind of thing\n people will believe right now.\n']
468,"['01:03:23,758', '01:03:25,169']",[' Gutes!\n Guterman!\n']
469,"['01:03:27,512', '01:03:29,674']",[' Staging electromagnetic pulses\n at each attack site\n']
470,"['01:03:32,017', '01:03:33,383']",[' Inspired idea.\n']
471,"['01:03:35,979', '01:03:38,392']","[' After Tony died, she was the one\n who discovered that EDITH\n']"
472,"['01:03:42,444', '01:03:43,444']",[' but to a child.\n']
473,"['01:03:45,155', '01:03:47,989']","[' And to the rest of you,\n Tony Stark is gone.\n']"
474,"['01:03:51,077', '01:03:53,535']","[' But these days, you can be\n the smartest guy in the room,\n']"
475,"['01:03:56,291', '01:03:59,705']","["" Unless you're flying around with a cape\n or shooting lasers from your hands,\n""]"
476,"['01:04:04,424', '01:04:07,792']","["" Well, I've got a cape and lasers.\n""]"
477,"['01:04:11,014', '01:04:15,884']",[' Mysterio will be\n the greatest hero on Earth!\n']
478,"['01:04:17,145', '01:04:19,808']",[' Then everyone will listen!\n']
479,"['01:04:26,237', '01:04:28,729']",[' Not to a hormonal teenager.\n']
480,"['01:04:31,034', '01:04:32,115']",[' To me\n']
481,"['01:04:35,914', '01:04:37,746']",[' To us.\n To us.\n']
482,"['01:04:40,919', '01:04:43,878']",[' To Peter Parker.\n To Peter Parker!\n']
483,"['01:04:47,926', '01:04:49,133']","["" Let's get to work.\n""]"
484,"['01:04:55,433', '01:04:57,675']","["" We almost died.\n It's fine. It's fine.\n""]"
485,"['01:04:59,604', '01:05:01,846']","["" Dude, the trip's over.\n What?\n""]"
486,"['01:05:04,109', '01:05:05,816']",[' Of course our parents want us home.\n']
487,"['01:05:08,780', '01:05:12,569']","["" Oh, my God. Yes, good.\n Stay here. Don't Put some clothes on.\n""]"
488,"['01:05:13,952', '01:05:16,194']","["" We came for science,\n we're leaving because of witches.\n""]"
489,"['01:05:19,874', '01:05:22,457']","["" What is going on?\n We're going home in the morning.\n""]"
490,"['01:05:24,921', '01:05:26,787']","[' Ned.\n Coming, sweetie.\n']"
491,"['01:05:31,719', '01:05:33,426']",[' Yeah.\n Hey.\n']
492,"['01:05:37,600', '01:05:40,308']",[' I got lost.\n We were worried about you.\n']
493,"['01:05:44,774', '01:05:47,517']","["" So much for Paris.\n It would've been fun.\n""]"
494,"['01:05:51,823', '01:05:53,109']",[' You look ni\n']
495,"['01:06:03,626', '01:06:04,833']",[' Hey.\n Hey.\n']
496,"['01:06:07,964', '01:06:12,755']","["" I'm not ready for this trip to be over yet,\n and I kind of want to do something fun\n""]"
497,"['01:06:16,848', '01:06:18,589']",[' Yes.\n']
498,"['01:06:20,894', '01:06:22,055']",[' Yes.\n']
499,"['01:06:26,024', '01:06:27,856']",[' Meet me outside in five minutes.\n']
500,"['01:06:30,528', '01:06:31,985']","[' Okay, bye.\n Bye.\n']"
501,"['01:06:47,921', '01:06:48,832']",[' Hey.\n Hey.\n']
502,"['01:06:50,381', '01:06:52,122']",[' Who cares?\n Awesome.\n']
503,"['01:07:00,058', '01:07:02,550']","["" I'm glad we're doing this.\n Yeah, me too.\n""]"
504,"['01:07:05,063', '01:07:07,806']",[' They used to execute people\n on this bridge.\n']
505,"['01:07:13,905', '01:07:15,862']","["" Sorry.\n It's okay.\n""]"
506,"['01:07:22,872', '01:07:24,784']",[' for a while.\n']
507,"['01:07:29,003', '01:07:30,619']","["" It's our last night in Europe,\n""]"
508,"['01:07:34,801', '01:07:36,337']","["" I'm just gonna tell you.\n""]"
509,"['01:07:42,308', '01:07:43,924']","["" What?\n That's what you were gonna say.\n""]"
510,"['01:07:46,688', '01:07:49,522']","["" No. I'm not Spider-Man.\n""]"
511,"['01:07:52,777', '01:07:55,064']","["" It's kind of obvious.\n""]"
512,"['01:07:57,365', '01:07:59,778']",[' What would make you think\n that I was Spider-Man?\n']
513,"['01:08:01,995', '01:08:05,614']",[' The fact that you disappear\n out of nowhere for no reason.\n']
514,"['01:08:08,751', '01:08:10,413']","["" Susan Yang thinks you're a male escort.\n""]"
515,"['01:08:12,922', '01:08:15,915']","["" Then you're Spider-Man.\n I'm not Spider-Man at all.\n""]"
516,"['01:08:19,429', '01:08:21,842']","["" You can't have seen me\n because I'm not Spider-Man.\n""]"
517,"['01:08:24,517', '01:08:25,974']",[' The Night Monkey?\n Yeah.\n']
518,"['01:08:28,146', '01:08:30,479']",[' and the news never lies.\n']
519,"['01:08:36,529', '01:08:39,988']","[' Well, do the Night Monkey\n and Spider-Man use the same webs?\n']"
520,"['01:08:42,869', '01:08:45,077']","["" Maybe he's a Spider Monkey.\n Who knows?\n""]"
521,"['01:08:55,590', '01:08:56,590']",[' Yeah.\n']
522,"['01:09:01,846', '01:09:04,554']","["" Doesn't matter. Just thought that maybe\n""]"
523,"['01:09:13,900', '01:09:14,981']","["" I don't know.\n""]"
524,"['01:09:28,831', '01:09:32,120']","["" Yeah, but it's really advanced.\n""]"
525,"['01:09:34,587', '01:09:36,954']","[' It\n Yeah, really real.\n']"
526,"['01:09:41,803', '01:09:44,591']","["" That doesn't make any sense\n because we were there, right?\n""]"
527,"['01:09:49,268', '01:09:50,679']",[' Who would do something like that?\n']
528,"['01:10:06,744', '01:10:08,110']",[' I am Spider-Man.\n']
529,"['01:10:13,751', '01:10:16,038']","["" You're 100 percent serious?\n Because it's not funny.\n""]"
530,"['01:10:17,130', '01:10:19,338']",[' Because I was\n I was only like 67 percent sure.\n']
531,"['01:10:21,384', '01:10:24,343']","[' Why are you on this school trip?\n I know you have a lot of questions,\n']"
532,"['01:10:26,264', '01:10:29,382']","["" Okay. Okay. I can't believe I figured it out!\n""]"
533,"['01:10:34,522', '01:10:36,058']",[' This is for my family!\n']
534,"['01:10:45,867', '01:10:46,867']",[' Pause.\n']
535,"['01:10:49,537', '01:10:52,120']","[' Yeah, can you just fast-forward\n to the end?\n']"
536,"['01:10:57,920', '01:11:00,788']","[' All right, fly, fly, fly, zap, zap, zap.\n']"
537,"['01:11:04,469', '01:11:05,926']",[' Kill image.\n']
538,"['01:11:09,056', '01:11:10,217']","[' All right, weapons.\n']"
539,"['01:11:12,643', '01:11:14,384']",[' Weapons only. Stand by.\n']
540,"['01:11:26,616', '01:11:29,324']","["" Something. I don't know what it is.\n It's something\n""]"
541,"['01:11:33,956', '01:11:35,447']",[' You want me to double it up?\n']
542,"['01:11:37,293', '01:11:38,293']",[' Cover your ears.\n']
543,"['01:11:50,431', '01:11:52,138']","[' We on schedule?\n Oh, yeah.\n']"
544,"['01:11:54,811', '01:11:58,225']","["" With her drones, we'll create an event\n big enough to cover an entire city.\n""]"
545,"['01:11:59,315', '01:12:01,898']",[' Make sure every drone is weapons-hot.\n We need maximum damage.\n']
546,"['01:12:04,529', '01:12:07,192']","[' More casualties, more coverage.\n I gotta cut through the static.\n']"
547,"['01:12:10,409', '01:12:12,025']","["" If I'm the next Iron Man,\n""]"
548,"['01:12:16,332', '01:12:19,666']","[' But when its new savior descends,\n']"
549,"['01:12:22,964', '01:12:26,173']","["" Janice, you'll be in position with my\n quick-change armor for the victory lap?\n""]"
550,"['01:12:27,802', '01:12:29,714']","["" No, no, that's\n What's going on with my hand?\n""]"
551,"['01:12:31,222', '01:12:34,511']","[' Oh, one of the drones that came back\n from the plaza was missing a projector.\n']"
552,"['01:12:36,102', '01:12:38,936']","["" Wait, and you're?\n You're telling me this now?\n""]"
553,"['01:12:41,357', '01:12:44,191']","[' The image will be perfect, I promise.\n That projector is evidence.\n']"
554,"['01:12:47,405', '01:12:51,069']","[' I am trying to fool 7 billion people here,\n including Nick Fury,\n']"
555,"['01:12:54,704', '01:12:57,913']","["" If he catches on before I've killed him,\n he will put a bullet in my head.\n""]"
556,"['01:13:02,587', '01:13:03,587']",[' Right?\n']
557,"['01:13:10,136', '01:13:11,252']",[' Pull up EDITH.\n']
558,"['01:13:14,307', '01:13:18,142']","[' Hi, honey. I need a level-five search,\n full-resource protocol for this device.\n']"
559,"['01:13:20,521', '01:13:22,979']",[' There. Search everything going in\n and out of that building.\n']
560,"['01:13:26,777', '01:13:27,777']",[' Shit.\n']
561,"['01:13:33,117', '01:13:35,575']","["" after I've had to kill Peter Parker\n because of this,\n""]"
562,"['01:13:43,294', '01:13:46,458']","["" I can't believe I gave Beck those glasses.\n How could I be that stupid?\n""]"
563,"['01:13:50,301', '01:13:52,918']",[' You had access to killer drones?\n']
564,"['01:13:56,474', '01:13:58,010']",[' You almost killed Brad?\n']
565,"['01:14:02,104', '01:14:05,222']","[' but I think he tapped my phone.\n So, what are you gonna do?\n']"
566,"['01:14:08,235', '01:14:10,067']",[' and talk to Mr. Fury in person.\n']
567,"['01:14:35,429', '01:14:36,795']","[' Oh, Ned, perfect.\n']"
568,"['01:14:39,892', '01:14:43,886']","["" for the costume party\n at the prince's castle.\n""]"
569,"['01:14:46,107', '01:14:47,769']","["" He didn't tell me. I figured it out.\n""]"
570,"['01:14:54,365', '01:14:58,359']","["" Look, Mysterio is a fraud.\n But he saved me and Betty's lives.\n""]"
571,"['01:15:00,746', '01:15:03,659']","["" Yeah, he's using these, like,\n hologram projectors.\n""]"
572,"['01:15:05,960', '01:15:07,041']",[' Yeah.\n']
573,"['01:15:12,383', '01:15:13,383']","["" It's been mostly me.\n""]"
574,"['01:15:16,846', '01:15:19,179']","[' say she wanted me to stay\n with family in Berlin, okay?\n']"
575,"['01:15:20,683', '01:15:23,346']","[' Wow, you guys lie with such ease.\n']"
576,"['01:15:27,023', '01:15:28,434']","["" You're gonna need this.\n""]"
577,"['01:15:40,911', '01:15:42,903']",[' So you know too.\n']
578,"['01:15:44,123', '01:15:47,332']","["" I've known first, and I've known longer,\n but it's not a competition.\n""]"
579,"['01:16:11,358', '01:16:13,691']","["" No, wait, I didn't Oh, man.\n""]"
580,"['01:16:24,205', '01:16:27,323']","["" Mr. Fury\n You've got a lot of explaining to do.\n""]"
581,"['01:16:30,377', '01:16:31,377']",[' Okay.\n']
582,"['01:17:03,202', '01:17:07,412']",[' So is there anything you want\n to tell us about your girlfriend?\n']
583,"['01:17:09,083', '01:17:12,167']","["" I know I made a mistake, and I'm sorry,\n but he is not who you think he is.\n""]"
584,"['01:17:15,256', '01:17:16,747']",[' He has some sort of illusion tech.\n']
585,"['01:17:20,052', '01:17:23,386']","["" It's a projector. I pulled it off\n the fire monster in Prague.\n""]"
586,"['01:17:27,143', '01:17:28,759']",[' was created by this?\n']
587,"['01:17:31,522', '01:17:36,233']","["" Well, if this is true, then Beck's\n very dangerous and we need to be smart.\n""]"
588,"['01:17:38,904', '01:17:41,146']",[' Parker? Parker!\n']
589,"['01:17:44,368', '01:17:46,405']",[' What? Hill?\n']
590,"['01:17:54,378', '01:17:55,414']",[' Fury!\n']
591,"['01:18:03,179', '01:18:05,216']",[' I thought we were close.\n']
592,"['01:18:08,934', '01:18:10,050']","[' Stop hiding, Beck!\n']"
593,"['01:18:14,899', '01:18:16,891']","["" Now you're making me do this.\n""]"
594,"['01:18:25,409', '01:18:28,698']","[' You told me, you wanted\n to run after that girl.\n']"
595,"['01:18:31,832', '01:18:32,913']","[' Oh, God!\n']"
596,"['01:18:38,464', '01:18:39,464']","[' Do you, though?\n']"
597,"['01:18:46,847', '01:18:49,339']","["" I don't think you know what's real, Peter.\n""]"
598,"['01:19:27,221', '01:19:29,338']","[' I mean, look at yourself.\n']"
599,"['01:19:44,989', '01:19:49,654']",[' I created Mysterio to give the world\n someone to believe in.\n']
600,"['01:19:51,620', '01:19:54,363']",[' Mysterio is the truth.\n']
601,"['01:20:34,663', '01:20:37,872']","["" Deep down, you know I'm right.\n""]"
602,"['01:20:54,641', '01:20:57,475']",[' And now you have\n']
603,"['01:21:10,991', '01:21:15,611']","["" Beck's people are trying to find\n everyone who could expose him.\n""]"
604,"['01:21:18,248', '01:21:20,661']","[' I know you told someone, so just tell me.\n']"
605,"['01:21:22,544', '01:21:25,787']",[' Who else did you tell?!\n Just Ned and MJ from my class.\n']
606,"['01:21:29,760', '01:21:30,760']",[' What?\n']
607,"['01:21:33,555', '01:21:35,592']","["" What?\n You're smart as a whip.\n""]"
608,"['01:21:38,060', '01:21:39,060']",[' sucker.\n']
609,"['01:21:47,027', '01:21:50,020']","["" It's easy to fool people\n when they're already fooling themselves.\n""]"
610,"['01:21:58,831', '01:22:00,072']",[' I really am sorry.\n']
611,"['01:22:11,093', '01:22:13,585']","["" Access files to Peter Parker's class trip.\n""]"
612,"['01:22:56,305', '01:22:57,305']",[' Hi.\n']
613,"['01:22:59,892', '01:23:01,975']",[' Municipal holding facility.\n']
614,"['01:23:05,856', '01:23:09,099']",[' And we gave you the shirt\n because you seemed a bit cold.\n']
615,"['01:23:12,821', '01:23:13,902']",[' You guys are nice.\n']
616,"['01:23:17,576', '01:23:18,942']",[' Welcome to the Netherlands.\n']
617,"['01:23:24,082', '01:23:25,823']",[' Bye.\n']
618,"['01:23:27,461', '01:23:29,623']",[' The guard is on a break.\n Probably talking to his wife.\n']
619,"['01:23:31,715', '01:23:32,715']",[' Yeah.\n']
620,"['01:23:42,392', '01:23:43,508']",[' Yeah.\n']
621,"['01:23:50,776', '01:23:51,937']",[' You guys okay?\n']
622,"['01:24:05,958', '01:24:08,166']",[' Could I borrow your phone?\n Yeah.\n']
623,"['01:24:12,548', '01:24:13,548']",[' Okay.\n']
624,"['01:24:21,598', '01:24:23,965']","[' Pick up, pick up, pick up. Hey, hey\n']"
625,"['01:24:29,398', '01:24:31,685']","[' Where am I? Where am I, sir?\n']"
626,"['01:24:35,862', '01:24:37,899']",[' Hang on. Could you say that into there?\n']
627,"['01:24:41,952', '01:24:43,909']","[' Yeah, no problem.\n']"
628,"['01:24:45,622', '01:24:46,622']",[' Did you get that?\n']
629,"['01:25:10,647', '01:25:13,435']","["" Happy, is that you?\n Yeah, of course it's me.\n""]"
630,"['01:25:17,487', '01:25:18,694']",[' Only I would know\n']
631,"['01:25:21,825', '01:25:23,657']",[' You pay-per-viewed a video\n in your room?\n']
632,"['01:25:27,623', '01:25:30,457']","["" And you didn't know how I knew\n Okay, fine! It's you. Stop.\n""]"
633,"['01:25:36,506', '01:25:38,748']","["" You'll have to tell me\n what the hell is going on here.\n""]"
634,"['01:25:41,678', '01:25:42,885']",[' There we go.\n']
635,"['01:25:50,479', '01:25:53,438']",[' I thought you had super strength.\n It still hurts.\n']
636,"['01:26:00,030', '01:26:02,113']","[' Just a few more. There we go.\n Oh, my God, Happy.\n']"
637,"['01:26:03,992', '01:26:06,405']",[' How can I relax\n when I messed up so bad?\n']
638,"['01:26:09,915', '01:26:13,454']","[' I thought he was my friend. I gave him\n the only thing Mr. Stark left for me,\n']"
639,"['01:26:15,879', '01:26:18,462']",[' so please do not tell me to relax.\n']
640,"['01:26:26,264', '01:26:27,721']",[' I just really miss him.\n']
641,"['01:26:33,313', '01:26:34,724']",[' Everywhere I go\n']
642,"['01:26:37,526', '01:26:42,021']","["" And the whole world is asking\n who's gonna be the next Iron Man\n""]"
643,"['01:26:50,122', '01:26:51,329']","["" You're not Iron Man.\n""]"
644,"['01:26:56,211', '01:26:58,498']",[' Nobody could live up to Tony.\n']
645,"['01:27:01,550', '01:27:03,507']",[' Tony was my best friend.\n']
646,"['01:27:05,262', '01:27:08,300']",[' He second-guessed everything he did.\n He was all over the place.\n']
647,"['01:27:14,563', '01:27:17,772']","["" I don't think\n Tony would have done what he did\n""]"
648,"['01:27:22,904', '01:27:27,239']","["" Now, your friends are in trouble,\n you're all alone, your tech is missing.\n""]"
649,"['01:27:36,334', '01:27:37,745']","["" I'm gonna kick his ass.\n""]"
650,"['01:27:40,922', '01:27:43,881']","["" Because we've been hovering over\n a tulip field for the last 15 minutes.\n""]"
651,"['01:27:46,970', '01:27:48,552']",[' Give me your phone.\n']
652,"['01:27:49,973', '01:27:51,464']",[' Okay. Here.\n']
653,"['01:27:53,977', '01:27:57,186']","[' No, what is your password?\n ""Password,"" spelled out.\n']"
654,"['01:27:59,524', '01:28:00,884']","["" I don't feel good about it either.\n""]"
655,"['01:28:04,070', '01:28:06,062']","["" They're in London.\n London, okay.\n""]"
656,"['01:28:29,846', '01:28:30,846']",[' Okay\n']
657,"['01:28:41,525', '01:28:44,188']","[' Yeah, open that. Okay, no, no, no.\n']"
658,"['01:28:52,869', '01:28:54,326']",[' Nothing.\n']
659,"['01:29:00,877', '01:29:02,994']","[' Oh, I love Led Zeppelin.\n']"
660,"['01:29:12,264', '01:29:15,974']","[' Isolate the Taser webs,\n and reconfigure and boost the voltage\n']"
661,"['01:29:19,187', '01:29:21,975']",[' and give me complete manual control\n over detonation.\n']
662,"['01:29:28,280', '01:29:31,148']","[' Nick, satellites are picking up\n an EM pulse.\n']"
663,"['01:29:33,827', '01:29:35,568']",[' Where?\n London.\n']
664,"['01:29:38,164', '01:29:41,202']","["" and then we'll grab a bite\n and head to the airport.\n""]"
665,"['01:29:46,006', '01:29:47,292']","[' Oh, yeah, I get it.\n']"
666,"['01:29:50,093', '01:29:51,755']","["" No, I'm talking about Peter.\n""]"
667,"['01:29:54,014', '01:29:56,722']",[' Because I saw him in the back room\n of a rest stop with some woman\n']
668,"['01:29:59,311', '01:30:01,177']","[' like back at the opera, huh?\n']"
669,"['01:30:04,733', '01:30:07,191']",[' Is no one else interested in the truth?\n']
670,"['01:30:12,449', '01:30:13,485']",[' George Orwell.\n']
671,"['01:30:14,910', '01:30:19,530']","["" Well, since Peter's not really here\n to tell his truth, what about you, Brad?\n""]"
672,"['01:30:21,958', '01:30:23,620']","["" Yeah, what's that about?\n""]"
673,"['01:30:26,504', '01:30:29,668']","["" I was trying to take a\n Let's just put all this craziness behind us\n""]"
674,"['01:30:32,636', '01:30:35,253']","[' ""Sounds great, Mr. Harrington,""\n said the class.\n']"
675,"['01:30:37,182', '01:30:39,674']","["" I'm gonna be a cool teacher right now.\n""]"
676,"['01:30:42,354', '01:30:46,018']",[' No more photos in the bathroom.\n Urinal or stalls.\n']
677,"['01:30:47,734', '01:30:49,270']","[' Mr. Harrington, this is your bus.\n']"
678,"['01:30:52,906', '01:30:54,943']","["" I'll get this, yeah? Why not?\n Thank you.\n""]"
679,"['01:30:57,077', '01:30:58,864']",[' All right.\n']
680,"['01:31:04,584', '01:31:06,075']",[' I got here as fast as I could.\n']
681,"['01:31:09,673', '01:31:10,673']",[' Damn it.\n']
682,"['01:31:14,260', '01:31:17,469']","["" I'll take another look.\n Soon as you see something, report.\n""]"
683,"['01:31:19,933', '01:31:22,641']","[' If this is what I fear,\n then God help us, Fury.\n']"
684,"['01:31:26,606', '01:31:28,563']","[' Okay, people, no Avengers coming.\n Good to go.\n']"
685,"['01:31:31,569', '01:31:35,233']",[' Drones are entering\n the atmosphere weapons-hot.\n']
686,"['01:31:43,373', '01:31:46,036']",[' Get those wrinkles out. I could be\n shaking hands with the queen.\n']
687,"['01:31:47,711', '01:31:50,294']","[' Okay. Hit it, Victoria.\n Increasing pulse.\n']"
688,"['01:31:55,468', '01:31:56,709']",[' EDITH?\n']
689,"['01:31:58,430', '01:32:00,137']",[' Show me my loose ends.\n']
690,"['01:32:03,852', '01:32:05,013']",[' Copy.\n All right.\n']
691,"['01:32:08,148', '01:32:10,231']","["" Let's save the world, people.\n""]"
692,"['01:32:15,405', '01:32:18,489']","[' You\'re an FOS now.\n ""Friend of Spider-Man.""\n']"
693,"['01:32:25,165', '01:32:26,656']","["" That doesn't look good.\n""]"
694,"['01:32:29,169', '01:32:32,913']",[' And the kids are in the kill zone.\n']
695,"['01:32:37,177', '01:32:39,169']",[' What?\n Happy Hogan here.\n']
696,"['01:32:41,431', '01:32:43,047']",[' going through his belongings.\n']
697,"['01:32:45,226', '01:32:47,830']","["" People there said they didn't think\n Nick Fury was a surfer, but I said:\n""]"
698,"['01:33:00,366', '01:33:04,531']","["" Fury's got the coded message.\n Your friends are at the Tower Bridge.\n""]"
699,"['01:33:06,998', '01:33:09,115']","["" I'll scoop them up, okay?\n Yeah.\n""]"
700,"['01:33:10,418', '01:33:11,784']","["" How's the suit?\n Almost done.\n""]"
701,"['01:33:14,964', '01:33:17,502']","[' if something happens to me,\n could you please give this to MJ?\n']"
702,"['01:33:19,844', '01:33:21,210']",[' Okay? You got this.\n I got this.\n']
703,"['01:33:24,224', '01:33:27,137']","[' All I have to do is get inside the illusion,\n then I can take it down,\n']"
704,"['01:33:30,271', '01:33:32,684']","[' Right, but last time, you got hit by a train.\n']"
705,"['01:33:35,944', '01:33:38,778']",[' How do I explain this?\n I have a sixth sense.\n']
706,"['01:33:42,492', '01:33:43,699']","["" It's not working, though.\n""]"
707,"['01:33:46,621', '01:33:49,159']","["" I don't know if it's working\n So you got the Peter-tingle.\n""]"
708,"['01:33:51,584', '01:33:54,873']",[' You get that Peter-tingle back online.\n I got this.\n']
709,"['01:34:17,443', '01:34:21,687']","[' Sir, is it still safe on the top,\n or should we all come down?\n']"
710,"['01:34:24,617', '01:34:27,610']","["" What did the bus driver say?\n Bus driver's gone.\n""]"
711,"['01:34:29,122', '01:34:31,956']","["" It's okay. Mr. Dell and I have it\n under control!\n""]"
712,"['01:34:36,337', '01:34:38,670']","[' Look\n Oh, the witches are back.\n']"
713,"['01:34:45,889', '01:34:48,222']","[' Okay.\n Okay, follow me, kids.\n']"
714,"['01:35:05,366', '01:35:08,404']","[' Now, that is an Avengers-level threat.\n']"
715,"['01:35:26,888', '01:35:28,345']","[' Okay. Okay.\n Oh, my God!\n']"
716,"['01:35:30,225', '01:35:31,841']","[' This way, kids. Follow me.\n']"
717,"['01:35:35,146', '01:35:36,432']","[' Follow me, kids!\n']"
718,"['01:35:38,775', '01:35:41,688']","[' Oh, no. Theyjoined forces\n like the Power Rangers.\n']"
719,"['01:35:43,571', '01:35:45,437']","["" Voltron! You're thinking of Voltron!\n""]"
720,"['01:35:47,408', '01:35:48,615']","["" He's gonna save us!\n""]"
721,"['01:35:53,998', '01:35:56,081']","["" Then we're in danger.\n Yeah, and so are they.\n""]"
722,"['01:35:58,836', '01:35:59,836']",[' Kill that witch!\n']
723,"['01:36:06,010', '01:36:07,797']","[' Get somewhere safe, Fury.\n']"
724,"['01:36:09,555', '01:36:13,595']","[' I appreciate your concern,\n but I never leave my men behind.\n']"
725,"['01:36:17,480', '01:36:20,018']","["" I can. It's a little loud out here.\n I like the new suit.\n""]"
726,"['01:36:23,319', '01:36:25,811']","["" Yeah, it's just 100 times bigger\n than I expected.\n""]"
727,"['01:36:27,448', '01:36:29,815']","["" We need to get high enough\n so Beck doesn't see me coming.\n""]"
728,"['01:36:34,914', '01:36:36,997']","[' Hey, Happy.\n Yeah, kid. What is it?\n']"
729,"['01:36:54,559', '01:36:56,596']","[' Beck, report!\n']"
730,"['01:36:59,188', '01:37:02,556']","[' ""It\'s all the Elementals.\n They\'re merged into something""\n']"
731,"['01:37:04,736', '01:37:06,728']","["" It's drawing energy from the Earth's core.\n""]"
732,"['01:37:16,789', '01:37:17,789']",[' Is that?\n']
733,"['01:37:24,172', '01:37:25,253']",[' Yeah.\n']
734,"['01:37:40,313', '01:37:41,474']","["" That's awesome.\n""]"
735,"['01:38:09,425', '01:38:11,758']","["" Maybe they hit a flock of birds.\n You're fine.\n""]"
736,"['01:38:20,645', '01:38:22,728']",[' Do you see anything?\n']
737,"['01:38:30,488', '01:38:32,354']",[' I hope this works.\n']
738,"['01:38:54,637', '01:38:55,637']",[' I got you.\n']
739,"['01:39:01,561', '01:39:02,768']",[' I see you.\n']
740,"['01:39:23,416', '01:39:26,329']","["" Just kill the illusion. Kill it.\n I'm not gonna kill it. They'll see.\n""]"
741,"['01:39:28,963', '01:39:31,922']","[' Do you still need the cape?\n Yes, Janice.\n']"
742,"['01:39:36,971', '01:39:39,258']","[' William, render my illusion suit.\n All right, hang on.\n']"
743,"['01:39:41,601', '01:39:42,842']",[' There you are.\n']
744,"['01:39:51,944', '01:39:53,276']",[' Who the hell is that?\n']
745,"['01:39:56,199', '01:39:58,486']",[' I gotta get you guys out of here!\n Get on the jet!\n']
746,"['01:40:00,828', '01:40:02,740']",[' Get on that jet.\n You work for Spider-Man?\n']
747,"['01:40:08,336', '01:40:10,328']",[' New plan. Into the Tower.\n What?\n']
748,"['01:40:13,466', '01:40:15,833']","[' EDITH, target Spider-Man.\n Copy.\n']"
749,"['01:40:37,156', '01:40:38,522']",[' There you are.\n']
750,"['01:40:42,703', '01:40:44,615']","[' Yeah, go, go, go!\n Come on.\n']"
751,"['01:40:51,045', '01:40:52,161']",[' Go into the vault!\n']
752,"['01:40:56,592', '01:40:57,592']",[' Take cover!\n']
753,"['01:41:22,410', '01:41:23,410']",[' Yeah?\n']
754,"['01:41:29,458', '01:41:30,744']",[' I see you.\n']
755,"['01:41:39,510', '01:41:40,671']",[' Go!\n']
756,"['01:41:58,946', '01:42:02,155']","["" Happy, say something,\n to let me know you're alive!\n""]"
757,"['01:42:04,619', '01:42:06,110']",[' I bought us some time.\n']
758,"['01:42:09,624', '01:42:11,286']","["" but I can't shake these drones!\n""]"
759,"['01:42:49,413', '01:42:50,574']",[' Going up!\n']
760,"['01:43:29,078', '01:43:33,072']","[' Hey, William, how we doing?\n Illusion almost back up.\n']"
761,"['01:43:50,057', '01:43:51,343']","[' Oh, great. No webs.\n']"
762,"['01:44:09,952', '01:44:12,695']","["" I wasted my life playing video games,\n and we're gonna die.\n""]"
763,"['01:44:17,501', '01:44:20,164']",[' I post stupid videos daily\n for people to like me.\n']
764,"['01:44:22,965', '01:44:25,082']","["" Spider-Man would've never found you.\n""]"
765,"['01:44:28,929', '01:44:30,636']","[' If you saved us,\n why are we about to die?\n']"
766,"['01:44:32,224', '01:44:33,590']","["" I'm sorry, okay?\n""]"
767,"['01:44:38,022', '01:44:40,105']","["" I'm in love with Spider-Man's aunt.\n""]"
768,"['01:45:24,693', '01:45:26,229']","[' Your lies are over, Beck.\n']"
769,"['01:45:31,033', '01:45:32,444']",[' EDITH?\n']
770,"['01:45:42,795', '01:45:43,911']",[' You want these?\n']
771,"['01:45:57,184', '01:45:58,720']","[' Come on, Peter-tingle.\n']"
772,"['01:46:26,171', '01:46:30,962']","[' The chance of getting hit is\n No, fire all the drones now!\n']"
773,"['01:46:54,199', '01:46:55,235']",[' Beck.\n']
774,"['01:46:58,537', '01:47:00,699']",[' I trusted you.\n I know.\n']
775,"['01:47:03,250', '01:47:04,991']",[' disappointing part.\n']
776,"['01:47:10,799', '01:47:12,631']",[' Such a weakness.\n']
777,"['01:47:16,931', '01:47:18,342']",[' You do deserve them.\n']
778,"['01:47:35,741', '01:47:37,357']","[' EDITH, turn off the drones.\n']"
779,"['01:47:41,914', '01:47:44,748']",[' Execute all cancellation protocols?\n Just do it.\n']
780,"['01:47:55,886', '01:47:56,967']",[' Give me the spear.\n']
781,"['01:48:04,478', '01:48:05,478']",[' Thank you.\n']
782,"['01:48:14,655', '01:48:17,819']","[' People, they need to believe.\n']"
783,"['01:48:23,122', '01:48:24,909']","["" they'll believe anything.\n""]"
784,"['01:48:38,429', '01:48:39,545']",[' Is this real?\n']
785,"['01:48:58,657', '01:48:59,657']",[' Yeah!\n']
786,"['01:49:09,043', '01:49:10,329']",[' MJ.\n Hey.\n']
787,"['01:49:12,463', '01:49:14,079']","["" Are you okay?\n I'm okay. Are you okay?\n""]"
788,"['01:49:16,675', '01:49:18,007']","["" Yeah, everyone's okay.\n""]"
789,"['01:49:22,222', '01:49:24,930']","[' and they were following us,\n and then theyjust stopped.\n']"
790,"['01:49:29,688', '01:49:30,688']",[' Did you get him?\n']
791,"['01:49:37,071', '01:49:38,152']",[' brought that.\n']
792,"['01:49:41,366', '01:49:42,366']",[' Thanks.\n']
793,"['01:49:49,124', '01:49:51,491']",[' I think he works for you or something.\n']
794,"['01:49:53,212', '01:49:55,454']",[' He gave me this.\n No.\n']
795,"['01:49:58,175', '01:49:59,666']","["" Oh, MJ, I'm so sorry.\n""]"
796,"['01:50:01,970', '01:50:05,463']","[' I wrote it down, I was gonna buy you this\n and give it to you in Paris at the top\n']"
797,"['01:50:10,813', '01:50:13,396']",[' What? What?\n Yeah.\n']
798,"['01:50:19,988', '01:50:21,149']",[' So I lied.\n']
799,"['01:50:31,667', '01:50:33,158']","["" That's great.\n""]"
800,"['01:50:37,131', '01:50:39,168']",[' Good.\n Yeah.\n']
801,"['01:50:40,968', '01:50:43,130']",[' I actually like it better broken.\n']
802,"['01:50:47,808', '01:50:49,299']",[' I really like you too.\n']
803,"['01:51:05,576', '01:51:08,535']",[' I should probably get back to the class.\n']
804,"['01:51:11,123', '01:51:12,659']","["" Yeah. I don't know.\n Okay.\n""]"
805,"['01:51:23,969', '01:51:25,426']","[' Yeah, no.\n']"
806,"['01:51:28,849', '01:51:30,932']","["" Yeah. I'm glad he stayed too.\n""]"
807,"['01:51:33,896', '01:51:36,809']","["" I'm glad you're alive.\n I guess the coded message worked.\n""]"
808,"['01:51:39,610', '01:51:41,852']","["" I'm surprised you didn't\n just wink in the camera.\n""]"
809,"['01:51:43,071', '01:51:45,814']",[' Only because I had serious doubts\n about Beck from the beginning.\n']
810,"['01:51:51,163', '01:51:52,163']","["" Where's Parker?\n""]"
811,"['01:51:53,665', '01:51:56,248']",[' I need to speak with him.\n']
812,"['01:52:03,217', '01:52:05,254']",[' Okay. Great.\n']
813,"['01:52:07,221', '01:52:09,178']","["" Or it's your ass.\n""]"
814,"['01:52:29,993', '01:52:31,825']",[' Are you sure\n no one else has figured it out?\n']
815,"['01:52:35,874', '01:52:36,874']",[' Ouch.\n']
816,"['01:52:39,044', '01:52:39,955']",[' Thanks.\n']
817,"['01:52:41,838', '01:52:42,838']",[' See you later.\n']
818,"['01:52:47,010', '01:52:50,845']",[' I was thinking we should all go\n on a double date or something.\n']
819,"['01:52:53,600', '01:52:54,932']",[' No. What? Why?\n']
820,"['01:52:57,479', '01:53:00,438']",[' but the journey they share together\n will always be a part of them.\n']
821,"['01:53:07,572', '01:53:08,572']","[' Hello, Gerald.\n']"
822,"['01:53:17,916', '01:53:19,157']",[' May!\n I promise you\n']
823,"['01:53:24,006', '01:53:25,918']","["" I'm so glad you're okay.\n""]"
824,"['01:53:29,052', '01:53:30,918']","["" Let's go. Where are your bags?\n""]"
825,"['01:53:34,224', '01:53:36,557']",[' I got you some hot buttered bagels.\n Thank you so much.\n']
826,"['01:53:37,644', '01:53:41,012']",[' I kept my identity pretty guarded\n this past couple years.\n']
827,"['01:53:42,899', '01:53:45,767']","["" And I'm tired of the lies.\n""]"
828,"['01:53:51,158', '01:53:52,194']",[' Are you dating?\n']
829,"['01:53:55,454', '01:53:57,241']",[' What?\n Well\n']
830,"['01:53:59,374', '01:54:01,366']","[' Yes, that evolves\n and grows like any other.\n']"
831,"['01:54:04,713', '01:54:06,750']",[' Anywhere. On or off.\n To share it with people\n']
832,"['01:54:10,844', '01:54:13,336']",[' because we all are interconnected.\n']
833,"['01:54:33,283', '01:54:34,399']",[' Sorry!\n']
834,"['01:55:13,240', '01:55:15,197']","["" It's fine.\n You ready?\n""]"
835,"['01:55:17,035', '01:55:18,901']",[' Okay! Okay!\n']
836,"['01:55:20,914', '01:55:24,123']","["" Yeah. I'm just not gonna watch.\n I'm not gonna watch.\n""]"
837,"['01:57:45,433', '01:57:47,925']",[' Okay. You can put me down now!\n You can put me down now!\n']
838,"['01:57:55,026', '01:57:57,018']","["" Yeah. Yeah, I'm okay.\n""]"
839,"['01:57:59,739', '01:58:01,446']","["" I'm never doing that again.\n Okay.\n""]"
840,"['01:58:03,326', '01:58:04,988']",[' Be safe.\n See you later.\n']
841,"['01:58:10,417', '01:58:13,330']","["" We come to you with revelations\n about last week's attack in London.\n""]"
842,"['01:58:15,672', '01:58:20,588']","[' It shows Quentin Beck, aka Mysterio,\n moments before his death.\n']"
843,"['01:58:22,804', '01:58:24,841']","[' I managed to send the Elemental\n through the rift,\n']"
844,"['01:58:26,850', '01:58:28,466']",[' Spider-Man attacked me\n for some reason.\n']
845,"['01:58:30,937', '01:58:34,271']","["" He's saying he's the only one who's\n gonna be the new Iron Man, no one else.\n""]"
846,"['01:58:37,402', '01:58:41,396']",[' There will be significant casualties.\n Do it. Execute them all.\n']
847,"['01:58:48,747', '01:58:51,785']",[' on the controversial news website\n TheDailyBugle.net.\n']
848,"['01:58:55,170', '01:58:58,163']","[' was responsible\n for the murder of Mysterio,\n']"
849,"['01:59:01,676', '01:59:04,043']",[' and who will no doubt go down in history\n']
850,"['01:59:07,974', '01:59:09,510']","["" But that's not all, folks.\n""]"
851,"['01:59:12,729', '01:59:15,767']","["" Spider-Man's real\n Spider-Man's real name is\n""]"
852,"['01:59:21,905', '01:59:23,237']",[' What the fu?\n']
853,"['02:07:34,856', '02:07:36,939']",[' It was fine.\n']
854,"['02:07:39,110', '02:07:40,726']",[' We helped.\n']
855,"['02:07:42,113', '02:07:44,605']",[' How was I supposed to know\n that the whole thing was fake?\n']
856,"['02:07:47,160', '02:07:50,779']","[' The performances, the illusion,\n that costume, the craftsmanship in that.\n']"
857,"['02:07:56,419', '02:07:59,036']",[' Hey there.\n I hope your mission is going well.\n']
858,"['02:08:03,009', '02:08:06,468']","[' And it was very touching, you know?\n']"
859,"['02:08:08,431', '02:08:09,672']",[' Talos.\n']
860,"['02:08:14,145', '02:08:17,104']","[' it really kind of went off the rails,\n and so we need you to come back\n']"
861,"['02:08:19,442', '02:08:20,933']","["" I don't know what to say to that,\n""]"
862,"['02:08:45,426', '02:08:46,962']",[' Everybody back to work!\n']
863,[],[]
