,time,content
0,"['00:00:40,332', '00:00:42,949']",[' Things are never gonna be the same now.\n']
1,"['00:00:45,337', '00:00:47,374']",[' You got aliens.\n']
2,"['00:00:50,968', '00:00:54,257']","[' When I was a kid,\n I used to draw cowboys and Indians.\n']"
3,"['00:00:58,517', '00:01:00,930']","[' Yeah. Tell you what, though.\n']"
4,"['00:01:04,064', '00:01:05,430']",[' No. Yeah.\n']
5,"['00:01:07,651', '00:01:09,438']","[' Yeah, well...\n']"
6,"['00:01:36,388', '00:01:37,504']","[' No, hey!\n']"
7,"['00:01:41,059', '00:01:43,096']",[' These alien bastards are tough.\n']
8,"['00:01:47,733', '00:01:50,225']",[' - See? All right.\n - All right.\n']
9,"['00:01:54,448', '00:01:56,189']",[' Glad you could join us. Afternoon.\n']
10,"['00:01:58,785', '00:02:01,493']","[' Look, just go stack\n that armor plating like I asked you.\n']"
11,"['00:02:03,624', '00:02:05,081']","[' Attention, please!\n']"
12,"['00:02:08,253', '00:02:11,792']",[' ...all post-battle cleanup operations\n are now under our jurisdiction.\n']
13,"['00:02:14,217', '00:02:15,503']",[' Who the hell are you?\n']
14,"['00:02:17,304', '00:02:21,639']","[' Look, I have a city contract to salvage\n all this, okay, with the city, so...\n']"
15,"['00:02:26,563', '00:02:29,852']","["" Please turn over any and all\n exotic materials that you've collected...\n""]"
16,"['00:02:31,735', '00:02:33,476']","["" Ma'am, what am...\n""]"
17,"['00:02:36,698', '00:02:38,280']",[' Look...\n']
18,"['00:02:41,119', '00:02:42,485']",[' I brought in a whole new crew.\n']
19,"['00:02:45,332', '00:02:47,449']","["" I'm all in on this. I could lose my house.\n""]"
20,"['00:02:51,129', '00:02:53,246']","["" Maybe next time, don't overextend yourself.\n""]"
21,"['00:02:58,679', '00:03:00,011']",[' Yeah.\n']
22,"['00:03:03,392', '00:03:05,679']","["" - Hey, hey, hey.\n - Don't do it.\n""]"
23,"['00:03:10,315', '00:03:13,433']","[' If you have a grievance,\n you may take it up with my superiors.\n']"
24,"['00:03:16,571', '00:03:19,188']",[' A joint venture between Stark Industries\n and the government...\n']
25,"['00:03:22,119', '00:03:25,157']",[' ...and storage of alien\n and other exotic materials.\n']
26,"['00:03:28,291', '00:03:29,532']","["" Yeah, it's all rigged.\n""]"
27,"['00:03:33,463', '00:03:35,455']",[' ...scattered throughout the tri-state area.\n']
28,"['00:03:37,467', '00:03:40,960']","["" We have another load from yesterday.\n We're supposed to turn this in, right?\n""]"
29,"['00:03:42,347', '00:03:43,554']","["" It's too bad.\n""]"
30,"['00:03:49,229', '00:03:50,936']",[' I tell you what.\n']
31,"['00:03:54,693', '00:03:56,355']","["" The world's changing.\n""]"
32,"['00:04:47,996', '00:04:49,157']","[' There you go, Mason.\n']"
33,"['00:05:36,086', '00:05:38,294']",[' New York. Queens.\n']
34,"['00:05:42,092', '00:05:44,254']",[' No one. Just making\n a little video of the trip.\n']
35,"['00:05:47,013', '00:05:48,845']",[' Then why are you narrating in that voice?\n']
36,"['00:05:51,768', '00:05:54,761']",[' So why do they call you Happy?\n']
37,"['00:05:59,776', '00:06:01,688']","[' Hey, should I go to the bathroom before?\n']"
38,"['00:06:03,738', '00:06:05,320']","["" No pilot? That's awesome.\n""]"
39,"['00:06:08,243', '00:06:10,235']",[' This is your first time on a private plane?\n']
40,"['00:06:12,122', '00:06:14,865']",[' Should it... Should it be...\n Should it be making that noise?\n']
41,"['00:06:28,013', '00:06:31,222']",[' Something about Captain America going crazy.\n']
42,"['00:06:33,351', '00:06:35,434']","["" We're not roommates. Suit up.\n""]"
43,"['00:06:37,105', '00:06:40,189']","["" - What the hell are you wearing?\n - It's my suit.\n""]"
44,"['00:06:42,319', '00:06:43,901']",[' What? I thought that was a closet.\n']
45,"['00:06:45,488', '00:06:47,275']",[' - My room is way bigger than...\n - There.\n']
46,"['00:06:49,826', '00:06:51,943']","[' ""A minor upgrade""?\n']"
47,"['00:06:55,206', '00:06:56,413']",[' - Put it on.\n - What the...\n']
48,"['00:06:58,668', '00:07:01,001']","["" - Let's go.\n - But, yeah. Well, I don't understand.\n""]"
49,"['00:07:04,549', '00:07:06,586']",[' This is insane. Insane.\n']
50,"['00:07:09,054', '00:07:11,341']","["" - This is the greatest day of my life.\n - Let's go.\n""]"
51,"['00:07:15,810', '00:07:18,974']","["" - Underoos!\n - Oh, that's me. I gotta go. I gotta go.\n""]"
52,"['00:07:23,318', '00:07:24,854']",[' The craziest thing just happened.\n']
53,"['00:07:28,865', '00:07:32,029']","["" What the hell? He's big now.\n I gotta go. Hang on.\n""]"
54,"['00:07:37,707', '00:07:41,041']","[' I flipped in and stole Cap\'s shield.\n I was like, ""What\'s up, everybody?""\n']"
55,"['00:07:43,004', '00:07:44,711']",[' Coming!\n']
56,"['00:07:47,634', '00:07:49,250']",[' We have thin walls here.\n']
57,"['00:07:53,974', '00:07:55,181']","["" - Yeah.\n - It's all right.\n""]"
58,"['00:07:57,060', '00:07:59,222']","["" - He was filming. I'm gonna wipe the chip.\n - Okay.\n""]"
59,"['00:08:00,605', '00:08:03,939']",[' We should make an alibi video\n for your aunt anyway. You ready?\n']
60,"['00:08:06,695', '00:08:10,405']","[' Hey, May. How you doing? What are\n you wearing? Something skimpy, I hope.\n']"
61,"['00:08:14,285', '00:08:16,197']","[' Three, two, one. Hey, May.\n']"
62,"['00:08:22,043', '00:08:25,912']",[' ...this weekend\n at the Stark internship retreat.\n']
63,"['00:08:27,882', '00:08:29,999']","["" Come on! It's a freaking merge. I'm sorry.\n""]"
64,"['00:08:31,886', '00:08:34,879']","[' See, Happy is hoping to get\n bumped up to asset management.\n']"
65,"['00:08:37,851', '00:08:39,808']",[' That was a private conversation.\n']
66,"['00:08:42,522', '00:08:45,981']","[' - No, seriously, was he snoring a bunch?\n - Here we are. End of the line.\n']"
67,"['00:08:50,488', '00:08:51,945']","["" Grab Peter's case out of the trunk.\n""]"
68,"['00:08:55,326', '00:08:57,409']","[' Yes, we were just talking about it.\n']"
69,"['00:09:01,750', '00:09:03,912']","["" Don't stress him out.\n Don't do anything stupid.\n""]"
70,"['00:09:06,171', '00:09:07,753']",[' - All right?\n - Yes.\n']
71,"['00:09:11,468', '00:09:14,427']","["" There's a little gray area in there.\n That's where you operate.\n""]"
72,"['00:09:17,474', '00:09:18,965']",[' - This it?\n - Seventh floor.\n']
73,"['00:09:21,728', '00:09:24,095']","[' - Yeah, I can take that.\n - Thank you.\n']"
74,"['00:09:28,234', '00:09:30,851']","[' - What, next mission?\n - Yeah, the mission. The missions.\n']"
75,"['00:09:33,031', '00:09:34,238']","["" No, I mean, we'll call you.\n""]"
76,"['00:09:36,743', '00:09:38,985']",[' - From your team.\n - Okay. All right.\n']
77,"['00:09:45,251', '00:09:46,708']",[' Bye.\n']
78,"['00:10:43,476', '00:10:44,717']","["" What's up, Penis Parker?\n""]"
79,"['00:10:50,608', '00:10:52,565']","["" Don't forget about your homecoming tickets.\n""]"
80,"['00:10:54,529', '00:10:56,646']","[' Thanks, Jason, but I already have a date.\n']"
81,"['00:11:04,956', '00:11:08,540']","[' Damn it. You, in my office right now.\n']"
82,"['00:11:29,647', '00:11:31,934']","["" ...we'll build my new LEGO Death Star.\n""]"
83,"['00:11:35,028', '00:11:36,610']","["" That's awesome. How many pieces?\n""]"
84,"['00:11:38,781', '00:11:42,024']","["" - That's insane.\n - I know. You want to build it tonight?\n""]"
85,"['00:11:44,287', '00:11:45,949']","[' - Stark internship.\n - Yeah, exactly.\n']"
86,"['00:11:47,540', '00:11:50,453']","["" Yeah, well, hopefully,\n soon it'll lead to a real job with them.\n""]"
87,"['00:11:52,295', '00:11:54,662']","[' He\'d be all, ""Good job\n on those spreadsheets, Peter.\n']"
88,"['00:11:56,841', '00:12:00,175']","["" - I don't know how jobs work.\n - That's exactly how they work.\n""]"
89,"['00:12:03,223', '00:12:07,137']","["" I'll come by afterwards. For the most part,\n the difficult thing is the base of it.\n""]"
90,"['00:12:12,482', '00:12:13,814']","["" That'd be great.\n""]"
91,"['00:12:15,485', '00:12:17,818']","[' Okay, so how do we calculate\n linear acceleration...\n']"
92,"['00:12:21,241', '00:12:22,277']",[' Flash.\n']
93,"['00:12:25,662', '00:12:28,951']",[' Nope. Peter. You still with us?\n']
94,"['00:12:34,128', '00:12:36,871']","["" Mass cancels out,\n so it's just gravity times sine.\n""]"
95,"['00:12:41,094', '00:12:42,710']","["" You're dead.\n""]"
96,"['00:12:50,603', '00:12:53,220']","["" ...but trust me, there's nothing Bohr-ing...\n""]"
97,"['00:13:07,370', '00:13:08,702']",[' Did Liz get a new top?\n']
98,"['00:13:12,792', '00:13:15,626']","[' - Liz, hey. That looks so good.\n - Hi!\n']"
99,"['00:13:18,589', '00:13:19,830']",[' Too late.\n']
100,"['00:13:22,427', '00:13:24,043']","[' Well, then why do you sit with us?\n']"
101,"['00:13:27,932', '00:13:29,764']",[' Next question.\n']
102,"['00:13:33,521', '00:13:34,682']","["" Hydrogen's the lightest.\n""]"
103,"['00:13:36,482', '00:13:37,689']",[' - Yeah.\n - Uranium.\n']
104,"['00:13:40,111', '00:13:42,148']",[' - Yes.\n - Please open your books to page 10.\n']
105,"['00:13:44,699', '00:13:46,907']",[' Is there no way\n you could take one weekend off?\n']
106,"['00:13:51,205', '00:13:53,572']","["" You've never been\n in the same room as Tony Stark.\n""]"
107,"['00:13:55,168', '00:13:57,125']","["" - Peter's not going to Washington.\n - No.\n""]"
108,"['00:13:59,630', '00:14:01,337']",[' Really? Right before nationals?\n']
109,"['00:14:05,428', '00:14:07,590']","["" I'm not obsessed with him.\n Just very observant.\n""]"
110,"['00:14:10,183', '00:14:12,300']","["" I don't know.\n I gotta check my calendar first.\n""]"
111,"['00:14:15,480', '00:14:16,641']",[' That is false.\n']
112,"['00:14:36,459', '00:14:38,576']","["" - Hey, what's up?\n - Hey, man.\n""]"
113,"['00:14:42,048', '00:14:43,584']","[' Hey, Mr. Parker.\n']"
114,"['00:14:45,134', '00:14:48,627']","[' Yeah, and with pickles, and can you\n smush it down real flat? Thanks.\n']"
115,"['00:14:50,431', '00:14:51,967']","["" How's your aunt?\n""]"
116,"['00:14:54,435', '00:14:57,348']","["" She's a very hot Italian woman.\n""]"
117,"['00:15:02,068', '00:15:04,185']","["" - Ten dollars.\n - It's 5 dollars.\n""]"
118,"['00:15:08,908', '00:15:10,570']","["" Here's 5 dollars.\n""]"
119,"['00:15:13,621', '00:15:15,362']","[' How you doing, buddy?\n']"
120,"['00:15:18,793', '00:15:20,750']","["" It's boring. Got better things to do.\n""]"
121,"['00:15:24,799', '00:15:27,883']",[' - This is great.\n - Best sandwiches in Queens.\n']
122,"['00:16:43,419', '00:16:46,082']","["" - What's the matter with you?\n - Could you hold this?\n""]"
123,"['00:16:48,841', '00:16:51,925']","["" Hey, is this anybody's bike? No?\n""]"
124,"['00:16:54,680', '00:16:56,967']",[' Does anyone have a pen? Do you have a pen?\n']
125,"['00:17:08,694', '00:17:09,775']",[' Hey!\n']
126,"['00:17:12,907', '00:17:13,943']",[' Call me Spider-Man.\n']
127,"['00:17:17,745', '00:17:20,328']",[' - Yeah!\n - Not bad.\n']
128,"['00:17:35,805', '00:17:38,388']","["" - Shouldn't steal cars, it's bad.\n - It's my car, dumbass!\n""]"
129,"['00:17:40,434', '00:17:42,471']","["" - Can you tell him it's my car?\n - I was...\n""]"
130,"['00:17:45,356', '00:17:47,473']","["" - That's his car.\n - How was I supposed to know?\n""]"
131,"['00:17:50,194', '00:17:53,028']","["" - Turn it off!\n - Don't make me come down there, punk.\n""]"
132,"['00:17:56,033', '00:17:58,366']","["" Marjorie, how are you? How's your mother?\n""]"
133,"['00:18:07,211', '00:18:09,373']",[' You have reached the voicemail box of:\n']
134,"['00:18:11,173', '00:18:13,381']","["" Hey, Happy. Here's my report for tonight.\n""]"
135,"['00:18:15,219', '00:18:17,757']","["" Couldn't find the owner,\n so I just left a note.\n""]"
136,"['00:18:21,392', '00:18:24,260']",[' She was really nice and bought me a churro.\n']
137,"['00:18:27,773', '00:18:30,982']","["" You know? Just curious\n when the next real mission's gonna be.\n""]"
138,"['00:18:33,613', '00:18:36,356']","["" It's Peter. Parker.\n""]"
139,"['00:18:47,376', '00:18:48,992']","[' Hey, hey.\n']"
140,"['00:18:56,344', '00:18:59,087']","["" - Can't wait to see this thing.\n - Finally, something good.\n""]"
141,"['00:19:05,019', '00:19:07,853']","[' - Told you it was worth it.\n - Okay, go, go, go.\n']"
142,"['00:19:13,903', '00:19:16,737']","[' We can hit, like, five more places tonight.\n']"
143,"['00:19:30,878', '00:19:31,914']","["" You're the Avengers.\n""]"
144,"['00:19:36,467', '00:19:38,754']",[' Thor. Hulk. Good to finally meet you guys.\n']
145,"['00:19:42,598', '00:19:45,511']","["" Hey, what are you doing robbing a bank?\n You're a billionaire.\n""]"
146,"['00:19:49,522', '00:19:51,514']","[' Oh, this feels so weird.\n']"
147,"['00:19:55,778', '00:20:00,022']","["" I'm starting to think\n you're not the Avengers.\n""]"
148,"['00:20:05,913', '00:20:10,499']",[' Spider-Man is fighting the Avengers\n in a bank on 21st Street.\n']
149,"['00:20:16,882', '00:20:19,044']",[' So how do jerks like you get tech like this?\n']
150,"['00:20:27,601', '00:20:29,433']",[' Mr. Delmar.\n']
151,"['00:20:42,950', '00:20:44,816']","[' Oh, come on.\n']"
152,"['00:20:48,748', '00:20:50,865']","[' - Here, here.\n - Good, yeah.\n']"
153,"['00:20:54,503', '00:20:55,914']","[' Yes... No. No, put that down.\n']"
154,"['00:20:59,383', '00:21:02,467']",[' The craziest thing just happened.\n These guys were robbing an ATM...\n']
155,"['00:21:05,014', '00:21:06,880']","[' - ...for ATM robberies...\n - Yeah, but...\n']"
156,"['00:21:10,478', '00:21:12,185']","["" Everything's gotta be out next week.\n""]"
157,"['00:21:16,150', '00:21:19,439']","["" Tony sold Avengers Tower.\n We're relocating to a new facility upstate...\n""]"
158,"['00:21:23,199', '00:21:24,735']",[' What about you?\n']
159,"['00:21:28,454', '00:21:31,572']",[' - Can I please talk to Mr. Stark?\n - Stay away from anything dangerous.\n']
160,"['00:21:36,462', '00:21:38,875']","[' I am responsible. I... Oh, crap.\n']"
161,"['00:21:41,634', '00:21:44,627']","["" - I'll call you back.\n - Feel free not to.\n""]"
162,"['00:22:47,366', '00:22:49,323']","["" It's nothing. Nothing.\n""]"
163,"['00:22:51,370', '00:22:54,204']","["" - From YouTube.\n - I'm not. I'm not.\n""]"
164,"['00:22:56,834', '00:22:58,746']",[' May let me in.\n We were gonna finish the Death Star.\n']
165,"['00:23:01,297', '00:23:04,005']",[' That turkey meatloaf recipe is a disaster.\n']
166,"['00:23:06,969', '00:23:08,210']","["" - Yes.\n - No. He's got a thing.\n""]"
167,"['00:23:11,348', '00:23:13,010']",[' Okay.\n']
168,"['00:23:17,354', '00:23:19,346']","["" - Oh, she doesn't know?\n - Nobody knows.\n""]"
169,"['00:23:21,942', '00:23:25,151']",[' Tony Stark made you that? Are you an Avenger?\n']
170,"['00:23:29,491', '00:23:32,359']","["" You can't tell anybody about this.\n You gotta keep it a secret.\n""]"
171,"['00:23:34,538', '00:23:37,531']","["" If she finds out people try and kill me\n every night, she won't let me do this.\n""]"
172,"['00:23:39,084', '00:23:40,791']","[' Okay, okay, okay.\n']"
173,"['00:23:43,839', '00:23:45,580']","["" It's the greatest thing\n that's ever happened to me.\n""]"
174,"['00:23:48,594', '00:23:52,338']","["" You know? I mean, everything\n that's happened with her, I... Please.\n""]"
175,"['00:23:57,853', '00:23:58,889']",[' I swear.\n']
176,"['00:24:01,273', '00:24:03,185']","["" I can't believe this is happening now.\n""]"
177,"['00:24:04,777', '00:24:06,609']","["" How's it work? Magnets?\n How do you shoot the strings?\n""]"
178,"['00:24:09,156', '00:24:11,113']","[' Okay, well, wait, then.\n']"
179,"['00:24:15,746', '00:24:18,033']",[' This is the Stark internship.\n']
180,"['00:24:24,129', '00:24:25,461']","["" What's the matter?\n""]"
181,"['00:24:28,217', '00:24:29,879']","["" It's too larby?\n""]"
182,"['00:24:32,930', '00:24:37,516']","[' How many times do I have to say ""larb""\n before you talk to me?\n']"
183,"['00:24:40,020', '00:24:43,058']","["" I'm just stressed.\n The internship, and I'm tired.\n""]"
184,"['00:24:44,441', '00:24:46,683']",[' The Stark internship.\n']
185,"['00:24:51,532', '00:24:54,900']","["" You're distracted all the time.\n He's got you in your head.\n""]"
186,"['00:24:58,330', '00:24:59,912']",[' - ...in an explosion...\n - You need to use your instincts.\n']
187,"['00:25:03,377', '00:25:04,458']",[' What?\n']
188,"['00:25:06,338', '00:25:08,671']",[' As the Spider-Man attempted\n to foil their heist...\n']
189,"['00:25:12,678', '00:25:14,715']","[' Miraculously, no one was harmed.\n']"
190,"['00:25:19,143', '00:25:20,884']","[' Yeah. Yeah, yeah, yeah. Of course.\n']"
191,"['00:25:22,521', '00:25:24,513']",[' I need a new backpack.\n']
192,"['00:25:28,610', '00:25:29,817']","["" That's five.\n""]"
193,"['00:25:33,532', '00:25:35,364']","["" It's on the house.\n""]"
194,"['00:25:39,121', '00:25:41,454']","["" That's nice of him.\n""]"
195,"['00:25:45,753', '00:25:47,335']",[' You got bit by a spider?\n']
196,"['00:25:49,131', '00:25:50,963']","["" Well, it probably would've hurt, right?\n""]"
197,"['00:25:53,594', '00:25:55,176']",[' Maybe. How much did it hurt?\n']
198,"['00:26:06,065', '00:26:07,897']",[' You were here?\n']
199,"['00:26:10,819', '00:26:12,811']","["" You could've died.\n""]"
200,"['00:26:17,367', '00:26:19,074']",[' What? No.\n']
201,"['00:26:24,458', '00:26:26,745']",[' Can you summon an army of spiders?\n']
202,"['00:26:28,170', '00:26:31,083']",[' The Sokovia Accords were put into place...\n']
203,"['00:26:33,717', '00:26:34,924']","["" It's unknown. Shut up.\n""]"
204,"['00:26:36,512', '00:26:38,845']","[' If I was you, I would stand on a building...\n']"
205,"['00:26:42,559', '00:26:46,428']","["" Hi. I'm Captain America. Whether you're\n in the classroom or on the battlefield...\n""]"
206,"['00:26:48,440', '00:26:49,897']",[' ...fitness can be the difference\n between success or failure.\n']
207,"['00:26:52,319', '00:26:54,356']","[' Today, my good friend, your gym teacher...\n']"
208,"['00:26:57,324', '00:26:58,405']","[' Thank you, Captain.\n']"
209,"['00:27:01,787', '00:27:03,995']","["" It's required by the state. Let's do it.\n""]"
210,"['00:27:05,833', '00:27:07,449']",[' What does Hulk smell like?\n']
211,"['00:27:09,795', '00:27:12,503']","[' Is Captain America cool,\n or is he like a mean, old grandpa?\n']"
212,"['00:27:14,758', '00:27:18,251']","[' - Hey, can I be your guy in the chair?\n - What?\n']"
213,"['00:27:21,140', '00:27:22,972']",[' ...telling the other guy where to go?\n']
214,"['00:27:26,145', '00:27:28,728']","["" There'd be screens around me,\n and I could swivel around.\n""]"
215,"['00:27:32,151', '00:27:33,813']","[' Looking good, Parker.\n']"
216,"['00:27:39,658', '00:27:41,524']",[' ...marry Iron Man and kill Hulk.\n']
217,"['00:27:43,704', '00:27:44,911']","["" It's just Spider-Man.\n""]"
218,"['00:27:48,458', '00:27:50,290']","["" Oh, my God, she's crushing on Spider-Man.\n""]"
219,"['00:27:51,712', '00:27:53,749']","[' - Kind of.\n - Oh, gross.\n']"
220,"['00:27:57,009', '00:27:58,966']","["" Like, what if he's seriously burned?\n""]"
221,"['00:28:02,014', '00:28:03,880']",[' Peter knows Spider-Man.\n']
222,"['00:28:10,189', '00:28:11,350']","["" They're friends.\n""]"
223,"['00:28:15,027', '00:28:17,360']","["" I've met him, yeah. A couple times.\n""]"
224,"['00:28:19,781', '00:28:21,773']",[' ...through the Stark internship.\n']
225,"['00:28:25,746', '00:28:27,612']","["" Well, that's awesome. Hey, you know what?\n""]"
226,"['00:28:30,626', '00:28:33,915']","["" Yeah, I'm having people over tonight.\n You're more than welcome to come.\n""]"
227,"['00:28:36,673', '00:28:39,461']",[' You should totally invite\n your personal friend Spider-Man.\n']
228,"['00:28:41,345', '00:28:44,053']","["" I know Peter's way too busy\n for parties anyway, so...\n""]"
229,"['00:28:52,731', '00:28:53,892']",[' What are you doing?\n']
230,"['00:28:55,734', '00:28:57,316']",[' Did you not hear her?\n']
231,"['00:29:02,824', '00:29:04,440']","["" Dude, you're an Avenger.\n""]"
232,"['00:29:12,209', '00:29:14,292']",[' House party in the suburbs.\n']
233,"['00:29:18,006', '00:29:20,214']","["" It'll be a night to remember.\n""]"
234,"['00:29:23,679', '00:29:25,636']","[' Yeah, it gives me confidence.\n']"
235,"['00:29:27,182', '00:29:28,423']","["" Hey, let's just go home.\n""]"
236,"['00:29:30,227', '00:29:32,970']","["" I know. I know it's really hard...\n""]"
237,"['00:29:36,566', '00:29:37,602']","["" It's flowering now.\n""]"
238,"['00:29:42,030', '00:29:43,612']",[' What helps with stress is a party.\n']
239,"['00:29:48,245', '00:29:49,702']",[' Peter.\n']
240,"['00:29:52,874', '00:29:54,740']","[' Bye, May.\n']"
241,"['00:29:58,922', '00:30:01,164']",[' - Yeah.\n - This is gonna change our lives.\n']
242,"['00:30:08,181', '00:30:09,342']",[' Hey.\n']
243,"['00:30:15,272', '00:30:17,480']","["" Okay. We're gonna have Spider-Man swing in...\n""]"
244,"['00:30:21,778', '00:30:23,895']","["" Can't believe you're at this lame party.\n""]"
245,"['00:30:26,450', '00:30:27,986']",[' Am I?\n']
246,"['00:30:31,955', '00:30:33,742']","[' Hey, guys. Cool hat, Ned.\n']"
247,"['00:30:35,834', '00:30:37,700']","["" I'm so happy you guys came.\n""]"
248,"['00:30:41,381', '00:30:43,839']",[' - What a great party.\n - Thanks.\n']
249,"['00:30:47,929', '00:30:50,592']","["" My parents will kill me\n if anything's broken. I gotta...\n""]"
250,"['00:30:52,392', '00:30:54,349']",[' - Bye.\n - Bye.\n']
251,"['00:30:56,688', '00:30:58,771']","["" She's here. Spider it up.\n""]"
252,"['00:31:01,735', '00:31:03,977']","[' Spider-Man is not a party trick, okay?\n']"
253,"['00:31:07,574', '00:31:09,281']","[' Peter, no one wants that.\n']"
254,"['00:31:11,745', '00:31:14,533']","["" Penis Parker, what's up?\n""]"
255,"['00:31:16,708', '00:31:19,246']",[' Let me guess: In Canada\n with your imaginary girlfriend?\n']
256,"['00:31:32,682', '00:31:34,594']","[' ""Hey, what\'s up? I\'m Spider-Man.\n']"
257,"['00:31:37,979', '00:31:40,141']","["" Oh, what's up, Ned?\n Hey, where's Peter, anyways?\n""]"
258,"['00:31:46,696', '00:31:49,564']","[' God, this is stupid. What am I doing?\n']"
259,"['00:32:21,314', '00:32:22,350']",[' This sucks.\n']
260,"['00:32:32,075', '00:32:33,361']",[' Here. You try.\n']
261,"['00:32:38,498', '00:32:40,581']","[' Okay, okay. I got what you need, all right?\n']"
262,"['00:32:44,296', '00:32:48,757']","[' Okay, I got black hole grenades,\n Chitauri railguns...\n']"
263,"['00:32:51,178', '00:32:54,797']","["" Look, times are changing. We're the only\n ones selling these high-tech weapons.\n""]"
264,"['00:32:58,393', '00:33:02,763']","["" I need something to stick up somebody.\n I'm not trying to shoot them back in time.\n""]"
265,"['00:33:05,317', '00:33:06,398']","[' Yo, climbers?\n']"
266,"['00:33:12,657', '00:33:14,364']","[' - Did you set us up?\n - Hey, hey, man.\n']"
267,"['00:33:20,874', '00:33:21,990']",[' All right.\n']
268,"['00:33:47,734', '00:33:50,943']","[' - We gotta call him.\n - No, no, no.\n']"
269,"['00:33:58,078', '00:34:00,240']","["" - Shut up.\n - I'm calling him.\n""]"
270,"['00:34:12,342', '00:34:13,878']",[' Boss.\n']
271,"['00:34:35,198', '00:34:37,986']","["" Great. Guess I'm gonna have\n to take a shortcut.\n""]"
272,"['00:34:42,998', '00:34:44,739']","[' Hey, hey, buddy.\n']"
273,"['00:34:49,296', '00:34:51,754']","[' Now, this is more like it.\n']"
274,"['00:35:09,232', '00:35:11,189']",[' Great movie!\n']
275,"['00:35:19,326', '00:35:21,363']",[' No! No!\n']
276,"['00:35:24,414', '00:35:25,905']","[' Peter, where are you?\n']"
277,"['00:35:29,002', '00:35:30,994']",[' Almost got you.\n']
278,"['00:35:46,227', '00:35:47,843']",[' I got you right where I want you.\n']
279,"['00:35:54,152', '00:35:55,939']",[' What the hell?\n']
280,"['00:36:48,415', '00:36:51,453']","[' And then he just, like,\n swooped down like a monster...\n']"
281,"['00:36:55,672', '00:36:58,164']","["" How'd you find me?\n Did you put a tracker in my suit?\n""]"
282,"['00:37:00,343', '00:37:01,675']",[' Including this heater.\n']
283,"['00:37:07,517', '00:37:08,678']",[' What were you thinking?\n']
284,"['00:37:12,313', '00:37:13,975']","[' Take him down now, huh?\n']"
285,"['00:37:17,110', '00:37:19,944']",[' - The Avengers?\n - No. This is a little below their pay grade.\n']
286,"['00:37:22,282', '00:37:23,693']",[' I had that. I was fine.\n']
287,"['00:37:28,163', '00:37:29,950']",[' Thank God this place has Wi-Fi...\n']
288,"['00:37:32,083', '00:37:35,076']","["" Thank Ganesh while you're at it. Cheers.\n""]"
289,"['00:37:37,589', '00:37:38,625']",[' - Why?\n - Why?\n']
290,"['00:37:41,009', '00:37:44,002']","["" Sorry, I'm talking to a teenager.\n""]"
291,"['00:37:45,805', '00:37:49,845']","[' Build up your game helping little people,\n like that lady that bought you the churro.\n']"
292,"['00:37:54,022', '00:37:55,388']",[' ...neighborhood Spider-Man?\n']
293,"['00:37:57,776', '00:37:58,812']","["" No, you're not.\n""]"
294,"['00:38:01,446', '00:38:04,063']","["" Trust me, kid. If Cap wanted\n to lay you out, he would've.\n""]"
295,"['00:38:09,162', '00:38:10,619']",[' Are you driving?\n']
296,"['00:38:13,958', '00:38:15,699']",[' I got some pull at MIT. End call.\n']
297,"['00:38:18,755', '00:38:20,792']",[' Mr. Stark is no longer connected.\n']
298,"['00:38:27,972', '00:38:31,431']","[' ""Stay close to the ground""?\n What is he talking about?\n']"
299,"['00:38:52,330', '00:38:55,539']","["" Actually, I was calling to say\n maybe you shouldn't come. Listen.\n""]"
300,"['00:38:58,044', '00:38:59,080']",[' - Penis!\n - Parker!\n']
301,"['00:39:00,964', '00:39:03,206']","["" Sorry, Peter. I guess we're still losers.\n""]"
302,"['00:39:46,342', '00:39:48,049']",[' Idiots.\n']
303,"['00:39:50,179', '00:39:51,715']",[' Idiots!\n']
304,"['00:39:53,933', '00:39:57,222']",[' Your wife keeps texting you.\n Something about a brake light.\n']
305,"['00:39:59,981', '00:40:01,222']",[' Sorry. You left it out.\n']
306,"['00:40:05,278', '00:40:08,271']",[' I finished designing\n that high-altitude vacuum seal.\n']
307,"['00:40:12,702', '00:40:14,739']","["" You're still on that? I told you, no.\n""]"
308,"['00:40:28,176', '00:40:30,589']","[' I mean, that was badass.\n']"
309,"['00:40:37,268', '00:40:39,806']","[' - You said, move the merchandise.\n - Under the radar.\n']"
310,"['00:40:41,356', '00:40:43,097']","["" That's how we survive.\n""]"
311,"['00:40:47,236', '00:40:50,195']","["" You're out there wearing that goofy thing,\n lighting up cars...\n""]"
312,"['00:40:52,033', '00:40:55,151']","[' ""I\'m the Shocker. I shock people.""\n What is this, pro wrestling?\n']"
313,"['00:40:58,581', '00:40:59,992']",[' Look.\n']
314,"['00:41:01,751', '00:41:04,414']","["" I know you don't give a crap about anything.\n""]"
315,"['00:41:06,381', '00:41:09,499']",[' I built this whole place\n because I got people I have to look after.\n']
316,"['00:41:15,139', '00:41:16,550']",[' You know what?\n']
317,"['00:41:19,560', '00:41:21,017']",[' - Get out of here.\n - What?\n']
318,"['00:41:25,358', '00:41:26,394']",[' All right.\n']
319,"['00:41:29,153', '00:41:30,985']",[' With everything I know.\n']
320,"['00:41:35,118', '00:41:38,782']",[' ...maybe your wife would like to know\n where you really get your money from.\n']
321,"['00:41:41,582', '00:41:42,743']","["" You're right.\n""]"
322,"['00:41:45,670', '00:41:47,206']","["" I can't afford that.\n""]"
323,"['00:41:56,556', '00:41:58,047']",[' Damn.\n']
324,"['00:42:03,187', '00:42:04,268']","["" No, that's that one.\n""]"
325,"['00:42:20,079', '00:42:23,948']","["" Now you're the Shocker. Go out there\n and find that weapon he lost.\n""]"
326,"['00:42:34,594', '00:42:36,381']","[' Hey, thanks for bailing on me.\n']"
327,"['00:42:38,681', '00:42:39,888']",[' What is that?\n']
328,"['00:42:43,019', '00:42:44,476']",[' - Seriously?\n - Yeah.\n']
329,"['00:42:46,272', '00:42:49,356']","[' I mean, not awesome.\n Totally uncool of that guy.\n']"
330,"['00:42:52,653', '00:42:54,315']","["" Well, look, I think it's...\n""]"
331,"['00:42:56,115', '00:42:58,698']","["" Yeah, but it's connected\n to all these microprocessors.\n""]"
332,"['00:43:02,246', '00:43:05,284']","["" Whoever's making these weapons\n is combining alien tech with ours.\n""]"
333,"['00:43:09,504', '00:43:12,542']",[' I just want to thank you\n for letting me be part of your journey...\n']
334,"['00:43:17,678', '00:43:20,716']",[' Keep your fingers clear of the blades.\n']
335,"['00:43:25,144', '00:43:27,352']","["" We'll go to the lab after class\n and run tests.\n""]"
336,"['00:43:36,280', '00:43:38,567']","[' First, we put the glowy thing\n in the mass spectrometer.\n']"
337,"['00:43:41,369', '00:43:42,450']","["" You're right.\n""]"
338,"['00:43:45,706', '00:43:47,163']","[' Come on, come on, come on.\n']"
339,"['00:43:54,090', '00:43:56,047']","[' They got this funny smell, you know?\n']"
340,"['00:43:58,678', '00:43:59,714']",[' What?\n']
341,"['00:44:01,556', '00:44:03,422']","[' No, no, no. I gotta follow them.\n']"
342,"['00:44:06,352', '00:44:08,594']","[' - Someone dropped you in a lake?\n - Yeah, it was not good.\n']"
343,"['00:44:12,191', '00:44:13,773']",[' Peter.\n']
344,"['00:44:18,239', '00:44:19,480']",[' Nothing.\n']
345,"['00:44:21,993', '00:44:23,029']",[' Chess.\n']
346,"['00:44:29,584', '00:44:31,667']","["" It's saying there was an energy pulse here.\n""]"
347,"['00:44:33,421', '00:44:36,380']","["" - And even if it was here, now it's gone.\n - So are we.\n""]"
348,"['00:45:12,084', '00:45:13,916']","[' I know, right?\n']"
349,"['00:45:23,095', '00:45:25,052']",[' Staten Island.\n']
350,"['00:45:40,196', '00:45:41,937']",[' They stopped.\n']
351,"['00:45:45,910', '00:45:48,152']","["" - What's there?\n - I don't know.\n""]"
352,"['00:45:49,914', '00:45:51,951']",[' - They have a lair?\n - A gang with alien guns...\n']
353,"['00:45:54,085', '00:45:55,496']",[' Badass.\n']
354,"['00:46:00,800', '00:46:03,383']","["" It's not too far from D.C.\n""]"
355,"['00:46:05,763', '00:46:06,799']","[' - Peter?\n - Hey, buddy.\n']"
356,"['00:46:09,016', '00:46:10,632']","["" No, no way. You can't quit on us...\n""]"
357,"['00:46:13,604', '00:46:16,472']","["" Hey, welcome back!\n Flash, you're back to first alternate.\n""]"
358,"['00:46:18,150', '00:46:19,516']","[' Excuse me, can we go already?\n']"
359,"['00:46:23,656', '00:46:26,114']","["" Protesting is patriotic.\n Let's get on the bus.\n""]"
360,"['00:46:31,831', '00:46:33,447']",[' The second law of thermodynamics.\n']
361,"['00:46:36,627', '00:46:38,914']","["" - Flash is wrong.\n - Okay, let's focus. Next one.\n""]"
362,"['00:46:40,923', '00:46:42,630']","[' Strontium, barium, vibranium.\n']"
363,"['00:46:44,844', '00:46:46,301']",[' Glad to be back.\n']
364,"['00:46:50,308', '00:46:51,799']","[' Yeah, fine.\n']"
365,"['00:46:53,936', '00:46:54,972']",[' You left New York?\n']
366,"['00:46:56,939', '00:46:59,056']","["" Yeah, it's just a school trip. It's nothing.\n""]"
367,"['00:47:01,819', '00:47:03,606']",[' ...is a complete violation of privacy.\n']
368,"['00:47:06,282', '00:47:08,740']","["" Nothing. Look, it's just\n the Academic Decathlon.\n""]"
369,"['00:47:14,165', '00:47:16,748']","["" Sounds like no big deal,\n but remember, I'm watching you.\n""]"
370,"['00:47:31,223', '00:47:33,055']",[' You kidding me? This place is huge.\n']
371,"['00:47:35,978', '00:47:39,221']","[' - Hey, you brought your laptop, right?\n - Why?\n']"
372,"['00:47:48,824', '00:47:51,817']",[' ...why are we removing\n the tracker from your suit?\n']
373,"['00:47:56,624', '00:47:59,583']","["" ...and I don't really want Mr. Stark\n to know about it.\n""]"
374,"['00:48:01,754', '00:48:03,370']","["" No, I'm not lying.\n""]"
375,"['00:48:10,763', '00:48:12,254']",[' Gotcha.\n']
376,"['00:48:19,563', '00:48:22,601']","["" There's a ton of other subsystems in here...\n""]"
377,"['00:48:26,570', '00:48:27,686']",[' What?\n']
378,"['00:48:31,659', '00:48:34,572']","["" I don't think that's a good idea.\n They're blocked for a reason.\n""]"
379,"['00:48:37,498', '00:48:39,865']","["" I'm sick of him treating me\n like a kid all the time.\n""]"
380,"['00:48:42,503', '00:48:44,586']",[' A kid who can stop a bus with his bare hands.\n']
381,"['00:48:48,676', '00:48:51,635']","[' Look, please.\n This is my chance to prove myself.\n']"
382,"['00:48:53,722', '00:48:56,430']","["" - I don't think this is a good idea.\n - The guy in the chair.\n""]"
383,"['00:49:13,159', '00:49:15,071']","["" The glowy thing, it's evidence. Keep it safe.\n""]"
384,"['00:49:18,456', '00:49:19,992']","["" - They're moving.\n - Be careful.\n""]"
385,"['00:49:26,172', '00:49:27,288']","["" We're gonna go swimming.\n""]"
386,"['00:49:29,800', '00:49:31,541']","[' - Hey, Peter.\n - Hi.\n']"
387,"['00:49:35,181', '00:49:39,016']",[' I was... I was gonna go study\n in the business center.\n']
388,"['00:49:41,687', '00:49:42,973']",[' And besides...\n']
389,"['00:49:48,402', '00:49:50,485']","[' Well, I read that in a TED Talk, so...\n']"
390,"['00:49:53,073', '00:49:54,985']",[' And I read a coaching book.\n']
391,"['00:49:58,329', '00:50:00,195']","["" Yeah. It's our future.\n""]"
392,"['00:50:02,833', '00:50:06,702']","[' Besides, we raided the minibar\n and these candy bars were, like, $11.\n']"
393,"['00:50:10,299', '00:50:12,416']","["" - Come on.\n - I'm coming, I'm coming.\n""]"
394,"['00:50:37,535', '00:50:39,777']","[' - Good evening, Peter.\n - Hello? Hello?\n']"
395,"['00:50:43,040', '00:50:45,578']","["" ...and gaining access\n to your suit's full capabilities.\n""]"
396,"['00:50:47,503', '00:50:49,335']",[' Where would you like to take me tonight?\n']
397,"['00:50:52,383', '00:50:54,420']",[' Tracker located.\n']
398,"['00:50:57,304', '00:51:00,388']","["" As long as I make it back\n in time for decathlon, it's fine.\n""]"
399,"['00:51:11,485', '00:51:13,101']",[' Jump now.\n']
400,"['00:51:20,536', '00:51:23,950']","["" Why is their secret lair\n in a gas station? That's so lame.\n""]"
401,"['00:51:29,920', '00:51:31,206']","["" Do you want to hear what they're saying?\n""]"
402,"['00:51:34,008', '00:51:35,920']",[' Activating Enhanced Reconnaissance Mode.\n']
403,"['00:51:39,179', '00:51:40,511']","["" Whoa, that's so cool.\n""]"
404,"['00:51:42,683', '00:51:44,675']",[' I love it. They keep making messes...\n']
405,"['00:51:47,396', '00:51:49,012']","["" They're in the middle of a heist.\n""]"
406,"['00:51:51,525', '00:51:53,812']","["" Okay, I'll get closer\n to see what's happening.\n""]"
407,"['00:51:56,864', '00:51:59,197']","[' ""Enhanced Combat Mode""? Yeah.\n']"
408,"['00:52:00,993', '00:52:03,076']","["" No, no, no. I don't want to kill anybody.\n""]"
409,"['00:52:08,500', '00:52:10,241']",[' Did you hear that?\n']
410,"['00:52:12,796', '00:52:15,209']",[' You jumped off the sign\n and landed on your face.\n']
411,"['00:52:19,261', '00:52:21,594']",[' Rapid-fire is the default\n for Enhanced Combat Mode.\n']
412,"['00:52:24,642', '00:52:27,635']",[' You have 576 possible\n web-shooter combinations.\n']
413,"['00:52:29,688', '00:52:30,849']",[' You two wait right here.\n']
414,"['00:52:33,317', '00:52:36,651']","["" - That thing will shatter your arm.\n - All right, where's the dampers?\n""]"
415,"['00:52:38,864', '00:52:41,231']",[' Would you like me to set this\n as your new default?\n']
416,"['00:52:43,952', '00:52:46,490']","[' - Push that in. No, the other...\n - Here? This one here?\n']"
417,"['00:52:49,166', '00:52:50,998']","["" Taser webs? I don't want Taser webs.\n""]"
418,"['00:52:54,171', '00:52:55,878']",[' Would you like to run a refresher course?\n']
419,"['00:52:58,550', '00:53:01,213']","[' Six-alpha-niner, are you running on time?\n']"
420,"['00:53:07,559', '00:53:09,516']","[' - I got a visual.\n - Green light, green light.\n']"
421,"['00:53:19,154', '00:53:21,191']",[' Okay. I got eyes on the convoy.\n']
422,"['00:53:24,576', '00:53:25,612']",[' Deploy anchors.\n']
423,"['00:53:40,342', '00:53:42,254']","["" No outgoing distress signals. You're clear.\n""]"
424,"['00:53:56,108', '00:53:58,816']","["" Cool. It's like some kind of\n matter phase shifter.\n""]"
425,"['00:54:10,706', '00:54:12,823']","["" Hey, Big Bird. This doesn't belong to you.\n""]"
426,"['00:54:22,426', '00:54:24,918']","[' - Suit lady, what was that?!\n - You told me to choose.\n']"
427,"['00:54:28,974', '00:54:30,886']",[' Activating all systems.\n']
428,"['00:54:48,994', '00:54:51,782']",[' You appear to have a mild concussion.\n']
429,"['00:54:57,336', '00:54:58,452']","["" I'm not sure.\n""]"
430,"['00:55:02,841', '00:55:04,207']",[' Wait a minute.\n']
431,"['00:55:08,430', '00:55:11,844']","["" Okay, suit lady, we're gonna have\n to fight our way out of this one.\n""]"
432,"['00:55:20,818', '00:55:22,525']",[' What is this place?\n']
433,"['00:55:24,112', '00:55:26,900']","["" You're in the most secure facility\n on the eastern seaboard.\n""]"
434,"['00:55:28,951', '00:55:31,443']",[' No. Seriously?\n']
435,"['00:55:36,959', '00:55:38,245']",[' Morning?\n']
436,"['00:55:43,674', '00:55:45,961']",[' I think I should probably give you a name.\n']
437,"['00:55:48,637', '00:55:50,629']","["" God, that's... That's weird.\n""]"
438,"['00:55:53,600', '00:55:55,432']",[' You can call me Karen if you would like.\n']
439,"['00:55:59,648', '00:56:00,809']",[' What?\n']
440,"['00:56:03,068', '00:56:05,230']",[' - Ricochet web.\n - Ricochet web.\n']
441,"['00:56:09,449', '00:56:12,317']",[' - Web grenade.\n - Web grenade!\n']
442,"['00:56:16,915', '00:56:17,951']",[' Who is Liz?\n']
443,"['00:56:20,961', '00:56:22,418']","["" She's the best. She's awesome.\n""]"
444,"['00:56:25,465', '00:56:26,501']",[' And...\n']
445,"['00:56:30,762', '00:56:33,971']","[' ""Hey, I\'m Spider-Man.""\n']"
446,"['00:56:35,434', '00:56:37,471']","["" What if she's expecting\n someone like Tony Stark?\n""]"
447,"['00:56:39,813', '00:56:43,352']","["" Well, if I were her,\n I wouldn't be disappointed at all.\n""]"
448,"['00:56:45,193', '00:56:47,936']","["" It's really nice to have somebody to talk to.\n""]"
449,"['00:56:50,115', '00:56:51,981']",[' - Thirty-seven minutes.\n - What?!\n']
450,"['00:56:54,036', '00:56:57,700']",[' I cannot take this anymore.\n I got to... I gotta get out of here.\n']
451,"['00:57:03,503', '00:57:05,244']","["" Okay, let's see.\n""]"
452,"['00:57:08,175', '00:57:09,336']","["" That's awesome.\n""]"
453,"['00:57:12,596', '00:57:15,589']",[' That glowy thing is\n an explosive Chitauri energy core.\n']
454,"['00:57:17,935', '00:57:21,645']",[' It would require radiation\n to transform it into an explosive state.\n']
455,"['00:57:28,362', '00:57:31,230']","[' Hey! Please!\n Please, somebody let me out! Hey!\n']"
456,"['00:57:34,076', '00:57:36,068']","[' Okay, Karen, lower the voltage and run it.\n']"
457,"['00:57:37,913', '00:57:40,576']","["" Okay, we're just gonna have\n to try every sequence.\n""]"
458,"['00:57:46,463', '00:57:48,750']","[' Okay. Hold on, hold on.\n']"
459,"['00:57:56,181', '00:57:57,547']",[' It worked. It works.\n']
460,"['00:58:13,782', '00:58:14,818']",[' Thank you.\n']
461,"['00:58:17,035', '00:58:18,151']",[' Sure thing. Just tell me where it is.\n']
462,"['00:58:20,163', '00:58:23,122']","["" - It's Ned. Leave a message.\n - Call me back. The glowy thing's a bomb!\n""]"
463,"['00:58:31,258', '00:58:33,466']",[' We have now entered sudden death.\n']
464,"['00:58:40,767', '00:58:42,679']",[' Midtown Tech?\n']
465,"['00:58:44,646', '00:58:45,682']",[' That is correct.\n']
466,"['00:58:50,235', '00:58:52,227']","[' - We won.\n - You guys, I am so proud of you.\n']"
467,"['00:58:55,741', '00:58:58,700']","[' - Taking it all in, Michelle?\n - Oh, yeah, I just...\n']"
468,"['00:59:01,371', '00:59:03,829']","["" I'm sure the Washington Monument\n wasn't built by...\n""]"
469,"['00:59:08,795', '00:59:10,957']",[' - Enjoy your book.\n - Thanks.\n']
470,"['00:59:16,178', '00:59:17,760']","["" Where's the glowy thing? The glowy thing?\n""]"
471,"['00:59:21,683', '00:59:23,265']",[' You missed the decathlon. I covered for you.\n']
472,"['00:59:25,520', '00:59:26,886']","[' - Peter, is that you?\n - Hey, Liz.\n']"
473,"['00:59:28,648', '00:59:31,766']",[' - You should tell her how you feel.\n - You flake. You are lucky we won.\n']
474,"['00:59:35,697', '00:59:37,188']","["" I have to talk to Ned. It's important.\n""]"
475,"['00:59:39,785', '00:59:41,868']","["" It's dangerous.\n Don't let it go through x-ray.\n""]"
476,"['00:59:50,462', '00:59:52,749']","["" Can I be the one to tell Peter he's expelled?\n""]"
477,"['01:00:04,476', '01:00:07,469']",[' Notice how the marble and granite\n are cut around the stone.\n']
478,"['01:00:18,323', '01:00:19,814']",[' The Chitauri core has detonated...\n']
479,"['01:00:22,160', '01:00:23,367']","[' - Oh, no.\n - My friends are up there.\n']"
480,"['01:00:26,248', '01:00:28,331']","["" Excuse me, excuse me.\n Oh, my God, that's tall.\n""]"
481,"['01:00:36,091', '01:00:37,582']","[' Just stay calm, everyone.\n']"
482,"['01:00:42,055', '01:00:44,718']",[' Estimating 10 minutes\n before catastrophic failure.\n']
483,"['01:00:46,560', '01:00:49,678']","[' Okay, I know that was scary,\n but our safety systems are working.\n']"
484,"['01:00:52,440', '01:00:54,102']","["" We're very safe in here.\n""]"
485,"['01:00:57,028', '01:00:58,109']",[' Going as fast as I can!\n']
486,"['01:01:10,584', '01:01:12,871']",[' You now have 125 seconds\n until catastrophic failure.\n']
487,"['01:01:14,588', '01:01:17,581']",[' Unexpected motion has caused\n the deterioration to escalate.\n']
488,"['01:01:23,847', '01:01:25,964']","["" Has that been there this whole time?\n That's awesome.\n""]"
489,"['01:01:30,395', '01:01:32,057']",[' Proceed to southwest window.\n']
490,"['01:01:38,528', '01:01:40,520']","["" - There's a lot of glass here.\n - You got this.\n""]"
491,"['01:01:55,962', '01:01:57,954']","[' Okay. Oh, my God.\n']"
492,"['01:02:01,468', '01:02:03,505']","["" What's wrong? You've reached\n the southwest window.\n""]"
493,"['01:02:05,597', '01:02:07,304']","["" I've just never been this high before.\n""]"
494,"['01:02:09,809', '01:02:12,517']",[' ...so a fall from this height\n would most likely be lethal.\n']
495,"['01:02:15,774', '01:02:17,356']","[' Oh, my God.\n']"
496,"['01:02:20,195', '01:02:23,859']","["" It's four-inch ballistic glass.\n You'll have to create more momentum.\n""]"
497,"['01:02:45,595', '01:02:47,177']",[' My friends are in there! Stop!\n']
498,"['01:02:49,266', '01:02:51,258']","["" - Okay, who's next?\n - Me, it's my turn.\n""]"
499,"['01:02:53,436', '01:02:56,395']","["" - Come on.\n - Don't worry about the trophy.\n""]"
500,"['01:03:05,198', '01:03:07,941']",[' Return to the ground immediately.\n']
501,"['01:03:14,291', '01:03:16,123']","[' Go up, go up.\n']"
502,"['01:03:18,503', '01:03:20,165']",[' Take my trophy.\n']
503,"['01:03:24,384', '01:03:26,421']","["" I'm gonna die.\n""]"
504,"['01:03:50,327', '01:03:51,989']",[' I did it.\n']
505,"['01:04:08,011', '01:04:10,549']","[' - Yes! Yes.\n - Hey, hey, hey.\n']"
506,"['01:04:16,436', '01:04:17,472']","["" Let's go, let's go!\n""]"
507,"['01:04:24,569', '01:04:26,526']","[' - Mr. Harrington, go.\n - Ned, come on.\n']"
508,"['01:04:28,656', '01:04:31,569']","[' Go, go, go. Everybody out.\n Move it, people. Move it, move it.\n']"
509,"['01:04:34,162', '01:04:35,369']",[' Liz!\n']
510,"['01:04:44,756', '01:04:46,122']",[' Okay.\n']
511,"['01:04:48,134', '01:04:50,000']","[' Come on up. Come on, you guys, stay back.\n']"
512,"['01:04:52,347', '01:04:53,713']",[' So is everyone okay?\n']
513,"['01:04:57,352', '01:04:59,184']",[' Kiss her.\n']
514,"['01:05:07,612', '01:05:10,150']",[' Are you really friends with Peter Parker?\n']
515,"['01:05:22,585', '01:05:24,747']","[' Yeah, damn it.\n']"
516,"['01:05:27,632', '01:05:29,624']","["" Yeah, but then that's it.\n""]"
517,"['01:05:36,015', '01:05:37,597']","["" - Would you shut up about that?\n - It's only one job.\n""]"
518,"['01:05:40,770', '01:05:44,013']","[' Eight years, not a word from the feds,\n nothing from those...\n']"
519,"['01:05:48,403', '01:05:53,114']","[' And then all of a sudden,\n this little bastard in red tights shows up.\n']"
520,"['01:05:58,455', '01:05:59,991']",[' Really?\n']
521,"['01:06:02,500', '01:06:04,537']","["" - I'm gonna find him...\n - Found him.\n""]"
522,"['01:06:06,171', '01:06:09,084']",[' ...heroically saving an Academic\n Decathlon team from Queens.\n']
523,"['01:06:14,929', '01:06:17,467']","[' - Mom.\n - Oh, kids. All right.\n']"
524,"['01:06:24,063', '01:06:26,555']","["" This past weekend,\n Midtown's Academic Decathlon team...\n""]"
525,"['01:06:29,861', '01:06:31,523']","[' Later that day, they also defeated death.\n']"
526,"['01:06:34,282', '01:06:38,071']","[' There were purple lasers and smoke.\n It was **** tight, like a Bon Jovi concert.\n']"
527,"['01:06:41,789', '01:06:44,873']","["" I couldn't bear to lose\n a student on a school trip.\n""]"
528,"['01:06:47,337', '01:06:51,047']","[' Thankfully, no one was seriously injured\n thanks to the Spider-Man.\n']"
529,"['01:06:53,635', '01:06:56,548']",[' Up next: the Spider-Man mania\n is sweeping the school.\n']
530,"['01:07:03,269', '01:07:05,181']","[' Dude, dude, dude.\n']"
531,"['01:07:08,233', '01:07:09,690']","["" - Crazy, dude.\n - It's crazy.\n""]"
532,"['01:07:11,861', '01:07:14,649']","["" - Should I tell everyone?\n - No, dude. That's not a good idea.\n""]"
533,"['01:07:18,326', '01:07:20,067']","["" You're already in trouble\n for ditching the decathlon.\n""]"
534,"['01:07:21,955', '01:07:23,867']",[' The wingsuit guy is stealing\n from Damage Control.\n']
535,"['01:07:27,210', '01:07:30,123']",[' - So all I gotta do is catch him.\n - But we have a Spanish quiz.\n']
536,"['01:07:32,674', '01:07:35,712']",[' Mr. Stark is moving the Avengers upstate...\n']
537,"['01:07:38,012', '01:07:39,924']",[' You want to be a high school dropout?\n']
538,"['01:07:42,934', '01:07:45,642']","[' Parker, my office.\n']"
539,"['01:07:50,108', '01:07:51,599']",[' ...you got detention.\n']
540,"['01:07:54,112', '01:07:56,479']","[' The question is,\n how are you gonna make things right?\n']"
541,"['01:07:58,533', '01:08:01,196']","["" But take it from a guy\n who's been frozen for 65 years...\n""]"
542,"['01:08:05,498', '01:08:08,115']","["" We all know what's right.\n We all know what's wrong.\n""]"
543,"['01:08:11,004', '01:08:13,246']",[' - ...you know is wrong...\n - Where you going? Get back here.\n']
544,"['01:08:15,967', '01:08:17,754']","["" Why are you here? You don't have detention.\n""]"
545,"['01:08:24,726', '01:08:26,262']","["" It's you.\n""]"
546,"['01:08:42,118', '01:08:43,780']",[' May?\n']
547,"['01:08:48,499', '01:08:50,286']","[' Hey, Peter. How was your Spanish quiz?\n']"
548,"['01:08:51,711', '01:08:54,203']","["" I'm trying to figure out who the guys\n under the bridge were that night...\n""]"
549,"['01:08:57,008', '01:08:59,796']",[' I can run facial recognition\n on the footage of that encounter.\n']
550,"['01:09:01,638', '01:09:03,504']",[' I record everything you see.\n']
551,"['01:09:04,974', '01:09:07,307']","["" - All the time?\n - It's called the Baby-Monitor Protocol.\n""]"
552,"['01:09:11,230', '01:09:14,064']","[' - Yeah, just roll it back to last Friday.\n - With pleasure.\n']"
553,"['01:09:16,277', '01:09:18,860']","["" Hey, what's up, Liz?\n Peter's told me a lot about you.\n""]"
554,"['01:09:21,157', '01:09:22,864']","[' Go later in the day, later in the day.\n']"
555,"['01:09:25,370', '01:09:26,827']","["" No, no, no. That's definitely...\n""]"
556,"['01:09:28,748', '01:09:32,241']",[' - Your impressions are very funny.\n - Fast-forward to the arms deal.\n']
557,"['01:09:33,878', '01:09:37,371']","[' - The two on the right, who are they?\n - Searching law enforcement databases.\n']"
558,"['01:09:40,426', '01:09:42,509']",[' - Nothing?\n - One individual identified.\n']
559,"['01:09:44,972', '01:09:47,806']",[' He has a criminal record\n and an address here in Queens.\n']
560,"['01:09:49,394', '01:09:52,728']",[' Would you like me to activate\n the Enhanced Interrogation Protocol?\n']
561,"['01:10:09,205', '01:10:10,946']",[' - Remember me?\n - Hey...\n']
562,"['01:10:13,126', '01:10:14,833']","[' - All right, chill.\n - Come on!\n']"
563,"['01:10:18,381', '01:10:20,464']",[' I heard you by the bridge.\n I know what a girl sound like.\n']
564,"['01:10:23,761', '01:10:25,593']","["" I don't care what you are, a boy, a girl...\n""]"
565,"['01:10:27,598', '01:10:29,931']","[' Come on, man.\n Look, who is selling these weapons?\n']"
566,"['01:10:36,065', '01:10:40,355']","["" - You ain't ever done this before, huh?\n - Deactivate Interrogation Mode.\n""]"
567,"['01:10:43,448', '01:10:46,156']",[' These guys are selling weapons\n that are crazy dangerous.\n']
568,"['01:10:47,910', '01:10:50,072']","["" If one of them can cut\n Delmar's Bodega in half...\n""]"
569,"['01:10:52,999', '01:10:55,207']","["" - Sub Haven's pretty good.\n - It's too much bread.\n""]"
570,"['01:10:59,839', '01:11:02,547']","["" Stupid Interrogation Mode.\n Karen, don't ever do that again.\n""]"
571,"['01:11:06,345', '01:11:07,802']","["" That's pretty ballsy.\n""]"
572,"['01:11:10,183', '01:11:11,549']",[' I got a nephew who live here.\n']
573,"['01:11:14,187', '01:11:16,099']",[' What can you tell me\n about the guy with the wings?\n']
574,"['01:11:18,691', '01:11:20,648']","["" I don't know who he is or where he is.\n""]"
575,"['01:11:27,283', '01:11:29,525']","[' Yeah, this crazy dude I used to work with...\n']"
576,"['01:11:32,288', '01:11:33,904']",[' Yes! Yes.\n']
577,"['01:11:35,833', '01:11:38,120']","["" I didn't tell you where.\n You don't have a location.\n""]"
578,"['01:11:40,963', '01:11:42,204']",[' Yeah.\n']
579,"['01:11:45,510', '01:11:47,752']",[' You got to get better\n at this part of the job.\n']
580,"['01:11:49,555', '01:11:50,921']","["" I'm intimidating.\n""]"
581,"['01:11:54,143', '01:11:55,850']","["" That's gonna dissolve in two hours.\n""]"
582,"['01:11:58,773', '01:12:00,435']",[' - Two hours. You deserve that.\n - I got ice cream in here.\n']
583,"['01:12:17,834', '01:12:19,120']",[' Nice.\n']
584,"['01:12:25,216', '01:12:26,252']",[' Sure thing.\n']
585,"['01:12:28,928', '01:12:30,339']",[' I hate this guy.\n']
586,"['01:12:33,015', '01:12:34,631']",[' Just keep me posted.\n']
587,"['01:12:36,853', '01:12:39,516']",[' Incoming call from May Parker. Should\n I reroute to your heads-up display?\n']
588,"['01:12:42,984', '01:12:47,354']","["" Hey, dronie, keep an eye on that guy.\n We can't let anybody get away this time.\n""]"
589,"['01:12:57,874', '01:13:00,287']","[' Extensive criminal record,\n including homicide.\n']"
590,"['01:13:02,461', '01:13:05,875']","[' No, Karen, stop it\n with the Instant Kill already.\n']"
591,"['01:13:13,723', '01:13:16,010']","[' Dronie, scan the ship\n for a white pickup truck.\n']"
592,"['01:13:38,331', '01:13:40,664']","[' I got the weapons, buyers\n and sellers in one place.\n']"
593,"['01:13:43,961', '01:13:46,123']","["" - Don't answer.\n - Mr. Parker. Got a sec?\n""]"
594,"['01:13:48,883', '01:13:50,749']",[' - Nice work in D.C.\n - Okay.\n']
595,"['01:13:53,804', '01:13:55,966']","["" ...and I'm trying to break\n the cycle of shame.\n""]"
596,"['01:13:57,475', '01:13:58,841']","["" Don't cut me off when I'm complimenting you.\n""]"
597,"['01:14:03,105', '01:14:04,767']","["" I'm at band practice.\n""]"
598,"['01:14:09,779', '01:14:11,987']",[' - I gotta go. End call.\n - Hey.\n']
599,"['01:14:16,911', '01:14:20,245']","[' Hey, guys. The illegal weapons-deal ferry\n was at 10:30. You missed it.\n']"
600,"['01:14:34,053', '01:14:36,045']",[' Not so fast.\n']
601,"['01:14:40,726', '01:14:43,890']","[' I got to say, the other guy was way better\n with that thing.\n']"
602,"['01:14:45,731', '01:14:47,688']","["" I'm... I'm shocked.\n""]"
603,"['01:15:01,872', '01:15:03,659']",[' - Get on the ground.\n - FBI.\n']
604,"['01:15:05,042', '01:15:08,456']","[' - The Federal Bureau of Investigation.\n - I know, but what are they doing here?\n']"
605,"['01:15:19,557', '01:15:20,798']",[' No.\n']
606,"['01:15:31,152', '01:15:32,518']",[' - Move.\n - Get to the top deck.\n']
607,"['01:16:13,319', '01:16:15,402']",[' Activate Taser web!\n']
608,"['01:17:09,250', '01:17:11,037']","[' Oh, my God. What do I do? Karen...\n']"
609,"['01:17:17,299', '01:17:19,336']",[' Web grenade. Web grenade.\n']
610,"['01:17:51,458', '01:17:54,576']","[' Great job, Peter.\n You are 98 percent successful.\n']"
611,"['01:17:59,175', '01:18:01,758']","[' No, no, no.\n']"
612,"['01:18:41,425', '01:18:43,291']",[' What the hell?\n']
613,"['01:18:46,972', '01:18:49,339']","[' Band practice, was it?\n']"
614,"['01:19:20,798', '01:19:22,380']",[' Mr. Stark.\n']
615,"['01:19:28,180', '01:19:30,422']","["" I think you've done enough.\n""]"
616,"['01:19:50,202', '01:19:52,660']",[' Feds were waiting for us.\n']
617,"['01:19:56,125', '01:19:57,912']","["" Yeah, I'm running.\n""]"
618,"['01:20:00,421', '01:20:02,253']","["" You know I can't do that.\n""]"
619,"['01:20:04,049', '01:20:08,760']","[' Mason, can you get that high-altitude\n seal thing up and running in time?\n']"
620,"['01:20:11,098', '01:20:13,260']",[' Yes. You will not regret this.\n']
621,"['01:20:28,866', '01:20:30,949']",[' Previously on Peter Screws the Pooch...\n']
622,"['01:20:32,995', '01:20:35,612']","[' Instead, you hacked\n a multimillion-dollar suit...\n']"
623,"['01:20:38,208', '01:20:41,042']",[' ...doing the one thing I told you not to do.\n']
624,"['01:20:43,088', '01:20:45,580']",[' No thanks to you.\n']
625,"['01:20:49,928', '01:20:52,545']","[' Those weapons were out there,\n and I tried to tell you about it...\n']"
626,"['01:20:54,266', '01:20:57,680']","["" None of this would've happened\n if you had just listened to me.\n""]"
627,"['01:21:04,443', '01:21:07,527']","[' I did listen, kid.\n Who do you think called the FBI, huh?\n']"
628,"['01:21:10,449', '01:21:14,238']",[' Everyone else said I was crazy\n to recruit a 14-year-old kid.\n']
629,"['01:21:16,872', '01:21:19,455']",[' The adult is talking.\n What if somebody had died tonight?\n']
630,"['01:21:22,878', '01:21:24,210']",[' And if you died...\n']
631,"['01:21:26,924', '01:21:28,790']","["" - I don't need that on my conscience.\n - Yes, sir.\n""]"
632,"['01:21:32,221', '01:21:34,133']",[' I just wanted to be like you.\n']
633,"['01:21:37,601', '01:21:39,968']","["" It's not working out.\n I'm gonna need the suit back.\n""]"
634,"['01:21:42,523', '01:21:44,560']","["" - Yeah, that's how it works.\n - No, no. Please.\n""]"
635,"['01:21:46,819', '01:21:48,185']","["" I'm nothing without this suit.\n""]"
636,"['01:21:51,532', '01:21:52,693']",[' Okay?\n']
637,"['01:21:57,121', '01:21:58,987']","["" I don't have any other clothes.\n""]"
638,"['01:22:11,844', '01:22:13,210']",[' Hey.\n']
639,"['01:22:21,520', '01:22:22,977']","["" You can't do that.\n""]"
640,"['01:22:25,941', '01:22:28,604']","["" I've called five police stations.\n""]"
641,"['01:22:30,154', '01:22:31,941']","["" I called five of your friends.\n I called Ned's mother.\n""]"
642,"['01:22:36,660', '01:22:37,696']",[' Cut the bullshit.\n']
643,"['01:22:39,705', '01:22:42,197']",[' I know you left the hotel room in Washington.\n']
644,"['01:22:44,460', '01:22:45,746']","["" That's not fine.\n""]"
645,"['01:22:49,715', '01:22:50,751']","["" It's just me and you.\n""]"
646,"['01:22:54,845', '01:22:56,427']",[' - What?\n - Yeah.\n']
647,"['01:22:58,557', '01:23:02,642']",[' I just thought that I could work really hard\n and he could... He would... You know.\n']
648,"['01:23:06,106', '01:23:07,893']","["" It's okay, it's okay.\n""]"
649,"['01:23:12,112', '01:23:14,525']","["" I'm sorry I made you worry.\n""]"
650,"['01:23:16,700', '01:23:17,986']","[' Yeah, I know.\n']"
651,"['01:23:19,620', '01:23:21,987']",[' - I used to sneak out too.\n - Yeah.\n']
652,"['01:23:27,836', '01:23:30,203']",[' You smell like garbage.\n']
653,"['01:23:35,052', '01:23:37,385']","["" Peter, you're a good kid\n and you're a smart kid...\n""]"
654,"['01:23:40,807', '01:23:42,264']",[' Okay.\n']
655,"['01:23:52,152', '01:23:53,268']",[' Are you expelled?\n']
656,"['01:23:56,615', '01:23:59,949']","["" Pretty sure that's an urban myth,\n and, no, I'm not expelled.\n""]"
657,"['01:24:50,919', '01:24:52,285']",[' Hey.\n']
658,"['01:24:55,757', '01:24:58,124']","[' Yeah, I was just doing some homecoming stuff.\n']"
659,"['01:25:00,887', '01:25:03,595']",[' I just wanted to apologize\n about the whole decathlon thing.\n']
660,"['01:25:05,017', '01:25:09,057']","[' Last week, decathlon was the most\n important thing, but then I almost died.\n']"
661,"['01:25:11,315', '01:25:13,307']",[' I just mean that...\n']
662,"['01:25:18,113', '01:25:19,854']",[' ...because...\n']
663,"['01:25:24,202', '01:25:25,693']",[' I know.\n']
664,"['01:25:30,042', '01:25:32,159']","["" You're terrible at keeping secrets.\n""]"
665,"['01:25:37,382', '01:25:39,669']","[' I got to get to class, but...\n']"
666,"['01:25:44,431', '01:25:47,424']","[' ...forever, but...\n']"
667,"['01:25:50,103', '01:25:54,814']","[' Actually, I was so busy planning it,\n I never really got around to that part, so...\n']"
668,"['01:25:57,903', '01:25:58,939']",[' ...go with me?\n']
669,"['01:26:01,907', '01:26:04,524']","[' Really? I mean, great. Cool.\n']"
670,"['01:26:06,828', '01:26:09,411']","["" I'm actually going that way.\n""]"
671,"['01:26:38,902', '01:26:40,734']",[' Through or around?\n']
672,"['01:26:57,337', '01:26:59,579']","["" It's game day. So, what's the plan?\n""]"
673,"['01:27:01,466', '01:27:03,879']","["" Tell her she looks nice,\n but not too much because that's creepy.\n""]"
674,"['01:27:05,303', '01:27:07,966']","["" When I dance with her,\n I'm putting my hands on her hips.\n""]"
675,"['01:27:12,310', '01:27:13,346']",[' - Love you.\n - Bye.\n']
676,"['01:27:30,704', '01:27:31,820']",[' Yeah.\n']
677,"['01:27:33,707', '01:27:35,198']",[' Put her there.\n']
678,"['01:27:37,502', '01:27:39,789']",[' Come on in here. Come on.\n']
679,"['01:28:05,238', '01:28:06,820']",[' You look very handsome.\n']
680,"['01:28:08,658', '01:28:10,775']",[' You got his name right?\n']
681,"['01:28:12,496', '01:28:13,703']",[' Peter. Peter.\n']
682,"['01:28:16,249', '01:28:17,785']",[' Okay.\n']
683,"['01:28:25,133', '01:28:26,249']",[' Yeah.\n']
684,"['01:28:30,847', '01:28:32,304']",[' You want something to drink?\n']
685,"['01:28:34,893', '01:28:36,179']","["" I'm not old enough to drink.\n""]"
686,"['01:28:42,609', '01:28:45,352']","["" - Do you look beautiful.\n - Please don't embarrass me, Dad.\n""]"
687,"['01:28:47,113', '01:28:49,480']","[' Yeah, you look really good.\n']"
688,"['01:28:52,035', '01:28:54,072']",[' Is that a corsage?\n']
689,"['01:28:57,499', '01:29:00,708']","["" Well, hey, I'm your chauffeur,\n so let's get this show on the road.\n""]"
690,"['01:29:04,214', '01:29:06,456']","[' - Oh, right here. Perfect.\n - Mom.\n']"
691,"['01:29:08,844', '01:29:10,927']","[' Peter, closer.\n']"
692,"['01:29:14,516', '01:29:16,303']",[' There you go.\n']
693,"['01:29:25,443', '01:29:27,651']","["" I'm going out of town. It's right on my way.\n""]"
694,"['01:29:29,906', '01:29:31,272']",[' - Thank you.\n - Promise.\n']
695,"['01:29:34,953', '01:29:37,536']","[' - See you in a couple of days. All right.\n - Bye, baby.\n']"
696,"['01:29:39,457', '01:29:41,369']","[' - Bye, Peter. Have fun.\n - Yeah, I will.\n']"
697,"['01:29:54,806', '01:29:56,547']","["" When you graduate,\n what do you think you'll do?\n""]"
698,"['01:30:00,061', '01:30:02,053']","[' Just saying, you know.\n']"
699,"['01:30:04,149', '01:30:06,562']","[' ...you pretty much have\n your life planned out, right?\n']"
700,"['01:30:09,446', '01:30:12,860']","["" Peter has an internship with Tony Stark.\n I think he doesn't have to worry.\n""]"
701,"['01:30:15,493', '01:30:17,200']",[' So cool.\n']
702,"['01:30:20,332', '01:30:22,790']","["" Yeah, actually,\n I don't intern for him anymore.\n""]"
703,"['01:30:26,129', '01:30:27,165']",[' ...boring.\n']
704,"['01:30:30,467', '01:30:32,379']",[' Really? Spider-Man?\n']
705,"['01:30:36,514', '01:30:38,050']","["" Yeah, he's nice.\n""]"
706,"['01:30:40,226', '01:30:42,058']",[' Solid dude.\n']
707,"['01:30:52,447', '01:30:54,655']","["" I've seen you around, right? I mean...\n""]"
708,"['01:30:59,329', '01:31:01,036']",[' He does Academic Decathlon with me.\n']
709,"['01:31:03,792', '01:31:06,159']","[' It was a great party, really great, yeah.\n']"
710,"['01:31:11,216', '01:31:14,459']",[' That was... I was there longer\n than two seconds.\n']
711,"['01:31:18,306', '01:31:22,471']","[' Yes, you did. You disappeared like\n you always do, like you did in D.C. too.\n']"
712,"['01:31:33,571', '01:31:35,187']",[' Were you scared?\n']
713,"['01:31:38,702', '01:31:40,785']","[' ...showed up in the elevator though, huh?\n']"
714,"['01:31:45,458', '01:31:47,199']",[' I saw it all from the ground.\n']
715,"['01:31:49,879', '01:31:52,212']",[' Very lucky that he was there that day.\n']
716,"['01:32:01,516', '01:32:03,428']","[' Dad, the light.\n']"
717,"['01:32:21,202', '01:32:22,613']","[' Thanks, Dad.\n']"
718,"['01:32:24,789', '01:32:27,532']","[' I\'m gonna give Peter the ""dad"" talk.\n']"
719,"['01:32:31,546', '01:32:32,753']",[' Love you.\n']
720,"['01:32:35,550', '01:32:36,757']",[' Hi.\n']
721,"['01:32:44,934', '01:32:45,970']",[' Does she know?\n']
722,"['01:32:48,480', '01:32:50,221']","["" So she doesn't. Good.\n""]"
723,"['01:32:52,233', '01:32:53,394']",[' I admire that.\n']
724,"['01:32:56,321', '01:33:00,156']","["" Of all the reasons\n I didn't want my daughter to date...\n""]"
725,"['01:33:03,912', '01:33:06,120']",[' ...nothing is more important than family.\n']
726,"['01:33:08,249', '01:33:10,081']",[' I could never forget something like that.\n']
727,"['01:33:12,170', '01:33:13,286']",[' Are you ready?\n']
728,"['01:33:17,425', '01:33:20,793']","["" ...and don't you ever, ever...\n""]"
729,"['01:33:23,723', '01:33:25,635']",[' Because if you do...\n']
730,"['01:33:28,228', '01:33:29,810']",[' ...and everybody you love.\n']
731,"['01:33:33,066', '01:33:35,854']","["" That's what I'll do to protect my family.\n Do you understand?\n""]"
732,"['01:33:40,532', '01:33:43,946']",[' I just saved your life. Now what do you say?\n']
733,"['01:33:47,664', '01:33:49,405']","["" You're welcome.\n""]"
734,"['01:33:55,880', '01:33:57,746']",[' Just not too good.\n']
735,"['01:34:54,939', '01:34:56,350']",[' What did he say to you?\n']
736,"['01:35:03,948', '01:35:05,564']","["" I'm sorry.\n""]"
737,"['01:35:29,307', '01:35:30,639']",[' He gave you a choice.\n']
738,"['01:35:33,061', '01:35:34,723']","["" What's with the crappy costume?\n""]"
739,"['01:35:47,283', '01:35:51,869']","["" I wasn't sure about this thing at first,\n but damn.\n""]"
740,"['01:36:10,348', '01:36:12,840']","["" - Why did he send you here?\n - Guess you'll never know.\n""]"
741,"['01:36:24,529', '01:36:25,645']",[' Yes!\n']
742,"['01:36:27,824', '01:36:29,690']",[' - What?\n - I gotta tell Mr. Stark.\n']
743,"['01:36:32,870', '01:36:34,077']",[' Get a computer and track my phone.\n']
744,"['01:36:36,416', '01:36:38,703']",[' ...before he leaves town.\n']
745,"['01:36:41,504', '01:36:44,793']","["" ...but I know when branzino's fresh,\n and that was not fresh, okay? So...\n""]"
746,"['01:36:48,011', '01:36:50,754']","["" Sir, technically,\n this is my dad's car, sir. So I can't...\n""]"
747,"['01:37:01,441', '01:37:03,433']","[' - Go for Ned.\n - Ned, I need you...\n']"
748,"['01:37:10,908', '01:37:13,275']","[' Genius move. Okay, he just passed\n the GameStop on Jackson Avenue.\n']"
749,"['01:37:16,831', '01:37:19,164']","["" - I'll pull the specs.\n - Okay, you're on speakerphone.\n""]"
750,"['01:37:23,796', '01:37:25,833']","[' Get out of the way, get out of the way! Move!\n']"
751,"['01:37:27,800', '01:37:31,464']",[' ...only with May in parking lots.\n This is a huge step up.\n']
752,"['01:37:35,058', '01:37:38,392']","["" Yeah. I'm working on it.\n I just gotta backdoor the phone system.\n""]"
753,"['01:37:48,613', '01:37:50,024']",[' Takeoff in nine minutes.\n']
754,"['01:37:52,533', '01:37:53,569']","["" - Mr. Happy, it's Ned.\n - Who?\n""]"
755,"['01:37:56,204', '01:37:57,740']",[' You gotta be shitting me.\n']
756,"['01:37:59,665', '01:38:02,032']","[' Hey, Ned, how we coming on\n with those headlights?\n']"
757,"['01:38:06,631', '01:38:07,917']","[' Left, okay.\n']"
758,"['01:38:11,469', '01:38:13,051']",[' He stopped in an old industrial park\n in Brooklyn.\n']
759,"['01:38:16,182', '01:38:19,596']","["" Weird. Oh, I reached Mr. Happy.\n Don't think he likes you, by the way.\n""]"
760,"['01:38:21,604', '01:38:22,720']",[' He said something about taking off\n in nine minutes.\n']
761,"['01:38:25,066', '01:38:26,602']","["" Boxes? It's moving day.\n""]"
762,"['01:38:28,903', '01:38:30,769']",[' I gotta stop him!\n']
763,"['01:38:35,910', '01:38:38,493']","["" We just got to load\n Tony's old Hulkbuster Armor...\n""]"
764,"['01:38:42,250', '01:38:43,786']",[' The Meg... The...\n']
765,"['01:38:46,462', '01:38:49,125']","["" Okay, slow down.\n You're getting close. It's on your right.\n""]"
766,"['01:39:00,393', '01:39:02,680']",[' - Peter. Are you okay?\n - Yeah.\n']
767,"['01:39:05,731', '01:39:07,893']","["" It's been an honor, Spider-Man.\n""]"
768,"['01:39:14,574', '01:39:15,610']","["" I'm...\n""]"
769,"['01:39:17,243', '01:39:19,405']",[' ...at porn.\n']
770,"['01:40:00,286', '01:40:01,652']",[' Surprised?\n']
771,"['01:40:04,415', '01:40:05,701']","["" I didn't hear you come in.\n""]"
772,"['01:40:08,127', '01:40:10,119']","[' You know, I gotta tell you, Pete...\n']"
773,"['01:40:15,218', '01:40:16,379']",[' I see why Liz likes you.\n']
774,"['01:40:20,681', '01:40:23,799']","[' ...I wasn\'t sure.\n I thought, ""Really?"" But I get it now.\n']"
775,"['01:40:26,562', '01:40:28,554']","["" To her? I'm not doing anything to her, Pete.\n""]"
776,"['01:40:31,567', '01:40:32,603']",[' Yeah.\n']
777,"['01:40:38,991', '01:40:40,027']","["" ...you're young.\n""]"
778,"['01:40:42,620', '01:40:45,363']",[' But I understand that selling weapons\n to criminals is wrong.\n']
779,"['01:40:48,459', '01:40:49,916']",[' Or any of his little toys?\n']
780,"['01:40:52,004', '01:40:54,291']","[' ...the rich and the powerful,\n they do whatever they want.\n']"
781,"['01:40:56,384', '01:40:58,250']",[' ...like you and me...\n']
782,"['01:41:00,054', '01:41:02,512']","[' We build their roads,\n and we fight all their wars...\n']"
783,"['01:41:05,142', '01:41:09,307']",[' We have to pick up after them.\n We have to eat their table scraps.\n']
784,"['01:41:12,942', '01:41:15,025']","["" I know you know\n what I'm talking about, Peter.\n""]"
785,"['01:41:17,113', '01:41:19,571']",[' Because I want you to understand.\n']
786,"['01:41:21,325', '01:41:24,318']",[' ...I needed a little time\n to get her airborne.\n']
787,"['01:41:41,679', '01:41:45,468']","["" What are you talking about?\n That thing hasn't even touched me yet.\n""]"
788,"['01:41:48,352', '01:41:50,059']","["" ...wasn't really trying to.\n""]"
789,"['01:41:57,612', '01:42:00,446']","[' - Okay. Yeah, yeah.\n - Come on, come on, come on.\n']"
790,"['01:43:02,635', '01:43:04,592']",[' Hello?\n']
791,"['01:43:08,599', '01:43:10,181']","[' Please, hey.\n']"
792,"['01:43:13,062', '01:43:15,019']","["" I'm down here. I'm stuck.\n""]"
793,"['01:43:34,750', '01:43:38,835']","["" If you're nothing without this suit,\n then you shouldn't have it.\n""]"
794,"['01:43:46,721', '01:43:48,257']","[' Come on, Spider-Man.\n']"
795,"['01:43:50,558', '01:43:52,766']","[' Come on, Spider-Man.\n']"
796,"['01:44:48,199', '01:44:49,690']",[' Launch for intercept.\n Green light. Green light.\n']
797,"['01:45:06,634', '01:45:08,921']",[' Retroreflective panels engaged.\n']
798,"['01:45:24,026', '01:45:26,689']","["" It's probably just drag on the new turbines.\n""]"
799,"['01:45:52,096', '01:45:53,837']","[' Oh, my God. Oh, my God.\n']"
800,"['01:45:56,767', '01:45:58,008']","[' This better work, Mason.\n']"
801,"['01:46:07,069', '01:46:08,355']",[' Yeah.\n']
802,"['01:46:22,418', '01:46:24,205']",[' ...and override their security.\n']
803,"['01:46:37,474', '01:46:39,136']",[' Launching decoy drone.\n']
804,"['01:46:51,405', '01:46:52,566']","["" Good, so it's on its way.\n""]"
805,"['01:46:56,410', '01:46:57,821']",[' All right.\n']
806,"['01:48:01,600', '01:48:03,432']",[' Just a typical homecoming...\n']
807,"['01:48:07,022', '01:48:08,729']","["" ...fighting my girlfriend's dad.\n""]"
808,"['01:48:26,959', '01:48:29,042']","["" I can't believe that worked.\n""]"
809,"['01:49:07,958', '01:49:09,074']","["" I'm not going home empty-handed.\n""]"
810,"['01:49:35,694', '01:49:38,528']","[' - Get out of there. What are you doing?\n - Please turn, please turn!\n']"
811,"['01:52:02,633', '01:52:03,669']",[' Bingo.\n']
812,"['01:52:21,818', '01:52:23,901']","["" Your wingsuit's going to explode!\n""]"
813,"['01:52:32,913', '01:52:34,370']","["" I'm trying to save you!\n""]"
814,"['01:52:51,640', '01:52:53,176']",[' No.\n']
815,"['01:54:34,826', '01:54:36,158']","[' Like, it was just crazy.\n']"
816,"['01:54:38,872', '01:54:40,864']",[' And you were like...\n']
817,"['01:54:43,085', '01:54:44,951']","[' It was so... Oh, my God.\n']"
818,"['01:54:47,464', '01:54:49,080']",[' It was awesome.\n']
819,"['01:54:58,308', '01:54:59,469']","["" I'm gonna miss you.\n""]"
820,"['01:55:02,187', '01:55:03,644']",[' Liz.\n']
821,"['01:55:12,739', '01:55:15,732']",[' You say that a lot.\n What are you sorry for this time?\n']
822,"['01:55:19,538', '01:55:22,281']",[' That was a pretty crappy thing to do.\n']
823,"['01:55:23,959', '01:55:26,793']","["" I mean, your dad... I can't imagine\n what you're going through.\n""]"
824,"['01:55:29,297', '01:55:31,789']","["" I guess we're moving to Oregon.\n""]"
825,"['01:55:36,054', '01:55:40,219']","["" Anyways, Dad doesn't want us here\n during the trial. So...\n""]"
826,"['01:55:44,479', '01:55:46,141']","[' Bye, Peter.\n']"
827,"['01:56:03,039', '01:56:06,578']","[' Congratulations,\n decathlon national champions.\n']"
828,"['01:56:08,962', '01:56:11,375']","["" I'll have to put this back\n in the trophy case soon...\n""]"
829,"['01:56:14,217', '01:56:15,879']","["" I'm ahead of the game, but we will need...\n""]"
830,"['01:56:17,762', '01:56:20,425']",[' So I am appointing Michelle.\n']
831,"['01:56:25,312', '01:56:26,519']",[' Thank you.\n']
832,"['01:56:28,773', '01:56:30,810']","["" I thought you didn't have any friends.\n""]"
833,"['01:56:37,782', '01:56:39,774']","[' - I gotta go.\n - Hey, where you going?\n']"
834,"['01:56:46,917', '01:56:48,499']","["" I'm just kidding. I don't care. Bye.\n""]"
835,"['01:56:59,763', '01:57:03,097']","[' Hey, Happy. What... What are you doing here?\n']"
836,"['01:57:07,395', '01:57:09,682']","["" I don't know what I would do\n without this job.\n""]"
837,"['01:57:41,471', '01:57:43,463']",[' So how long you been here?\n']
838,"['01:57:46,768', '01:57:49,636']","["" - Is he here too?\n - In the toilet? No, he's upstate.\n""]"
839,"['01:57:51,856', '01:57:53,438']","["" Yeah, let's go.\n""]"
840,"['01:57:56,111', '01:57:58,148']","["" It's pretty impressive, huh?\n""]"
841,"['01:58:28,184', '01:58:31,268']","["" - You don't see that every day.\n - Oh, there they are.\n""]"
842,"['01:58:33,982', '01:58:36,599']",[' - Good.\n - Give me a minute with the kid.\n']
843,"['01:58:39,613', '01:58:40,979']",[' I gotta talk to the kid.\n']
844,"['01:58:42,824', '01:58:46,568']",[' How about a loose follow?\n All right? Boundaries are good.\n']
845,"['01:58:52,959', '01:58:55,451']","[' You had it coming.\n Actually, it turns out it was...\n']"
846,"['01:58:57,797', '01:59:00,631']","["" To urge you on, right?\n Wouldn't you think? Don't you think?\n""]"
847,"['01:59:04,471', '01:59:07,680']","[' - Mr. Stark, I really...\n - You screwed the pooch hard, bigtime.\n']"
848,"['01:59:10,143', '01:59:13,307']","[' Took the dog to the free clinic,\n you raised the hybrid puppies...\n']"
849,"['01:59:16,566', '01:59:18,478']",[' I was wrong about you.\n']
850,"['01:59:21,446', '01:59:23,904']",[' ...you could be a real asset to the team.\n']
851,"['01:59:27,702', '01:59:30,740']","["" ...there's about 50 reporters behind\n that door. Real ones, not bloggers.\n""]"
852,"['01:59:33,458', '01:59:35,165']","["" ...why don't you try that on?\n""]"
853,"['01:59:39,422', '01:59:41,084']",[' Spider-Man.\n']
854,"['01:59:46,805', '01:59:49,047']","[' Yeah, give that a look.\n']"
855,"['01:59:56,898', '01:59:57,979']",[' ...your new quarters.\n']
856,"['02:00:00,568', '02:00:02,810']","["" - Yeah, Vision's not big on doors.\n - It's fun.\n""]"
857,"['02:00:04,489', '02:00:06,355']","["" You'll fit right in.\n""]"
858,"['02:00:15,250', '02:00:16,491']","["" But I'm good.\n""]"
859,"['02:00:20,213', '02:00:24,378']","["" Well, I mean, I'd rather just stay\n on the ground for a little while.\n""]"
860,"['02:00:26,886', '02:00:28,843']","["" Somebody's got to look out\n for the little guy, right?\n""]"
861,"['02:00:30,932', '02:00:33,015']",[' You better think about this. Look at that.\n']
862,"['02:00:35,186', '02:00:36,267']",[' Last chance. Yes or no?\n']
863,"['02:00:37,897', '02:00:41,390']","["" It's kind of a Springsteen-y,\n working-class hero vibe that I dig.\n""]"
864,"['02:00:43,737', '02:00:45,228']",[' - Yeah?\n - Yeah.\n']
865,"['02:00:49,117', '02:00:51,780']","[' - Thank you, Mr. Stark.\n - Yes, Mr. Parker, very well.\n']"
866,"['02:01:01,880', '02:01:03,087']","[' That was a test, right?\n']"
867,"['02:01:07,218', '02:01:10,086']","[' - All right, skedaddle there, young buck.\n - Thank you, Mr. Stark.\n']"
868,"['02:01:14,058', '02:01:15,924']","["" Told you he's a good kid.\n""]"
869,"['02:01:23,818', '02:01:26,731']","["" - Everybody's waiting.\n - He actually made a mature choice.\n""]"
870,"['02:01:30,074', '02:01:32,157']",[' - He told the kid to go wait in the car.\n - Are you kidding?\n']
871,"['02:01:34,662', '02:01:36,449']",[' ...for some big announcement.\n What will I tell them?\n']
872,"['02:01:39,667', '02:01:41,829']","[' - Hap, you still got that ring?\n - Do I... I...\n']"
873,"['02:01:43,338', '02:01:46,547']","["" I've been carrying this since 2008.\n""]"
874,"['02:01:50,512', '02:01:52,094']",[' I think I can think\n of something better than that.\n']
875,"['02:01:55,934', '02:01:58,051']",[' Like we need time.\n']
876,"['02:02:00,063', '02:02:02,555']","[' - Want me to get the door for you, hon?\n - I got it.\n']"
877,"['02:02:31,469', '02:02:33,131']",[' May?\n']
878,"['02:05:10,044', '02:05:12,001']",[' Look who it is.\n']
879,"['02:05:17,260', '02:05:18,546']",[' Relax.\n']
880,"['02:05:21,347', '02:05:24,431']","["" It's on our little spider friend.\n""]"
881,"['02:05:28,354', '02:05:31,813']","[' You know, take a picture,\n slice his throat, put his head in a dryer.\n']"
882,"['02:05:37,864', '02:05:39,446']",[' You know who he is.\n']
883,"['02:05:45,705', '02:05:47,287']","["" ...he'd already be dead.\n""]"
884,"['02:12:33,821', '02:12:36,655']","["" Hi, I'm Captain America,\n here to talk to you...\n""]"
885,"['02:12:40,953', '02:12:42,615']",[' Patience.\n']
886,"['02:12:45,082', '02:12:47,119']",[' Sometimes it leads to very little...\n']
887,"['02:12:49,795', '02:12:51,286']",[' And you wonder...\n']
888,[],[]
