,time,content
0,"['00:00:54,888', '00:00:56,598']","["" Now, I know what you're thinking.\n""]"
1,"['00:01:00,310', '00:01:02,100']","[' Well, sometimes you have to get captured\n']"
2,"['00:01:05,315', '00:01:08,435']","["" It's a long story,\n but basically, I'm a bit of a hero.\n""]"
3,"['00:01:12,656', '00:01:15,736']","[' Fought some robots,\n saved the planet a couple of times.\n']"
4,"['00:01:17,744', '00:01:20,664']","[' for some magic,\n colorful Infinity Stone things.\n']"
5,"['00:01:24,126', '00:01:28,166']","["" That's when I came across\n a path of death and destruction,\n""]"
6,"['00:01:32,718', '00:01:34,008']",[' where I met you.\n']
7,"['00:01:55,908', '00:01:59,578']","[' Thor, son of Odin.\n']"
8,"['00:02:03,582', '00:02:04,672']","["" You're still alive.\n""]"
9,"['00:02:09,171', '00:02:10,801']",[' I cannot die.\n']
10,"['00:02:12,883', '00:02:15,143']",[' and lay waste to your home.\n']
11,"['00:02:16,970', '00:02:19,260']","["" Because I've been having these\n terrible dreams of late.\n""]"
12,"['00:02:21,850', '00:02:24,640']","[' And you, Surtur,\n are at the center of all of them.\n']"
13,"['00:02:28,815', '00:02:30,685']",[' - The great prophecy...\n - Hang on.\n']
14,"['00:02:33,612', '00:02:36,452']","["" I'll be back around shortly.\n""]"
15,"['00:02:42,120', '00:02:45,330']","[' Okay, so Ragnarok.\n Tell me about that. Walk me through it.\n']"
16,"['00:02:47,668', '00:02:50,798']","[' When my crown is reunited\n with the Eternal Flame,\n']"
17,"['00:02:53,799', '00:02:56,049']","[' I will tower over the mountains,\n']"
18,"['00:02:58,971', '00:03:01,511']",[' Hang on. Give it a second.\n']
19,"['00:03:04,768', '00:03:06,348']","["" I'm really sorry.\n""]"
20,"['00:03:09,147', '00:03:12,777']","["" You're going to put your crown\n into the Eternal Flame\n""]"
21,"['00:03:15,487', '00:03:16,647']",[' A mountain!\n']
22,"['00:03:20,033', '00:03:22,583']",[' Odin is not on Asgard.\n']
23,"['00:03:26,832', '00:03:28,672']","[' Okay, so where is it? This crown?\n']"
24,"['00:03:32,254', '00:03:35,634']","["" Oh, that's a crown.\n I thought it was a big eyebrow.\n""]"
25,"['00:03:37,134', '00:03:40,644']","[' Anyway, it sounds like\n all I have to do to stop Ragnarok\n']"
26,"['00:03:43,765', '00:03:46,385']",[' But Ragnarok has already begun.\n']
27,"['00:03:58,071', '00:04:01,161']","["" I am Asgard's doom, and so are you.\n""]"
28,"['00:04:05,078', '00:04:06,788']","["" That's intense.\n""]"
29,"['00:04:08,957', '00:04:11,457']",[' and set fire to a planet\n would be quite the spectacle.\n']
30,"['00:04:14,463', '00:04:16,213']","[' where I bust out of these chains,\n']"
31,"['00:04:20,427', '00:04:23,387']",[' You cannot stop Ragnarok.\n']
32,"['00:04:25,015', '00:04:28,475']","["" Because that's what heroes do.\n""]"
33,"['00:04:37,319', '00:04:38,779']","[' And, now!\n']"
34,"['00:04:47,120', '00:04:49,750']",[' I make grave mistakes all the time.\n']
35,"['00:06:12,998', '00:06:16,708']","["" Heimdall, I know it's been a while,\n but I could really use a fast exit.\n""]"
36,"['00:06:20,631', '00:06:22,511']",[' Heimdall was an idiot.\n']
37,"['00:06:25,552', '00:06:27,052']","["" Now, the job ain't easy\n""]"
38,"['00:06:29,306', '00:06:33,556']",[' The Bifrost gives me access to\n everything the Nine Realms has to offer.\n']
39,"['00:06:37,439', '00:06:38,689']",[' Behold...\n']
40,"['00:06:44,196', '00:06:46,026']","["" I'm particularly fond of these.\n""]"
41,"['00:06:49,910', '00:06:52,950']",[' I even named them. Des and Troy.\n']
42,"['00:06:57,167', '00:06:58,417']",[' they destroy.\n']
43,"['00:07:39,543', '00:07:40,593']",[' Stay!\n']
44,"['00:07:45,757', '00:07:47,087']",[' Heimdall?\n']
45,"['00:07:52,890', '00:07:54,270']",[' Is that important?\n']
46,"['00:08:56,245', '00:08:57,255']",[' Girls!\n']
47,"['00:09:03,085', '00:09:06,885']",[' Thanks for scaring away my company\n and drenching my workplace in brains.\n']
48,"['00:09:08,131', '00:09:11,301']","["" Don't you remember? I'm Skurge.\n We fought together on Vanaheim.\n""]"
49,"['00:09:14,221', '00:09:16,891']","["" That traitor. No one knows.\n He's a fugitive of the throne.\n""]"
50,"['00:09:18,851', '00:09:21,441']","[' Yeah. You see, Odin charged Heimdall\n with negligence of duty\n']"
51,"['00:09:23,689', '00:09:26,009']",[' Hard to catch a guy who can see\n everything in the universe.\n']
52,"['00:09:27,150', '00:09:29,690']","["" Hold on.\n I'm supposed to announce your arrival.\n""]"
53,"['00:10:03,228', '00:10:06,058']","[' Oh, brother. This is it.\n']"
54,"['00:10:08,358', '00:10:10,488']","["" You fool, you didn't listen!\n""]"
55,"['00:10:11,862', '00:10:12,902']","[' Lady Sif, get help!\n']"
56,"['00:10:14,990', '00:10:16,410']","["" Sorry for all I've done.\n""]"
57,"['00:10:18,535', '00:10:21,905']","["" I'm sorry I tried to rule Earth.\n""]"
58,"['00:10:23,582', '00:10:26,422']","["" I'm sorry about that thing\n with the Tesseract.\n""]"
59,"['00:10:28,545', '00:10:29,745']","["" I'm a trickster.\n""]"
60,"['00:10:32,049', '00:10:34,629']",[' Sorry about that time I turned you\n into a frog.\n']
61,"['00:10:36,470', '00:10:38,510']","["" 'Twas indeed hilarious.\n""]"
62,"['00:10:41,058', '00:10:42,888']",[' - Tell my story.\n - I will.\n']
63,"['00:10:44,478', '00:10:46,188']",[' We will build a big statue for you.\n']
64,"['00:10:50,150', '00:10:52,360']",[' I will tell Father\n what you did here today.\n']
65,"['00:10:55,113', '00:10:58,123']","["" I didn't do it for him.\n""]"
66,"['00:11:12,548', '00:11:15,378']","[' And so, Loki died of his wounds,\n']"
67,"['00:11:17,636', '00:11:20,306']","[' He fought back those disgusting elves,\n']"
68,"['00:11:22,432', '00:11:24,732']","[' Loki, my boy...\n']"
69,"['00:11:29,940', '00:11:32,480']","[' On that day,\n I did not yet see in you\n']"
70,"['00:11:35,112', '00:11:39,622']",[' You were merely\n a little blue baby icicle\n']
71,"['00:11:45,873', '00:11:48,583']",[' Bravo! Bravo! Well done. Bravo.\n']
72,"['00:11:55,424', '00:11:56,474']",[' Shit.\n']
73,"['00:11:59,303', '00:12:00,803']","[' Greetings, my boy.\n']"
74,"['00:12:04,349', '00:12:08,439']",[' The Tragedy of Loki of Asgard.\n The people wanted to commemorate him.\n']
75,"['00:12:10,063', '00:12:11,403']",[' I like the statue.\n']
76,"['00:12:13,901', '00:12:15,781']","[' A little less weaselly, less greasy,\n maybe.\n']"
77,"['00:12:19,781', '00:12:22,741']","["" The skull of Surtur.\n That's a formidable weapon!\n""]"
78,"['00:12:24,620', '00:12:27,830']","["" so it doesn't turn into a giant monster\n and destroy the whole planet.\n""]"
79,"['00:12:31,084', '00:12:33,884']","["" So it's back to Midgard for you, is it?\n""]"
80,"['00:12:35,714', '00:12:38,384']","["" I've been having this reoccurring dream\n lately.\n""]"
81,"['00:12:41,512', '00:12:42,642']","["" That's just a silly dream,\n""]"
82,"['00:12:44,932', '00:12:45,932']",[' Possibly.\n']
83,"['00:12:48,185', '00:12:52,235']","[' And what do I find,\n but the Nine Realms completely in chaos.\n']"
84,"['00:12:55,526', '00:12:58,446']","[' all while you, Odin,\n the protector of those Nine Realms,\n']"
85,"['00:13:01,532', '00:13:03,782']","["" Yes, it is best\n to respect our neighbors' freedom.\n""]"
86,"['00:13:08,705', '00:13:10,785']","["" Yes, besides I've been\n rather busy myself.\n""]"
87,"['00:13:12,125', '00:13:14,035']","[' Board meetings,\n and security council meetings...\n']"
88,"['00:13:20,259', '00:13:24,009']",[' You know that nothing will stop Mjolnir\n as it returns to my hand.\n']
89,"['00:13:25,806', '00:13:28,056']","["" You've gone quite mad.\n You'll be executed for this.\n""]"
90,"['00:13:32,271', '00:13:33,611']","[' All right, I yield.\n']"
91,"['00:13:45,659', '00:13:46,869']",[' Thor...\n']
92,"['00:13:51,081', '00:13:53,041']",[' You had one job. Just the one.\n']
93,"['00:13:56,378', '00:14:00,168']","["" You just couldn't stay away, could you?\n Everything was fine without you.\n""]"
94,"['00:14:03,468', '00:14:05,308']","["" - Ask them.\n - Where's Father? Did you kill him?\n""]"
95,"['00:14:08,390', '00:14:10,810']",[' Okay. I know exactly where he is.\n']
96,"['00:14:26,658', '00:14:29,429']","[' Right here on the sidewalk, or right there\n where the building is being demolished?\n']"
97,"['00:14:30,662', '00:14:31,872']",[' How was I supposed to know?\n']
98,"['00:14:33,624', '00:14:35,544']",[' No? Then why do you dress like one?\n']
99,"['00:14:38,086', '00:14:41,086']","[' I saw you die.\n I mourned you, I cried for you.\n']"
100,"['00:14:42,966', '00:14:43,966']",[' Ask him.\n']
101,"['00:14:45,969', '00:14:46,969']",[' Sure.\n']
102,"['00:14:50,766', '00:14:51,766']","[' Oh, my God.\n']"
103,"['00:14:54,061', '00:14:55,811']","["" She didn't dump me, you know.\n""]"
104,"['00:15:00,692', '00:15:02,072']","["" What's this? What are you doing?\n""]"
105,"['00:15:07,783', '00:15:08,783']",[' Loki.\n']
106,"['00:15:46,321', '00:15:47,951']",[' God of Thunder.\n']
107,"['00:16:08,260', '00:16:10,350']","[' So, Earth has wizards now?\n']"
108,"['00:16:18,562', '00:16:19,562']",[' You can leave that now.\n']
109,"['00:16:23,901', '00:16:27,951']","[' My name is Doctor Stephen Strange,\n and I have some questions for you.\n']"
110,"['00:16:34,286', '00:16:35,366']",[' Tea?\n']
111,"['00:16:39,291', '00:16:40,501']",[' What do you drink?\n']
112,"['00:16:45,088', '00:16:48,838']","[' So, I keep a watch list of individuals\n and beings from other realms\n']"
113,"['00:16:50,469', '00:16:54,179']","[' Your adopted brother, Loki,\n is one of those beings.\n']"
114,"['00:16:58,852', '00:17:00,602']",[' Then why bring him here?\n']
115,"['00:17:02,898', '00:17:06,108']","[' So, if I were to tell you\n where Odin was,\n']"
116,"['00:17:08,779', '00:17:09,779']",[' Promptly.\n']
117,"['00:17:11,657', '00:17:13,657']","["" If you knew where he was,\n why didn't you call me?\n""]"
118,"['00:17:16,828', '00:17:18,868']",[' Your father said he had chosen\n to remain in exile.\n']
119,"['00:17:23,585', '00:17:25,205']","["" No, I don't have a phone,\n""]"
120,"['00:17:28,131', '00:17:29,971']","[' - Yeah, do you have a computer?\n - No. What for?\n']"
121,"['00:17:34,137', '00:17:36,887']","[' So if you could tell me where he is,\n I can take him home.\n']"
122,"['00:17:39,643', '00:17:45,193']","["" I'm just seeing whether this incantation\n requires any Asgardian modifications.\n""]"
123,"['00:17:47,901', '00:17:49,031']","["" We don't need that.\n""]"
124,"['00:17:58,412', '00:18:01,292']",[' I need just one strand of your hair.\n']
125,"['00:18:12,968', '00:18:14,258']",[' We could have just walked.\n']
126,"['00:18:18,891', '00:18:20,101']",[' All right.\n']
127,"['00:18:21,894', '00:18:23,064']",[' Yes.\n']
128,"['00:18:34,448', '00:18:36,198']",[' There we go.\n']
129,"['00:18:39,620', '00:18:41,120']",[' Yeah. Right.\n']
130,"['00:18:50,547', '00:18:51,797']",[' You can handle him from here.\n']
131,"['00:18:55,052', '00:18:56,052']",[' Good luck.\n']
132,"['00:18:59,056', '00:19:00,056']",[' Loki.\n']
133,"['00:19:01,558', '00:19:03,244']","["" Don't think for one minute,\n you second-rate...\n""]"
134,"['00:19:29,753', '00:19:30,843']",[' Father?\n']
135,"['00:19:40,389', '00:19:41,969']","["" Father, it's us.\n""]"
136,"['00:19:47,896', '00:19:49,146']","["" I've been waiting for you.\n""]"
137,"['00:19:51,567', '00:19:52,897']","[' Home, yes.\n']"
138,"['00:19:59,366', '00:20:00,366']",[' Do you hear it?\n']
139,"['00:20:06,623', '00:20:09,253']",[' Took me quite a while\n to break free from your spell.\n']
140,"['00:20:11,086', '00:20:12,846']","["" Come and sit with me.\n I don't have much time.\n""]"
141,"['00:20:22,139', '00:20:23,519']",[' But we can make this right.\n']
142,"['00:20:26,518', '00:20:28,768']",[' It is upon us. Ragnarok.\n']
143,"['00:20:32,774', '00:20:33,824']",[' No.\n']
144,"['00:20:37,738', '00:20:40,908']",[' My life was all that held her back.\n But my time has come.\n']
145,"['00:20:45,996', '00:20:47,536']","[' Father, who are you talking about?\n']"
146,"['00:20:52,252', '00:20:53,802']",[' My firstborn.\n']
147,"['00:20:59,009', '00:21:00,759']",[' Your what?\n']
148,"['00:21:07,226', '00:21:11,516']","["" I couldn't stop her, so I imprisoned her.\n Locked her away.\n""]"
149,"['00:21:17,027', '00:21:20,657']","[' and once she gets there,\n her powers will be limitless.\n']"
150,"['00:21:23,617', '00:21:24,617']","["" No, we won't.\n""]"
151,"['00:21:28,080', '00:21:29,540']",[' This you must face alone.\n']
152,"['00:21:36,338', '00:21:37,838']",[' Look at that.\n']
153,"['00:21:44,972', '00:21:46,472']",[' Home.\n']
154,"['00:22:35,189', '00:22:37,899']",[' This was your doing.\n']
155,"['00:23:25,364', '00:23:27,704']","["" That's a shame.\n I would've liked to have seen that.\n""]"
156,"['00:23:31,370', '00:23:32,660']","["" I'm Thor, son of Odin.\n""]"
157,"['00:23:36,792', '00:23:38,542']",[' Perhaps we can come to an arrangement.\n']
158,"['00:23:42,589', '00:23:43,669']",[' Kneel.\n']
159,"['00:23:49,513', '00:23:51,063']",[' Kneel.\n']
160,"['00:23:57,312', '00:23:58,692']","["" I don't think so.\n""]"
161,"['00:24:12,661', '00:24:16,331']","["" Darling, you have no idea\n what's possible.\n""]"
162,"['00:24:37,603', '00:24:38,603']",[' No!\n']
163,"['00:25:35,869', '00:25:37,509']",[' Who are you?\n What have you done with Thor?\n']
164,"['00:25:46,046', '00:25:47,706']","["" I'm just a janitor.\n""]"
165,"['00:25:55,264', '00:25:57,064']",[' How would you like a job?\n']
166,"['00:28:10,816', '00:28:12,186']",[' Or are you food?\n']
167,"['00:28:14,945', '00:28:16,365']",[' It is food.\n']
168,"['00:29:00,616', '00:29:01,866']","["" He's mine.\n""]"
169,"['00:29:21,011', '00:29:22,221']",[' Wait!\n']
170,"['00:29:25,724', '00:29:28,944']","[' So if you want him, you go through me.\n']"
171,"['00:29:32,314', '00:29:35,154']","[' All right, then.\n I guess I go through you.\n']"
172,"['00:30:12,855', '00:30:13,865']",[' Thank you.\n']
173,"['00:30:53,145', '00:30:54,945']","["" I've got something special.\n""]"
174,"['00:30:58,734', '00:31:00,074']",[' Answer me!\n']
175,"['00:31:01,737', '00:31:04,357']","[' I am Thor, son of Odin.\n I need to get back to Asgard.\n']"
176,"['00:31:36,271', '00:31:39,941']","["" It's come to my attention\n that you don't know who I am.\n""]"
177,"['00:31:50,619', '00:31:52,999']","[' the commander\n of the Legions of Asgard,\n']"
178,"['00:32:01,088', '00:32:03,718']",[' My father is dead.\n']
179,"['00:32:06,385', '00:32:09,855']",[' We were once the seat\n of absolute power in the cosmos.\n']
180,"['00:32:12,349', '00:32:15,439']",[' Yet Odin stopped at Nine Realms.\n']
181,"['00:32:19,857', '00:32:22,977']",[' And I am here to restore that power.\n']
182,"['00:32:26,154', '00:32:30,204']",[' and rise into the ranks\n of my great conquest.\n']
183,"['00:32:33,495', '00:32:36,495']","["" whatever you've done, surrender now!\n""]"
184,"['00:32:39,042', '00:32:43,252']",[' Whoever I am?\n Did you listen to a word I said?\n']
185,"['00:32:47,718', '00:32:49,928']","["" I thought you'd be happy to see me.\n""]"
186,"['00:33:10,115', '00:33:11,525']",[' Charge!\n']
187,"['00:34:08,257', '00:34:10,007']","["" Still, it's a shame.\n""]"
188,"['00:34:12,678', '00:34:14,968']","["" all because\n they couldn't see the future.\n""]"
189,"['00:34:18,183', '00:34:19,853']","[' Look, still alive.\n']"
190,"['00:34:29,278', '00:34:31,738']",[' Go back to whatever cave\n you crept out of.\n']
191,"['00:34:38,453', '00:34:40,503']","["" Let's go see my palace.\n""]"
192,"['00:35:15,782', '00:35:17,742']","[' You are home,\n and there is no going back.\n']"
193,"['00:35:23,290', '00:35:24,960']",[' But what is this place?\n']
194,"['00:35:30,214', '00:35:31,674']","[' Surrounded by cosmic gateways,\n']"
195,"['00:35:35,552', '00:35:39,102']",[' It is the collection point\n for all lost and unloved things.\n']
196,"['00:35:41,141', '00:35:43,891']","[' But here on Sakaar, you are significant.\n']"
197,"['00:35:45,729', '00:35:47,109']",[' Here you are loved.\n']
198,"['00:35:48,440', '00:35:51,570']",[' And no one loves you more\n than the Grandmaster.\n']
199,"['00:35:56,073', '00:35:57,243']","[' The creator of Sakaar,\n']"
200,"['00:36:00,827', '00:36:05,117']","[' Where once you were nothing,\n now you are something.\n']"
201,"['00:36:08,627', '00:36:10,087']",[' Congratulations!\n']
202,"['00:36:14,132', '00:36:15,512']",[' Prepare yourself.\n']
203,"['00:36:20,305', '00:36:23,595']",[' You are now meeting the Grandmaster.\n']
204,"['00:36:38,824', '00:36:40,084']",[' It is a he.\n']
205,"['00:36:41,326', '00:36:43,326']","[' I love when you come to visit, 142.\n']"
206,"['00:36:45,205', '00:36:48,745']","[' Whenever we get to talking, Topaz,\n about Scrapper 142,\n']"
207,"['00:36:52,629', '00:36:53,669']",[' Trash.\n']
208,"['00:36:57,342', '00:37:00,392']","[' Were you waiting just to call her that?\n It doesn\'t start with a ""B.""\n']"
209,"['00:37:04,349', '00:37:06,689']","[' I\'m so sorry. No, ""best.""\n I was thinking about ""best.""\n']"
210,"['00:37:08,228', '00:37:10,148']","[' She brought me my beloved champion,\n you know.\n']"
211,"['00:37:12,274', '00:37:13,754']",[' What have you brought today? Tell me.\n']
212,"['00:37:15,068', '00:37:16,148']",[' A what?\n']
213,"['00:37:18,488', '00:37:20,448']",[' Can you take us closer? Thank you.\n']
214,"['00:37:34,171', '00:37:35,921']",[' Just wait a damn minute.\n']
215,"['00:37:44,723', '00:37:46,393']","["" Man, he's a fighter.\n""]"
216,"['00:37:48,060', '00:37:49,100']","["" Tell her she's dreaming.\n""]"
217,"['00:37:58,237', '00:37:59,817']","["" You'll pay for this.\n""]"
218,"['00:38:03,200', '00:38:04,740']","["" Here's what I wanna know.\n""]"
219,"['00:38:07,496', '00:38:11,666']",[' I am the God of Thunder.\n']
220,"['00:38:18,924', '00:38:20,884']","["" We've located your cousin.\n""]"
221,"['00:38:23,053', '00:38:25,223']","["" Yeah, come on.\n I think you're gonna like this.\n""]"
222,"['00:38:26,473', '00:38:27,723']","[' Hey, cuz.\n']"
223,"['00:38:30,769', '00:38:31,769']",[' Hi.\n']
224,"['00:38:34,857', '00:38:35,937']",[' Please.\n']
225,"['00:38:38,318', '00:38:39,488']",[' Yeah.\n']
226,"['00:38:42,030', '00:38:43,240']",[' I pardon you.\n']
227,"['00:38:44,950', '00:38:45,950']",[' Thank you.\n']
228,"['00:38:54,877', '00:38:56,127']",[' Help me.\n']
229,"['00:38:59,756', '00:39:01,756']","["" I'm stepping in it.\n I'm stepping in it. Look!\n""]"
230,"['00:39:06,138', '00:39:07,348']",[' What does it smell like?\n']
231,"['00:39:09,766', '00:39:11,556']",[' What happened to my manners?\n']
232,"['00:39:13,562', '00:39:15,482']",[' Come on. Follow me.\n']
233,"['00:39:18,066', '00:39:21,486']",[' I preside over a little harlequinade\n called the Contest of Champions.\n']
234,"['00:39:24,531', '00:39:27,241']","[' And you, my friend,\n might just be part of the new cast.\n']"
235,"['00:39:28,493', '00:39:30,722']","["" We're not friends and I don't give a shit\n about your games.\n""]"
236,"['00:39:32,289', '00:39:33,749']",[' Ass-gard.\n']
237,"['00:39:38,795', '00:39:40,955']",[' There was a wormhole\n in space and time beneath me.\n']
238,"['00:39:44,510', '00:39:45,640']",[' Loki?\n']
239,"['00:39:48,805', '00:39:50,675']",[' Over here. Over here.\n']
240,"['00:39:55,521', '00:39:56,601']","["" - What?\n - You're alive?\n""]"
241,"['00:39:58,732', '00:40:00,877']","["" What do you mean, what am I doing?\n I'm stuck in this stupid chair.\n""]"
242,"['00:40:02,611', '00:40:04,339']","["" - Get me out of this one. Get me out.\n - I can't.\n""]"
243,"['00:40:05,739', '00:40:07,425']","["" I've made friends with this man.\n He's called the Grandmaster.\n""]"
244,"['00:40:08,951', '00:40:10,591']",[' The Bifrost brought me out here\n weeks ago.\n']
245,"['00:40:11,995', '00:40:12,995']",[' I just got here.\n']
246,"['00:40:15,457', '00:40:17,217']",[' Time works real different\n around these parts.\n']
247,"['00:40:20,587', '00:40:22,207']",[' But here on Sakaar...\n']
248,"['00:40:30,472', '00:40:31,832']",[' You call yourself Lord of Thunder?\n']
249,"['00:40:34,393', '00:40:36,063']","["" I've never met this man in my life.\n""]"
250,"['00:40:38,021', '00:40:39,151']",[' Is he any kind of a fighter?\n']
251,"['00:40:41,608', '00:40:43,318']","["" Now, listen to that.\n He's threatening me.\n""]"
252,"['00:40:45,612', '00:40:47,862']","[' If you wanna get back to Ass-place,\n Assberg...\n']"
253,"['00:40:49,032', '00:40:52,122']","[' Any contender who defeats my champion,\n']"
254,"['00:40:54,204', '00:40:57,424']","["" Fine. Then point me in the direction\n of whoever's ass I have to kick!\n""]"
255,"['00:41:00,294', '00:41:02,714']","[' Direction would be this way, Lord.\n']"
256,"['00:41:10,596', '00:41:12,256']","[' Hey. Take it easy, man.\n']"
257,"['00:41:15,100', '00:41:16,690']",[' The pile of rocks waving at you. Here.\n']
258,"['00:41:19,563', '00:41:20,623']",[' Allow me to introduce myself.\n']
259,"['00:41:22,816', '00:41:26,236']","["" I'm made of rocks, as you can see.\n But don't let that intimidate you.\n""]"
260,"['00:41:29,489', '00:41:31,779']",[' Just a little rock-paper-scissor joke\n for you.\n']
261,"['00:41:34,870', '00:41:37,620']","["" He's an insect and has knives for hands.\n""]"
262,"['00:41:39,875', '00:41:42,465']","["" - That I am.\n - How'd you end up in here?\n""]"
263,"['00:41:45,756', '00:41:49,926']","[' So hardly anyone turned up, except for\n my mum and her boyfriend, who I hate.\n']"
264,"['00:41:54,097', '00:41:55,697']","[' Bit of a promotional disaster, that one.\n']"
265,"['00:41:58,602', '00:42:00,663']","["" I don't know if you'd be interested\n in something like that.\n""]"
266,"['00:42:04,775', '00:42:05,865']",[' How did you...\n']
267,"['00:42:08,904', '00:42:12,074']","[' But not a real circle,\n more like a freaky circle.\n']"
268,"['00:42:15,077', '00:42:18,077']",[' The only thing that does make sense\n is that nothing makes sense.\n']
269,"['00:42:20,749', '00:42:21,829']",[' Doug has.\n']
270,"['00:42:23,168', '00:42:24,338']","["" Our luck, Doug's dead.\n""]"
271,"['00:42:25,587', '00:42:28,007']","["" Everyone who fights\n the Grandmaster's champion perishes.\n""]"
272,"['00:42:29,925', '00:42:32,595']",[' Perishable rock.\n There you go. Another one gone.\n']
273,"['00:42:36,765', '00:42:38,515']","["" Wait. You're not gonna face him,\n are you?\n""]"
274,"['00:42:40,310', '00:42:43,560']","[' Gonna fight him, win,\n and get the hell out of this place.\n']"
275,"['00:42:46,275', '00:42:48,115']","[' See you later, new Doug.\n']"
276,"['00:43:00,330', '00:43:02,790']",[' Has no one been taught our history?\n']
277,"['00:43:10,549', '00:43:12,009']",[' Goblets and garden parties?\n']
278,"['00:43:16,680', '00:43:17,930']",[' Odin...\n']
279,"['00:43:19,892', '00:43:21,272']",[' ashamed of how he got it.\n']
280,"['00:43:42,789', '00:43:47,379']","["" I was his weapon in the conquest\n that built Asgard's empire.\n""]"
281,"['00:43:53,675', '00:43:57,885']","[' But then,\n simply because my ambition outgrew his,\n']"
282,"['00:44:02,976', '00:44:05,766']","["" Before that,\n Asgard's warriors were honored,\n""]"
283,"['00:44:20,702', '00:44:22,502']","["" - Odin's treasures.\n - Fake.\n""]"
284,"['00:44:27,793', '00:44:29,003']",[' Or weak.\n']
285,"['00:44:34,174', '00:44:36,054']","["" That's not bad.\n""]"
286,"['00:44:38,095', '00:44:40,225']",[' The Eternal Flame.\n']
287,"['00:45:39,573', '00:45:42,243']","[' Fenris, my darling,\n what have they done to you?\n']"
288,"['00:46:04,389', '00:46:06,309']","["" I've missed you.\n""]"
289,"['00:46:11,772', '00:46:12,812']","[' Odin,\n']"
290,"['00:46:16,527', '00:46:18,897']",[' where the brave shall live forever.\n']
291,"['00:46:22,908', '00:46:25,618']",[' for those that have died\n the glorious death.\n']
292,"['00:46:35,254', '00:46:36,254']",[' Being lied to.\n']
293,"['00:46:45,556', '00:46:47,676']","["" You didn't think\n I'd really come and see you, did you?\n""]"
294,"['00:46:52,354', '00:46:54,234']","["" Does this mean you don't want my help?\n""]"
295,"['00:46:56,567', '00:46:59,527']","["" It took me time to win his trust.\n He's a lunatic, but he can be amenable.\n""]"
296,"['00:47:03,115', '00:47:07,745']","[' Perhaps, in time, an accident befalls\n the Grandmaster, and then...\n']"
297,"['00:47:18,589', '00:47:22,719']",[' Our sister destroyed your hammer\n like a piece of glass.\n']
298,"['00:47:25,596', '00:47:27,006']","["" You don't stand a chance.\n""]"
299,"['00:47:33,770', '00:47:34,850']",[' Fine.\n']
300,"['00:47:40,986', '00:47:41,986']","["" Like I've always done.\n""]"
301,"['00:47:48,952', '00:47:50,502']",[' Say something!\n']
302,"['00:47:54,208', '00:47:56,418']","[' You faked your own death,\n']"
303,"['00:47:59,254', '00:48:02,554']","[' stranded him on Earth to die,\n releasing the Goddess of Death.\n']"
304,"['00:48:08,055', '00:48:11,645']","["" You know, I haven't seen this\n beloved champion he talks of,\n""]"
305,"['00:48:14,520', '00:48:17,190']","["" I've placed a large wager against you\n tomorrow.\n""]"
306,"['00:48:23,529', '00:48:25,029']","[' Piss off, ghost!\n']"
307,"['00:48:37,376', '00:48:38,376']",[' Yuck!\n']
308,"['00:48:40,754', '00:48:43,474']","[' Guys, can you clean up the weapons\n once you finish your fight?\n']"
309,"['00:48:46,260', '00:48:47,430']","[' Thor,\n']"
310,"['00:48:50,097', '00:48:51,097']",[' No.\n']
311,"['00:48:52,474', '00:48:55,984']","["" Unless you're fighting off three vampires\n that were huddled together.\n""]"
312,"['00:48:58,730', '00:48:59,730']",[' Hammer?\n']
313,"['00:49:00,899', '00:49:03,609']",[' It was made from this special metal\n from the heart of a dying star.\n']
314,"['00:49:07,114', '00:49:08,244']",[' You rode a hammer?\n']
315,"['00:49:10,117', '00:49:11,437']",[' The hammer rode you on your back?\n']
316,"['00:49:15,122', '00:49:17,122']","[' Oh, my God. A hammer pulled you off?\n']"
317,"['00:49:21,170', '00:49:24,170']","[' Every time I threw it,\n it would always come back to me.\n']"
318,"['00:49:27,176', '00:49:30,296']",[' and that losing it was almost comparable\n to losing a loved one.\n']
319,"['00:49:35,058', '00:49:36,428']","["" I said they're mine.\n""]"
320,"['00:49:39,938', '00:49:42,108']",[' Yeah. Scrapper 142.\n']
321,"['00:49:44,484', '00:49:46,154']",[' They are hard to perish.\n']
322,"['00:49:49,323', '00:49:50,323']",[' Hey.\n']
323,"['00:49:52,201', '00:49:53,201']",[' Hey.\n']
324,"['00:49:57,831', '00:49:59,251']",[' Asgard is in danger.\n']
325,"['00:50:06,757', '00:50:08,610']","[' I used to wanna be a Valkyrie\n when I was younger,\n']"
326,"['00:50:11,136', '00:50:13,417']","["" There's nothing wrong with women,\n of course. I love women.\n""]"
327,"['00:50:15,182', '00:50:18,182']","[' Not in a creepy way,\n just more of a respectful appreciation.\n']"
328,"['00:50:22,981', '00:50:24,481']","["" It's about time.\n""]"
329,"['00:50:27,152', '00:50:28,213']","["" Lord of Thunder, you're up.\n""]"
330,"['00:50:29,363', '00:50:30,363']",[' Bye.\n']
331,"['00:50:32,866', '00:50:35,196']",[' Because the Valkyrie is sworn to protect\n the throne.\n']
332,"['00:50:39,373', '00:50:41,213']","["" And I'm a Scrapper, not a Valkyrie.\n""]"
333,"['00:50:46,588', '00:50:50,468']","["" And no one escapes this place.\n So you're gonna die anyway.\n""]"
334,"['00:51:04,106', '00:51:06,726']","["" My hands ain't as steady\n as they used to be.\n""]"
335,"['00:51:10,070', '00:51:12,490']",[' lest you feel the wrath\n of the mighty Thor.\n']
336,"['00:51:20,664', '00:51:22,044']",[' Please! No!\n']
337,"['00:51:35,554', '00:51:39,894']",[' Look at all of you.\n What a show! What a night!\n']
338,"['00:51:42,227', '00:51:44,187']","["" Please, I'm your host.\n""]"
339,"['00:51:47,733', '00:51:50,533']",[' who today died so gruesomely.\n']
340,"['00:51:52,070', '00:51:53,740']",[' What a show! What a night!\n']
341,"['00:52:03,790', '00:52:06,790']","[' And now, without further ado,\n']"
342,"['00:52:11,173', '00:52:14,513']","[' Making his first appearance,\n though he looks quite promising,\n']"
343,"['00:52:17,095', '00:52:19,715']","["" I'll say no more, see what you think.\n""]"
344,"['00:52:22,392', '00:52:24,602']",[' Lord of Thunder.\n']
345,"['00:52:50,796', '00:52:51,916']","[' Okay, this is it.\n']"
346,"['00:53:03,851', '00:53:05,311']",[' He is a creature.\n']
347,"['00:53:07,354', '00:53:09,234']","["" Well, he's unique.\n There's none like him.\n""]"
348,"['00:53:13,694', '00:53:14,944']","["" He's undefeated.\n""]"
349,"['00:53:20,325', '00:53:22,485']","["" He's the defending.\n""]"
350,"['00:53:24,204', '00:53:25,254']",[' I give you...\n']
351,"['00:53:37,718', '00:53:39,428']",[' Hulk!\n']
352,"['00:53:45,434', '00:53:47,394']",[' I have to get off this planet.\n']
353,"['00:53:57,988', '00:53:59,278']",[' Hey!\n']
354,"['00:54:01,700', '00:54:03,700']","["" He's a friend from work.\n""]"
355,"['00:54:14,463', '00:54:16,593']",[' Everybody thought you were dead.\n']
356,"['00:54:19,551', '00:54:20,971']",[' I lost my hammer.\n']
357,"['00:54:24,348', '00:54:26,678']","["" Loki. Loki's alive. Can you believe it?\n""]"
358,"['00:54:28,101', '00:54:30,151']",[' Loki! Look who it is!\n']
359,"['00:54:34,608', '00:54:36,858']","["" but I'm happy to see you.\n""]"
360,"['00:54:45,494', '00:54:46,494']",[' Banner.\n']
361,"['00:54:49,248', '00:54:51,368']",[' No Banner. Only Hulk.\n']
362,"['00:54:53,418', '00:54:54,918']","["" It's me. It's Thor!\n""]"
363,"['00:55:16,567', '00:55:18,127']","["" This is crazy.\n I don't want to hurt you!\n""]"
364,"['00:55:46,346', '00:55:47,466']",[' What?\n']
365,"['00:56:01,278', '00:56:03,318']","["" The sun's getting real low.\n""]"
366,"['00:56:19,671', '00:56:21,631']","["" I won't hurt you anymore.\n""]"
367,"['00:56:35,145', '00:56:36,145']",[' Yes!\n']
368,"['00:56:38,774', '00:56:40,614']","["" I'm just a huge fan of the sport.\n""]"
369,"['00:57:02,381', '00:57:04,671']","["" I know you're in there, Banner.\n I'll get you out!\n""]"
370,"['00:57:16,061', '00:57:17,271']",[' I told them we were friends!\n']
371,"['00:58:53,325', '00:58:58,205']",[' Thunder! Thunder! Thunder!\n']
372,"['00:59:41,373', '00:59:43,673']",[' What is that noise?\n']
373,"['00:59:46,753', '00:59:50,553']","["" There's a resistance trying to knock down\n the front gates.\n""]"
374,"['00:59:58,140', '01:00:00,680']","[' Well, me dad was a stonemason.\n Me mum was...\n']"
375,"['01:00:04,897', '01:00:06,517']","["" what's your ambition?\n""]"
376,"['01:00:11,653', '01:00:12,783']",[' Recognition.\n']
377,"['01:00:14,489', '01:00:18,119']",[' every great king had an executioner.\n']
378,"['01:00:20,495', '01:00:23,075']",[' but also to execute their vision.\n']
379,"['01:00:27,085', '01:00:29,085']","[' Still, it was a great honor.\n']"
380,"['01:00:34,801', '01:00:39,061']",[' And you shall be my executioner.\n']
381,"['01:00:57,908', '01:00:59,528']","["" Skurge, where's the sword?\n""]"
382,"['01:01:09,044', '01:01:12,634']","["" Those people you mentioned,\n the ones who aren't falling into line...\n""]"
383,"['01:01:38,198', '01:01:39,198']",[' Excuse me.\n']
384,"['01:01:55,924', '01:01:57,014']",[' Come on.\n']
385,"['01:03:43,198', '01:03:44,198']",[' Are we cool?\n']
386,"['01:03:50,831', '01:03:52,421']",[' So how long\n have you been like that?\n']
387,"['01:03:54,877', '01:03:58,047']","[' Like this. Big, and green, and stupid.\n']"
388,"['01:04:05,971', '01:04:07,391']","["" How'd you get here?\n""]"
389,"['01:04:10,017', '01:04:11,057']",[' You mean cheating?\n']
390,"['01:04:13,604', '01:04:14,904']","["" How'd you arrive here?\n""]"
391,"['01:04:19,067', '01:04:21,647']","[' Yes. Now, where is the Quinjet now?\n']"
392,"['01:04:28,535', '01:04:30,245']","["" He's very naked.\n""]"
393,"['01:04:36,793', '01:04:38,043']",[' Quinjet.\n']
394,"['01:04:50,057', '01:04:51,557']","["" I'm getting us out of here.\n""]"
395,"['01:04:54,311', '01:04:58,021']","["" You're gonna love Asgard.\n It's big. It's golden. Shiny.\n""]"
396,"['01:04:59,733', '01:05:03,153']","[' No, no, no. My people need me\n to get back to Asgard.\n']"
397,"['01:05:05,822', '01:05:06,992']",[' Ragnarok?\n']
398,"['01:05:12,579', '01:05:14,749']","[' If you help me get back to Asgard,\n']"
399,"['01:05:17,251', '01:05:18,251']",[' Earth hate Hulk.\n']
400,"['01:05:20,170', '01:05:22,880']","["" You're one of the Avengers.\n One of the team, one of our friends.\n""]"
401,"['01:05:25,467', '01:05:26,627']","["" You're Banner's friend.\n""]"
402,"['01:05:29,179', '01:05:30,179']","["" Banner's friend.\n""]"
403,"['01:05:31,390', '01:05:34,270']","[' ""I\'m into numbers and science\n and stuff.""\n']"
404,"['01:05:36,562', '01:05:37,562']",[' Fine.\n']
405,"['01:05:40,774', '01:05:42,484']","["" Stupid place. It's hideous, by the way.\n""]"
406,"['01:05:46,905', '01:05:48,155']",[' Smash you.\n']
407,"['01:05:50,784', '01:05:52,914']","[' - I smashed you.\n - Yeah, sure, sure.\n']"
408,"['01:05:54,997', '01:05:55,997']",[' Baby.\n']
409,"['01:05:57,958', '01:05:58,958']",[' Thor go!\n']
410,"['01:06:05,007', '01:06:06,467']",[' Thor go again.\n']
411,"['01:06:22,566', '01:06:24,146']",[' Hulk trains.\n']
412,"['01:06:26,570', '01:06:28,200']","[' - Hey, big guy.\n - Angry girl.\n']"
413,"['01:06:29,823', '01:06:30,823']",[' Winning.\n']
414,"['01:06:45,756', '01:06:47,756']",[' I need you to help me.\n']
415,"['01:07:01,396', '01:07:03,896']","["" I see you, but you're far away.\n""]"
416,"['01:07:06,235', '01:07:07,615']",[' Come see for yourself.\n']
417,"['01:07:13,283', '01:07:16,703']","[' But if the garrison falls,\n our only escape is Bifrost.\n']"
418,"['01:07:22,000', '01:07:24,130']","["" We won't last long if we stay.\n""]"
419,"['01:07:27,464', '01:07:28,594']",[' Come on.\n']
420,"['01:07:34,221', '01:07:37,271']","["" If I let her leave, she'll consume\n Nine Realms and all the cosmos.\n""]"
421,"['01:07:38,642', '01:07:41,042']","["" I'm working on it. But I don't even know\n where the hell I am.\n""]"
422,"['01:07:43,522', '01:07:45,442']",[' - Which one?\n - The big one.\n']
423,"['01:08:16,054', '01:08:17,264']",[' Shut up.\n']
424,"['01:08:22,227', '01:08:24,017']","["" I'm not sad, you idiot.\n""]"
425,"['01:08:27,149', '01:08:29,779']",[' Angry. I lost my father.\n']
426,"['01:08:33,405', '01:08:36,275']","["" - Whining and crying. Cry like baby.\n - You're not even listening.\n""]"
427,"['01:08:39,578', '01:08:41,748']","["" You're being a really bad friend.\n""]"
428,"['01:08:43,290', '01:08:44,610']",[' - You know what we call you?\n - No.\n']
429,"['01:08:46,627', '01:08:48,547']","["" You're tiny Avenger!\n""]"
430,"['01:08:52,591', '01:08:53,591']",[' Yes.\n']
431,"['01:09:16,823', '01:09:17,873']",[' No.\n']
432,"['01:09:24,706', '01:09:28,336']","["" You're not the stupid Avenger.\n Nobody calls you the stupid Avenger.\n""]"
433,"['01:09:30,546', '01:09:33,107']","["" You just can't go around throwing shields\n at people. Could have killed me.\n""]"
434,"['01:09:36,009', '01:09:38,139']","[' Hulk always, always angry.\n']"
435,"['01:09:41,139', '01:09:42,739']","["" We're just a couple of hot-headed fools.\n""]"
436,"['01:09:47,771', '01:09:49,481']","["" We're kind of both like fire.\n""]"
437,"['01:09:52,693', '01:09:55,033']",[' Hulk like raging fire.\n']
438,"['01:09:59,950', '01:10:01,790']","[' Hulk, I need you to do something for me.\n']"
439,"['01:10:17,217', '01:10:19,467']","["" What's going on? What are you...\n""]"
440,"['01:10:30,522', '01:10:33,501']","["" when someone's hiding all the way across\n the universe and wants to be left alone?\n""]"
441,"['01:10:36,904', '01:10:37,954']",[' I need her to stay.\n']
442,"['01:10:39,740', '01:10:40,870']",[' Block.\n']
443,"['01:10:44,244', '01:10:46,084']",[' - Please.\n - Please.\n']
444,"['01:10:51,960', '01:10:53,800']","["" Here's the deal.\n""]"
445,"['01:10:56,798', '01:10:58,168']",[' till this is empty.\n']
446,"['01:11:02,054', '01:11:03,774']",[' We need to get back there.\n I need your help.\n']
447,"['01:11:09,228', '01:11:10,598']",[' Odin is dead.\n']
448,"['01:11:17,027', '01:11:19,607']","["" If Hela's back,\n then Asgard's already lost.\n""]"
449,"['01:11:22,032', '01:11:23,122']",[' - Alone?\n - Nope.\n']
450,"['01:11:24,826', '01:11:27,576']","["" It's me, you, and the big guy.\n""]"
451,"['01:11:30,332', '01:11:32,002']","["" It's me and you.\n""]"
452,"['01:11:33,460', '01:11:35,670']","[' Please, listen.\n The Valkyrie are legend.\n']"
453,"['01:11:39,049', '01:11:41,729']","["" I'm not getting dragged into\n another one of Odin's family squabbles.\n""]"
454,"['01:11:43,804', '01:11:45,724']","[' Her power comes from Asgard,\n same as yours.\n']"
455,"['01:11:48,559', '01:11:50,059']",[' and tried to seize the throne.\n']
456,"['01:11:52,354', '01:11:54,734']",[' he sent the Valkyrie in\n to fight her back.\n']
457,"['01:11:59,611', '01:12:02,991']","[' Look, I already faced her once\n back when I believed in the throne,\n']"
458,"['01:12:04,783', '01:12:06,533']","["" That's what's wrong with Asgard.\n""]"
459,"['01:12:08,912', '01:12:10,212']",[' I agree.\n']
460,"['01:12:13,000', '01:12:14,380']",[' I agree.\n']
461,"['01:12:16,211', '01:12:19,341']","["" But this isn't about the crown.\n This is about the people.\n""]"
462,"['01:12:21,675', '01:12:22,675']",[' Forget it.\n']
463,"['01:12:25,512', '01:12:26,722']",[' - Okay.\n - Okay.\n']
464,"['01:12:28,265', '01:12:29,275']",[' Thank you.\n']
465,"['01:12:33,353', '01:12:34,563']","["" Didn't see that, did you?\n""]"
466,"['01:12:39,943', '01:12:41,703']","[' You know, go ahead.\n']"
467,"['01:12:46,533', '01:12:47,913']","[' Keep drinking, keep hiding.\n']"
468,"['01:12:51,371', '01:12:54,501']",[' I choose to run toward my problems\n and not away from them.\n']
469,"['01:13:01,882', '01:13:04,012']","["" Because that's what heroes do.\n""]"
470,"['01:13:28,909', '01:13:30,239']",[' Yes!\n']
471,"['01:13:49,763', '01:13:50,763']",[' Come on.\n']
472,"['01:13:55,811', '01:13:56,981']",[' Thor.\n']
473,"['01:13:59,940', '01:14:01,480']","[' Thor, son of Odin.\n']"
474,"['01:14:02,901', '01:14:03,941']",[' God of Thunder.\n']
475,"['01:14:05,529', '01:14:06,649']",[' Strongest Avenger.\n']
476,"['01:14:08,323', '01:14:09,873']",[' Strongest Avenger.\n']
477,"['01:14:12,327', '01:14:13,787']","[' Damn you, Stark.\n']"
478,"['01:14:15,497', '01:14:17,707']","[' Welcome, Point Break.\n']"
479,"['01:14:21,420', '01:14:22,420']","[' No, no, no!\n']"
480,"['01:14:23,630', '01:14:24,630']",[' Stay!\n']
481,"['01:14:27,092', '01:14:28,592']","["" Don't go!\n""]"
482,"['01:14:33,348', '01:14:36,808']","["" We don't know where Ultron's headed,\n but you're going very high, very fast.\n""]"
483,"['01:14:39,396', '01:14:41,936']","["" We can't track you in stealth mode,\n""]"
484,"['01:14:47,487', '01:14:49,027']",[' I need you to...\n']
485,"['01:15:14,932', '01:15:16,272']","[' Oh, jeez.\n']"
486,"['01:15:19,811', '01:15:21,351']","[' Hey, hey, hey.\n']"
487,"['01:15:25,526', '01:15:27,396']","["" Sun's going down. Sun's going down.\n""]"
488,"['01:15:30,447', '01:15:31,867']","["" I won't hurt you.\n""]"
489,"['01:15:33,700', '01:15:35,120']",[' - Thor.\n - Yeah.\n']
490,"['01:15:37,496', '01:15:38,826']",[' Some creepy old man cut it off.\n']
491,"['01:15:40,624', '01:15:42,964']","["" Where are we? How's Nat?\n""]"
492,"['01:15:46,296', '01:15:48,046']",[' - And what about Sokovia?\n - Sokovia?\n']
493,"['01:15:49,883', '01:15:51,053']","[' - Banner, listen.\n - What?\n']"
494,"['01:15:53,387', '01:15:54,887']",[' What are you saying?\n']
495,"['01:15:56,974', '01:15:58,394']","["" I've been Hulk for two years?\n""]"
496,"['01:16:06,191', '01:16:07,401']",[' What the hell happened?\n']
497,"['01:16:14,867', '01:16:15,947']",[' Voice activation required.\n']
498,"['01:16:17,286', '01:16:18,826']","[' Welcome, strongest Avenger.\n']"
499,"['01:16:20,080', '01:16:21,120']","["" Ship's log.\n""]"
500,"['01:16:34,303', '01:16:35,353']","[' Yeah, about that.\n']"
501,"['01:16:38,807', '01:16:41,597']",[' My beloved exalted champion\n has turned up missing.\n']
502,"['01:16:44,354', '01:16:45,364']","["" Who's that?\n""]"
503,"['01:16:47,774', '01:16:49,252']",[' You actually lived at his house\n for awhile.\n']
504,"['01:16:50,485', '01:16:52,645']","["" Quite a lot's happened.\n You and I had a fight recently.\n""]"
505,"['01:16:55,157', '01:16:56,157']","["" Doesn't sound right.\n""]"
506,"['01:16:57,367', '01:17:02,037']",[' It seems that that criminally seductive\n Lord of Thunder has stolen him away.\n']
507,"['01:17:05,459', '01:17:06,459']","[' Oh, no.\n']"
508,"['01:17:09,630', '01:17:11,670']","[' This is really, really bad.\n']"
509,"['01:17:18,555', '01:17:19,555']","[' No, no, no.\n']"
510,"['01:17:21,725', '01:17:22,765']","["" These are Tony's clothes.\n""]"
511,"['01:17:24,394', '01:17:26,414']","["" No, he's not here.\n But listen. Just stay calm, okay?\n""]"
512,"['01:17:37,407', '01:17:39,277']","["" I'm upset!\n""]"
513,"['01:17:44,331', '01:17:46,421']",[' You know what I like about being upset?\n The blame.\n']
514,"['01:17:50,128', '01:17:51,668']","[' - Grandmaster, I can...\n - Hey!\n']"
515,"['01:17:52,965', '01:17:54,055']",[' Here you go.\n']
516,"['01:17:56,343', '01:17:58,183']",[' He was interrupting.\n']
517,"['01:18:00,264', '01:18:01,644']",[' Where was I?\n']
518,"['01:18:04,643', '01:18:07,903']","["" and it's all because of that\n Lord of Thunder. It's all because of him.\n""]"
519,"['01:18:09,147', '01:18:12,067']","[' Whatever the story is.\n Adopted, or complicated, or you know.\n']"
520,"['01:18:13,402', '01:18:14,572']",[' And your contender...\n']
521,"['01:18:16,530', '01:18:19,820']","[' if you were to give me 12 hours, I could\n bring them both back to you. Alive.\n']"
522,"['01:18:22,369', '01:18:23,449']",[' I could do it in one.\n']
523,"['01:18:24,830', '01:18:28,500']",[' You know what? I woke up this morning\n thinking about a public execution.\n']
524,"['01:18:30,752', '01:18:33,552']","[' ""Who\'s gonna get him first?""\n']"
525,"['01:18:39,052', '01:18:40,142']",[' What have you done?\n']
526,"['01:18:41,722', '01:18:42,722']","["" It's Loki.\n""]"
527,"['01:18:47,561', '01:18:50,481']",[' Why would you help my brother escape\n with that green fool?\n']
528,"['01:18:58,530', '01:18:59,660']","["" You're a Valkyrie.\n""]"
529,"['01:19:07,956', '01:19:09,666']",[' Choose your next words wisely.\n']
530,"['01:20:05,764', '01:20:08,354']","["" The sun's going down.\n It's getting really low.\n""]"
531,"['01:20:11,186', '01:20:12,436']","[' Oh, shoot.\n']"
532,"['01:20:14,898', '01:20:16,068']",[' I just need you to stay calm.\n']
533,"['01:20:18,318', '01:20:20,213']","["" It's just a planet.\n You've been on a planet before.\n""]"
534,"['01:20:21,446', '01:20:23,166']","["" Now you've been on two.\n That's a good thing.\n""]"
535,"['01:20:24,616', '01:20:28,696']","["" My neurons, they're firing faster\n than my brain can handle the information.\n""]"
536,"['01:20:31,290', '01:20:34,580']","[' In the past, I always felt like Hulk\n and I each had a hand on the wheel.\n']"
537,"['01:20:38,338', '01:20:40,316']","["" All right, well, you're back now.\n That's all that matters.\n""]"
538,"['01:20:41,592', '01:20:44,342']","["" What I'm trying to tell you, is that\n if I turn into the Hulk again,\n""]"
539,"['01:20:46,180', '01:20:49,470']","["" And we're stranded on a planet\n that is designed to stress me out.\n""]"
540,"['01:20:52,644', '01:20:53,654']",[' Thank you.\n']
541,"['01:20:56,106', '01:20:57,146']",[' What?\n']
542,"['01:20:59,526', '01:21:01,776']","[' You and I, we have to fight\n this really powerful being,\n']"
543,"['01:21:03,947', '01:21:05,657']","[' Okay, that is so wrong on so many...\n']"
544,"['01:21:08,493', '01:21:09,873']","["" No, she's an evil being.\n""]"
545,"['01:21:11,580', '01:21:13,920']","["" I'm not fighting any more beings.\n I'm sick of it.\n""]"
546,"['01:21:15,334', '01:21:18,134']","[' If I turn into the Hulk,\n I am never gonna come back again.\n']"
547,"['01:21:19,505', '01:21:21,305']","["" No, no. I'm putting together the team.\n""]"
548,"['01:21:22,966', '01:21:24,766']","["" Wait, you're just using me\n to get to the Hulk.\n""]"
549,"['01:21:26,595', '01:21:28,395']","["" You don't care about me.\n You're not my friend.\n""]"
550,"['01:21:31,767', '01:21:33,267']","[' ""Smash, smash, smash.""\n']"
551,"['01:21:35,687', '01:21:36,687']",[' Thanks.\n']
552,"['01:21:40,442', '01:21:41,862']",[' he is very powerful and useful.\n']
553,"['01:21:44,154', '01:21:45,284']",[' Is he though?\n']
554,"['01:21:47,741', '01:21:49,661']",[' How many PhDs does Banner have?\n Seven.\n']
555,"['01:21:52,579', '01:21:54,539']","["" But we're in danger here,\n so we have to move.\n""]"
556,"['01:21:59,711', '01:22:00,772']","["" I need a disguise. I'm a fugitive.\n""]"
557,"['01:22:03,298', '01:22:05,008']","["" - I'll be Tony Stark.\n - What?\n""]"
558,"['01:22:07,094', '01:22:09,554']","["" No, no, you're not Tony.\n You're Bruce. Bruce Banner.\n""]"
559,"['01:22:11,181', '01:22:12,181']",[' Because you were naked.\n']
560,"['01:22:14,393', '01:22:15,662']",[' What are you doing?\n Stop doing that!\n']
561,"['01:22:17,312', '01:22:18,362']","["" - Stop it!\n - I'm sorry.\n""]"
562,"['01:22:20,732', '01:22:23,072']",[' Maybe the fact that I was trapped\n for two years\n']
563,"['01:22:25,988', '01:22:27,658']","["" Hey. It's okay.\n""]"
564,"['01:22:30,367', '01:22:31,827']","["" Listen, we're gonna go to Asgard\n""]"
565,"['01:22:34,538', '01:22:35,538']",[' All right.\n']
566,"['01:22:48,760', '01:22:50,180']",[' Banner! Banner!\n']
567,"['01:23:09,031', '01:23:10,071']",[' Banner!\n']
568,"['01:23:23,253', '01:23:24,253']",[' Hi.\n']
569,"['01:23:25,422', '01:23:26,632']",[' I was gonna do that.\n']
570,"['01:23:28,258', '01:23:30,258']","["" That's good. What are you doing here?\n""]"
571,"['01:23:32,930', '01:23:33,930']",[' I got sidetracked.\n']
572,"['01:23:35,807', '01:23:37,057']","["" It's my disguise.\n""]"
573,"['01:23:38,644', '01:23:40,404']","["" Not when I do this, you can't.\n""]"
574,"['01:23:50,447', '01:23:53,237']","["" What are those things on her eyes?\n Are those people that she's killed?\n""]"
575,"['01:23:55,118', '01:23:56,118']",[' Who is this guy?\n']
576,"['01:23:57,329', '01:23:58,809']","["" - I'm Bruce.\n - I feel like I know you.\n""]"
577,"['01:24:05,504', '01:24:08,634']","["" Look, I've spent years in a haze,\n trying to forget my past.\n""]"
578,"['01:24:13,303', '01:24:16,603']","[' I was thinking that you drink too much,\n and that probably was gonna kill you.\n']"
579,"['01:24:18,767', '01:24:20,187']","["" But I don't wanna forget.\n""]"
580,"['01:24:22,604', '01:24:24,404']","["" so if I'm gonna die,\n""]"
581,"['01:24:27,901', '01:24:29,491']",[' - Good.\n - Yeah.\n']
582,"['01:24:33,240', '01:24:34,490']",[' Has it got a name?\n']
583,"['01:24:37,619', '01:24:38,619']",[' Revengers?\n']
584,"['01:24:43,041', '01:24:44,381']",[' Do you want revenge?\n']
585,"['01:24:46,920', '01:24:47,920']",[' Okay.\n']
586,"['01:24:53,594', '01:24:55,604']",[' Surprise.\n']
587,"['01:25:07,608', '01:25:08,778']","[' Hello, Bruce.\n']"
588,"['01:25:13,363', '01:25:14,573']",[' Where are you at these days?\n']
589,"['01:25:17,993', '01:25:19,543']",[' Is that a Dragonfang?\n']
590,"['01:25:20,954', '01:25:22,124']",[' My God.\n']
591,"['01:25:25,250', '01:25:28,460']","[' So, Sakaar and Asgard are about as far\n apart as any two known systems.\n']"
592,"['01:25:31,423', '01:25:35,053']","[' Refuel on Xandar, and\n we can be back in Asgard in 18 months.\n']"
593,"['01:25:38,639', '01:25:39,759']","["" The Devil's Anus?\n""]"
594,"['01:25:41,225', '01:25:42,368']","[' Wait, wait, wait. Whose anus?\n']"
595,"['01:25:44,436', '01:25:46,266']",[' That looks like\n a collapsing neutron star\n']
596,"['01:25:49,066', '01:25:51,856']",[' We need another ship.\n That will tear mine to pieces.\n']
597,"['01:25:53,070', '01:25:55,006']",[' withstand the geodetic strain\n from the singularity.\n']
598,"['01:25:56,949', '01:25:59,699']",[' that could also function\n without the onboard computer.\n']
599,"['01:26:03,121', '01:26:05,041']",[' Do I know you? I feel like I know you.\n']
600,"['01:26:07,251', '01:26:08,381']",[' What do you say?\n']
601,"['01:26:11,171', '01:26:12,381']",[' Talk about an adventure.\n']
602,"['01:26:14,800', '01:26:17,028']",[' There are one or two ships.\n Absolute top of the line models...\n']
603,"['01:26:21,765', '01:26:23,475']",[' But the Grandmaster\n has a great many ships.\n']
604,"['01:26:27,771', '01:26:30,208']","["" And suddenly you're overcome\n with an urge to do the right thing.\n""]"
605,"['01:26:31,358', '01:26:33,002']","["" I've run out of favor\n with the Grandmaster,\n""]"
606,"['01:26:35,153', '01:26:38,413']","["" I'm asking for safe passage\n through the Anus.\n""]"
607,"['01:26:41,326', '01:26:43,076']",[' without setting off any alarms?\n']
608,"['01:26:45,080', '01:26:47,830']","[' Okay, can I just... A quick FYI.\n']"
609,"['01:26:49,835', '01:26:52,345']",[' and he was totally ready\n to kill any of us.\n']
610,"['01:26:53,839', '01:26:55,669']","[' Yes, me too. On many, many occasions.\n']"
611,"['01:26:57,593', '01:27:00,353']","[' he transformed himself into a snake,\n and he knows that I love snakes.\n']"
612,"['01:27:02,514', '01:27:05,275']","[' and he transformed back into himself\n and he was like, ""Yeah, it\'s me!""\n']"
613,"['01:27:08,896', '01:27:09,976']","["" If we're boosting a ship\n""]"
614,"['01:27:11,899', '01:27:13,319']",[' Why not set the beast loose?\n']
615,"['01:27:14,610', '01:27:15,690']",[' You guys have a beast?\n']
616,"['01:27:18,447', '01:27:19,947']","["" We're going to start a revolution.\n""]"
617,"['01:27:22,201', '01:27:24,491']","["" - Who's this guy again?\n - I'll explain later.\n""]"
618,"['01:27:28,957', '01:27:30,247']",[' or are they eggs?\n']
619,"['01:27:42,179', '01:27:43,599']","["" I'm looking for Korg.\n""]"
620,"['01:27:45,224', '01:27:46,394']","["" I know you're asking.\n""]"
621,"['01:27:48,727', '01:27:50,937']",[' The Lord of Thunder sends his best.\n']
622,"['01:27:56,777', '01:27:58,817']",[' Revolution? How did this happen?\n']
623,"['01:28:00,656', '01:28:03,826']","["" But the arena's mainframe for the\n Obedience Disks have been deactivated\n""]"
624,"['01:28:06,537', '01:28:08,117']","["" I don't like that word.\n""]"
625,"['01:28:09,748', '01:28:11,828']","[' No. Why would I not like ""mainframe""?\n']"
626,"['01:28:14,211', '01:28:16,961']","[' Sorry, the prisoners with jobs\n have armed themselves.\n']"
627,"['01:28:25,722', '01:28:27,682']","[' Hey, so, listen. We should talk.\n']"
628,"['01:28:30,561', '01:28:33,481']","["" Open communication\n was never our family's forte.\n""]"
629,"['01:28:34,940', '01:28:37,610']",[' Been quite the revelation\n since we last spoke.\n']
630,"['01:28:39,611', '01:28:40,611']",[' Hi.\n']
631,"['01:28:50,330', '01:28:53,170']","["" It's almost poetic that his death\n should split us apart.\n""]"
632,"['01:29:01,508', '01:29:04,678']","[' Two sons of the crown, set adrift.\n']"
633,"['01:29:10,809', '01:29:11,809']","["" Here's the thing.\n""]"
634,"['01:29:13,937', '01:29:15,647']","["" That's exactly what I was thinking.\n""]"
635,"['01:29:19,109', '01:29:20,689']","[' Come on, this place is perfect for you.\n']"
636,"['01:29:22,696', '01:29:24,356']","["" Brother, you're gonna do great here.\n""]"
637,"['01:29:28,327', '01:29:30,077']","[' Loki, I thought the world of you.\n']"
638,"['01:29:33,916', '01:29:36,746']","["" But at the end of the day,\n you're you and I'm me.\n""]"
639,"['01:29:40,088', '01:29:43,588']","["" But let's be honest,\n our paths diverged a long time ago.\n""]"
640,"['01:29:50,474', '01:29:52,914']","["" It's probably for the best\n that we never see each other again.\n""]"
641,"['01:29:58,524', '01:30:00,234']","[' Hey, let\'s do ""Get Help.""\n']"
642,"['01:30:01,735', '01:30:02,735']",[' No.\n']
643,"['01:30:03,946', '01:30:05,590']","["" - It's great. It works every time.\n - It's humiliating.\n""]"
644,"['01:30:06,949', '01:30:07,949']","["" We're doing it.\n""]"
645,"['01:30:10,953', '01:30:12,203']",[' Get help! Please!\n']
646,"['01:30:13,580', '01:30:15,580']",[' Get help! Help him!\n']
647,"['01:30:19,253', '01:30:20,343']",[' Still hate it.\n']
648,"['01:30:23,006', '01:30:25,126']","["" Now, which one's the ship\n she told us to get?\n""]"
649,"['01:30:26,969', '01:30:27,969']",[' Right.\n']
650,"['01:30:35,519', '01:30:37,309']",[' Loki.\n']
651,"['01:30:39,982', '01:30:41,652']","["" but this time\n it's truly nothing personal.\n""]"
652,"['01:30:45,070', '01:30:46,700']","[' Never one for sentiment, were you?\n']"
653,"['01:30:48,657', '01:30:49,657']",[' I agree.\n']
654,"['01:31:00,460', '01:31:03,300']","["" Dear brother,\n you're becoming predictable.\n""]"
655,"['01:31:05,632', '01:31:07,682']",[' Round and round in circles we go.\n']
656,"['01:31:10,012', '01:31:11,222']","["" It's about change.\n""]"
657,"['01:31:15,142', '01:31:16,772']","["" I guess what I'm trying to say\n""]"
658,"['01:31:20,063', '01:31:21,563']",[' but you could be more.\n']
659,"['01:31:26,195', '01:31:29,705']","[' Anyway, all got places to be,\n so good luck.\n']"
660,"['01:31:37,080', '01:31:39,040']","["" It's just another spaceship.\n""]"
661,"['01:31:53,805', '01:31:57,345']",[' Lord of Thunder has stolen my ship\n and my favorite champion.\n']
662,"['01:32:02,105', '01:32:03,895']",[' Do not let him leave this planet.\n']
663,"['01:32:21,041', '01:32:22,251']",[' Open the doors.\n']
664,"['01:32:28,966', '01:32:30,836']","["" I hope that you're tougher\n than you look.\n""]"
665,"['01:32:44,523', '01:32:46,363']","["" Shouldn't we be shooting back\n or something?\n""]"
666,"['01:32:47,651', '01:32:49,531']",[' Where are the guns on this ship?\n']
667,"['01:32:51,238', '01:32:52,818']","["" - It's a leisure vessel.\n - What?\n""]"
668,"['01:32:55,993', '01:32:58,583']",[' Did she just say the Grandmaster\n uses it for orgies?\n']
669,"['01:33:00,122', '01:33:01,542']","["" Don't touch anything.\n""]"
670,"['01:33:26,148', '01:33:27,188']",[' - No!\n - No!\n']
671,"['01:33:35,407', '01:33:37,077']",[' In a minute.\n']
672,"['01:33:50,464', '01:33:52,064']","["" No. I don't know\n how to fly one of these.\n""]"
673,"['01:33:54,009', '01:33:57,299']",[' None of them are for flying\n alien spaceships!\n']
674,"['01:34:32,840', '01:34:34,970']","["" There's gotta be a gun on this thing.\n""]"
675,"['01:34:37,302', '01:34:39,932']","["" It's my birthday\n It's my birthday\n""]"
676,"['01:34:49,773', '01:34:51,073']",[' Yeah!\n']
677,"['01:35:17,384', '01:35:18,394']",[' There she is.\n']
678,"['01:35:21,054', '01:35:22,354']","["" Hey, what's this?\n""]"
679,"['01:35:28,478', '01:35:30,978']","["" Hey, man. We're about to jump\n on that ginormous spaceship.\n""]"
680,"['01:35:32,566', '01:35:36,896']","["" You do seem like you're\n in desperate need of leadership.\n""]"
681,"['01:35:42,367', '01:35:43,447']",[' Here we go.\n']
682,"['01:36:08,477', '01:36:10,267']",[' Asgardians...\n']
683,"['01:36:13,815', '01:36:15,775']",[' has stolen the Bifrost sword.\n']
684,"['01:36:18,487', '01:36:21,107']",[' or there will be consequences.\n']
685,"['01:36:29,331', '01:36:30,331']",[' Well?\n']
686,"['01:37:14,668', '01:37:18,878']",[' Well? Executioner?\n']
687,"['01:37:25,220', '01:37:26,220']",[' Wait!\n']
688,"['01:38:12,768', '01:38:15,018']","["" I never thought I'd be back here.\n""]"
689,"['01:38:20,651', '01:38:23,651']","["" I mean, not that it's not nice.\n It's just, it's on fire.\n""]"
690,"['01:38:25,280', '01:38:27,450']",[' Heat signatures.\n People clustered together.\n']
691,"['01:38:28,825', '01:38:30,803']","["" Okay, drop me off at the palace\n and I'll draw her away.\n""]"
692,"['01:38:32,246', '01:38:34,140']",[' The people trapped down there\n are all that matters.\n']
693,"['01:38:36,959', '01:38:38,749']",[' How the hell are we supposed to do that?\n']
694,"['01:38:46,844', '01:38:47,844']",[' Asgard.\n']
695,"['01:39:04,152', '01:39:05,862']",[' Now the ship has a gun.\n']
696,"['01:39:08,031', '01:39:11,161']",[' I found this in the armory.\n']
697,"['01:39:16,999', '01:39:18,419']",[' Your Majesty...\n']
698,"['01:39:24,298', '01:39:26,088']",[' You know what I mean.\n']
699,"['01:40:27,528', '01:40:29,318']",[' Go to the Bifrost!\n']
700,"['01:41:15,284', '01:41:17,084']","["" You're still alive.\n""]"
701,"['01:41:20,873', '01:41:25,423']","["" It seems our father's solution\n to every problem was to cover it up.\n""]"
702,"['01:41:30,966', '01:41:34,466']",[' He told you you were worthy.\n He said the same thing to me.\n']
703,"['01:41:37,097', '01:41:39,217']",[' You never knew him.\n']
704,"['01:41:41,602', '01:41:46,152']",[' Odin and I drowned entire civilizations\n in blood and tears.\n']
705,"['01:41:49,401', '01:41:51,151']","[' And then, one day,\n']"
706,"['01:41:54,489', '01:41:57,119']","[' To foster peace, to protect life.\n']"
707,"['01:42:00,287', '01:42:02,657']","["" I understand why you're angry.\n""]"
708,"['01:42:06,919', '01:42:08,897']","[' And believe me, I would love\n for someone else to rule.\n']"
709,"['01:42:10,297', '01:42:13,967']","["" You're just the worst.\n""]"
710,"['01:42:17,387', '01:42:19,427']","["" You're in my seat.\n""]"
711,"['01:42:22,559', '01:42:25,099']",[' that a wise king never seeks out war.\n']
712,"['01:42:59,930', '01:43:01,390']",[' Go back!\n']
713,"['01:43:42,764', '01:43:45,354']","[' To be honest, I expected more.\n']"
714,"['01:43:51,857', '01:43:53,607']",[' The sword!\n']
715,"['01:43:59,823', '01:44:01,413']","["" I'm Odin's firstborn,\n""]"
716,"['01:44:04,161', '01:44:05,911']","["" And you're nothing.\n""]"
717,"['01:44:22,763', '01:44:25,023']",[' Now you remind me of Dad.\n']
718,"['01:44:58,882', '01:45:01,892']","["" Everything's gonna be all right now.\n I got this.\n""]"
719,"['01:45:05,138', '01:45:06,768']",[' What the hell are you talking about?\n']
720,"['01:45:57,024', '01:45:59,234']","["" You see? No one's going anywhere.\n""]"
721,"['01:46:00,944', '01:46:03,664']",[' even if I have to kill every\n single one of them to do it.\n']
722,"['01:46:32,851', '01:46:34,271']","["" I'm Korg. This is Miek.\n""]"
723,"['01:46:46,615', '01:46:50,455']",[' Your savior is here.\n']
724,"['01:46:59,711', '01:47:01,171']","[' Everyone, on that ship now.\n']"
725,"['01:47:07,886', '01:47:08,966']",[' Of course you did.\n']
726,"['01:47:28,991', '01:47:30,031']",[' You see...\n']
727,"['01:47:35,622', '01:47:37,292']","["" I'm the Goddess of Death.\n""]"
728,"['01:47:52,139', '01:47:54,019']","[' Even when you had two eyes,\n']"
729,"['01:47:58,187', '01:48:01,187']","["" She's too strong.\n Without my hammer, I can't.\n""]"
730,"['01:48:08,864', '01:48:12,584']","[' That hammer was to help you\n control your power, to focus it.\n']"
731,"['01:48:15,871', '01:48:18,211']","["" It's too late.\n She's already taken Asgard.\n""]"
732,"['01:48:23,170', '01:48:24,460']",[' This could be Asgard.\n']
733,"['01:48:28,717', '01:48:33,507']","[' Even now, right now,\n those people need your help.\n']"
734,"['01:48:46,026', '01:48:47,066']",[' No...\n']
735,"['01:48:58,789', '01:49:00,169']","[' Tell me, brother.\n']"
736,"['01:51:18,136', '01:51:20,346']","["" - You're late.\n - You're missing an eye.\n""]"
737,"['01:51:29,147', '01:51:30,857']",[' I think we should disband the Revengers.\n']
738,"['01:51:33,735', '01:51:36,172']",[' I just hit her with the biggest lightning\n blast in the history of lightning.\n']
739,"['01:51:41,201', '01:51:43,831']","["" We just need to hold her off\n until everyone's on board.\n""]"
740,"['01:51:46,081', '01:51:49,501']","["" The longer Hela's on Asgard,\n the more powerful she grows.\n""]"
741,"['01:51:51,545', '01:51:53,095']",[' We need to stop her here and now.\n']
742,"['01:51:55,215', '01:51:56,795']","[' I\'m not doing ""Get Help.""\n']"
743,"['01:52:14,359', '01:52:15,399']","[' Loki,\n']"
744,"['01:52:17,613', '01:52:19,663']",[' This was about causing Ragnarok.\n']
745,"['01:52:23,035', '01:52:24,495']","["" It's the only way.\n""]"
746,"['01:52:27,748', '01:52:29,328']",[' Even for me.\n']
747,"['01:52:34,713', '01:52:35,713']",[' After you.\n']
748,"['01:53:16,338', '01:53:17,918']","[' Go! Go, now!\n']"
749,"['01:54:34,666', '01:54:35,996']",[' Hela!\n']
750,"['01:55:16,250', '01:55:17,500']","[' Hela, enough!\n']"
751,"['01:55:24,216', '01:55:27,636']","["" Whatever game you're playing,\n it won't work.\n""]"
752,"['01:55:30,097', '01:55:31,427']","[' No, I know.\n']"
753,"['01:55:38,480', '01:55:39,860']",[' No.\n']
754,"['01:55:52,035', '01:55:54,155']",[' I am your reckoning!\n']
755,"['01:56:05,048', '01:56:06,928']","["" That's all that matters.\n""]"
756,"['01:56:10,596', '01:56:11,966']",[' I hate this prophecy.\n']
757,"['01:56:14,099', '01:56:15,889']","[' Surtur destroys Asgard,\n']"
758,"['01:56:18,562', '01:56:21,312']","[' But we need to let him finish the job,\n otherwise...\n']"
759,"['01:56:26,403', '01:56:28,453']","[' Hulk, stop, you moron!\n']"
760,"['01:56:38,749', '01:56:41,789']","["" Just for once in your life, don't smash.\n""]"
761,"['01:56:45,005', '01:56:46,295']","["" Let's go!\n""]"
762,"['01:57:13,158', '01:57:16,038']","["" I am Asgard's doom!\n""]"
763,"['01:57:41,270', '01:57:43,270']","[' As long as the foundations\n are still strong,\n']"
764,"['01:57:45,232', '01:57:47,442']",[' It will become a haven\n']
765,"['01:57:57,619', '01:58:00,039']",[' Now those foundations are gone. Sorry.\n']
766,"['01:58:18,015', '01:58:20,435']",[' You saved us from extinction.\n']
767,"['01:58:23,937', '01:58:25,807']","["" It's a people.\n""]"
768,"['01:58:59,139', '01:59:01,599']","["" Maybe you're not so bad after all,\n brother.\n""]"
769,"['01:59:04,603', '01:59:05,773']",[' Thank you.\n']
770,"['01:59:13,111', '01:59:14,361']","["" I'm here.\n""]"
771,"['01:59:55,070', '01:59:58,410']","[' So, King of Asgard.\n']"
772,"['02:00:11,170', '02:00:12,590']","["" I'm not sure.\n""]"
773,"['02:00:16,884', '02:00:18,844']","[' Miek, where are you from?\n']"
774,"['02:00:21,013', '02:00:24,143']","[' Yeah, no, I accidentally stomped on him\n on the bridge.\n']"
775,"['02:00:29,521', '02:00:30,981']","["" Miek, you're alive!\n""]"
776,"['02:00:35,360', '02:00:36,490']",[' Earth it is.\n']
777,"['02:02:56,251', '02:02:59,551']","["" Yes, of course. The people of Earth\n love me. I'm very popular.\n""]"
778,"['02:03:02,216', '02:03:05,426']","["" Do you really think it's a good idea\n to bring me back to Earth?\n""]"
779,"['02:03:08,180', '02:03:13,100']","["" I wouldn't worry, brother. I feel like\n everything's gonna work out fine.\n""]"
780,"['02:09:51,458', '02:09:55,588']","["" I just gotta say, I'm proud of you all.\n""]"
781,"['02:09:59,341', '02:10:01,801']",[' Pat on the back.\n Pat on the back.\n']
782,"['02:10:04,596', '02:10:06,636']","["" Me too.\n 'Cause I've been a big part of it.\n""]"
783,"['02:10:09,768', '02:10:11,808']","["" So, you're welcome.\n""]"
