,time,content
0,"['00:01:24,209', '00:01:25,552']",['Wait for it.']
1,"['00:01:32,801', '00:01:35,475']","[""Jane, you can't keep doing this.""]"
2,"['00:01:40,392', '00:01:42,895']","[""Jane, you're an astrophysicist,\n not some storm chaser.""]"
3,"['00:01:44,896', '00:01:47,695']",['between these atmospheric\n disturbances and my research.']
4,"['00:01:52,654', '00:01:53,826']",['Jane?']
5,"['00:01:59,828', '00:02:01,000']",['What is that?']
6,"['00:02:11,089', '00:02:12,261']",['Go!']
7,"['00:02:21,600', '00:02:22,692']",['Go!']
8,"['00:02:41,745', '00:02:44,840']",['I am not dying for 6 college credits!']
9,"['00:03:07,854', '00:03:09,356']",['Get the first aid Kit.']
10,"['00:03:11,191', '00:03:12,488']",['Please.']
11,"['00:03:37,175', '00:03:38,848']","['Once,']"
12,"['00:03:42,764', '00:03:46,439']",['that they were not alone\n in this universe.']
13,"['00:03:52,774', '00:03:55,527']","['Others, they knew to fear.']"
14,"['00:04:17,549', '00:04:20,644']",['threatening to plunge the mortal world\n into a new ice age.']
15,"['00:05:08,642', '00:05:13,113']",['Our armies drove the Frost Giants\n back into the heart of their own world.']
16,"['00:05:19,444', '00:05:21,162']","['In the end,']"
17,"['00:05:27,619', '00:05:31,123']",['And the source of their power\n was taken from them.']
18,"['00:05:34,376', '00:05:38,722']",['we withdrew from the other worlds\n and returned home']
19,"['00:05:42,300', '00:05:43,973']",['Asgard']
20,"['00:06:19,337', '00:06:22,181']",['shining out across the stars.']
21,"['00:06:27,888', '00:06:30,141']",['it was Asgard']
22,"['00:06:32,309', '00:06:33,777']",['that brought peace']
23,"['00:06:39,566', '00:06:42,240']",['But the day will come']
24,"['00:06:46,197', '00:06:48,040']",['will have to defend that peace.']
25,"['00:06:51,286', '00:06:52,287']","[""When I'm king,""]"
26,"['00:06:57,375', '00:06:58,968']","['Just as you did, Father.']"
27,"['00:07:01,588', '00:07:05,263']",['never seeks out war.']
28,"['00:07:24,486', '00:07:26,955']","[""- I'm ready, Father.\n - So am I.""]"
29,"['00:07:30,992', '00:07:34,997']",['But both of you were born to be kings.']
30,"['00:08:53,700', '00:08:57,204']","['Thor Odinson,']"
31,"['00:09:03,209', '00:09:05,257']",['my firstborn.']
32,"['00:09:11,593', '00:09:14,688']","['forged in the heart of a dying star,']"
33,"['00:09:18,099', '00:09:20,818']",['as a weapon to destroy']
34,"['00:09:23,730', '00:09:26,404']","[""'Tis a fit companion for a king.""]"
35,"['00:09:30,570', '00:09:34,666']",['and the lives of the innocent\n across the Nine Realms']
36,"['00:09:37,952', '00:09:39,454']",['Though the day has come...']
37,"['00:10:09,400', '00:10:10,401']",['I swear.']
38,"['00:10:13,947', '00:10:15,290']",['I swear.']
39,"['00:10:18,368', '00:10:20,996']",['to cast aside all selfish ambition']
40,"['00:10:24,040', '00:10:25,212']",['I swear!']
41,"['00:10:27,961', '00:10:30,589']","['I, Odin Allfather,']"
42,"['00:10:47,313', '00:10:48,485']",['The Frost Giants!']
43,"['00:11:35,904', '00:11:38,248']","['They have paid, with their lives.']"
44,"['00:11:41,743', '00:11:43,745']","['the Casket is safe, and all is well.']"
45,"['00:11:46,080', '00:11:48,629']",['They broke into the weapons vault!']
46,"['00:11:51,377', '00:11:53,630']","[""- They didn't.\n - Well, I want to know why!""]"
47,"['00:11:58,885', '00:12:03,311']",['He just broke your truce!\n They know you are vulnerable!']
48,"['00:12:05,433', '00:12:08,812']",['March into Jotunheim as you once did.\n Teach them a lesson.']
49,"['00:12:10,396', '00:12:12,524']","[""so they'll never dare\n try to cross our borders again.""]"
50,"['00:12:13,983', '00:12:15,235']",['This was an act of war!']
51,"['00:12:17,654', '00:12:19,156']",['Look how far they got!']
52,"['00:12:21,741', '00:12:23,084']",['As King of Asgard....']
53,"['00:12:28,831', '00:12:30,174']",['Not yer.']
54,"['00:13:05,994', '00:13:08,838']",['This was to be my day of triumph.']
55,"['00:13:13,668', '00:13:14,965']",['In time.']
56,"['00:13:18,756', '00:13:21,885']","[""If it's any consolation,\n I think you're right.""]"
57,"['00:13:25,722', '00:13:28,771']","[""If they found a way to penetrate\n Asgard's defenses once,""]"
58,"['00:13:30,476', '00:13:32,524']",['- Next time with an army.\n - Exactly.']
59,"['00:13:37,567', '00:13:39,410']","['No, no, no. I know that look.']"
60,"['00:13:41,779', '00:13:42,871']","[""Thor, it's madness.""]"
61,"['00:13:46,242', '00:13:48,085']","[""We're going to Jotunheim.""]"
62,"['00:13:51,247', '00:13:52,999']","[""This isn't like a journey to Earth""]"
63,"['00:13:55,209', '00:13:57,883']",['and the mortals worship you as a god.']
64,"['00:13:59,380', '00:14:01,633']","['My father fought his way into Jotunheim,']"
65,"['00:14:04,719', '00:14:06,221']",['We would just be looking for answers.']
66,"['00:14:09,891', '00:14:12,940']","['My friends, have you forgotten\n all that we have done together?']"
67,"['00:14:15,146', '00:14:18,025']",['Who led you\n into the most glorious of battles?']
68,"['00:14:20,276', '00:14:22,404']","['And Volstagg,\n to delicacies so succulent,']"
69,"['00:14:26,491', '00:14:27,492']",['You did.']
70,"['00:14:28,701', '00:14:30,669']",['And who proved wrong\n all who scoffed at the idea']
71,"['00:14:33,289', '00:14:34,290']",['this realm has ever known?']
72,"['00:14:35,750', '00:14:38,424']","['True, but I supported you, Sif.']"
73,"['00:14:40,254', '00:14:42,256']","[""we're going to Jotunheim.""]"
74,"['00:15:36,352', '00:15:38,980']","[""- Good Heimdall...\n - You're not dressed warmly enough.""]"
75,"['00:15:40,314', '00:15:43,067']",['Do you think that you can deceive me?']
76,"['00:15:49,198', '00:15:50,745']","['Heimdall, may we pass?']"
77,"['00:15:58,833', '00:16:00,835']",['I wish to know how that happened.']
78,"['00:16:03,629', '00:16:05,472']",['Understand?']
79,"['00:16:56,849', '00:16:58,192']",['Be warned.']
80,"['00:17:03,272', '00:17:06,321']","['If your return\n threatens the safety of Asgard,']"
81,"['00:17:09,028', '00:17:12,328']","[""and you'll be left to die\n in the cold waste of Jotunheim.""]"
82,"['00:17:14,450', '00:17:15,747']",['To leave the bridge open']
83,"['00:17:18,079', '00:17:21,083']",['and destroy Jotunheim with you upon it.']
84,"['00:17:23,543', '00:17:25,261']",['None do.']
85,"['00:18:15,011', '00:18:16,604']","[""Let's move.""]"
86,"['00:19:16,906', '00:19:18,203']","['Hiding,']"
87,"['00:19:30,294', '00:19:34,595']","[""You've come a long way to die,\n Asgardians.""]"
88,"['00:19:37,301', '00:19:39,303']",['We know who you are.']
89,"['00:19:51,315', '00:19:55,445']",['The House of Odin is full of traitors.']
90,"['00:19:58,864', '00:20:01,959']",['Your father is a murderer and a thief!']
91,"['00:20:05,663', '00:20:08,758']",['You long for battle. You crave it.']
92,"['00:20:11,585', '00:20:14,008']",['trying to prove himself a man.']
93,"['00:20:25,474', '00:20:27,852']","['Thor, stop and think.']"
94,"['00:20:29,729', '00:20:31,447']","['Know your place, Brother.']"
95,"['00:20:37,820', '00:20:39,117']",['I do.']
96,"['00:20:54,837', '00:20:58,011']",['We will accept your most gracious offer.']
97,"['00:21:17,610', '00:21:19,863']","['Run back home, little princess.']"
98,"['00:21:26,827', '00:21:27,953']",['Next?']
99,"['00:22:09,745', '00:22:11,372']","[""That's more like it.""]"
100,"['00:23:30,451', '00:23:32,419']",['Thor!']
101,"['00:23:59,521', '00:24:01,023']",['Run!']
102,"['00:25:10,050', '00:25:11,393']",['Heimdall!']
103,"['00:26:18,869', '00:26:21,543']","[""Father! We'll finish them together!""]"
104,"['00:26:28,837', '00:26:30,430']",['Allfather.']
105,"['00:26:35,803', '00:26:37,225']","['Laufey,']"
106,"['00:26:39,223', '00:26:41,271']",['Your boy sought this out.']
107,"['00:26:44,812', '00:26:47,736']","['And these are the actions of a boy,\n treat them as such.']"
108,"['00:26:53,070', '00:26:56,745']","['We are beyond diplomacy now,\n Allfather.']"
109,"['00:27:00,577', '00:27:01,624']",['War']
110,"['00:27:05,249', '00:27:06,842']",['So be it.']
111,"['00:27:31,608', '00:27:32,609']","[""Do you realize what you've done?""]"
112,"['00:27:34,570', '00:27:36,163']",['You cannot even protect your friends!']
113,"['00:27:38,073', '00:27:39,791']",['Get him to the healing room! Now!']
114,"['00:27:44,413', '00:27:48,259']","['The Jotuns must learn to fear me,\n just as they once feared you.']"
115,"['00:27:51,128', '00:27:54,098']","[""You've forgotten everything I taught you\n about a warrior's patience.""]"
116,"['00:27:58,135', '00:27:59,307']",['The old ways are done.']
117,"['00:28:02,139', '00:28:05,643']","['You are a vain, greedy, cruel boy!']"
118,"['00:28:15,444', '00:28:16,787']",['Yes.']
119,"['00:28:20,324', '00:28:21,541']",['to think you were ready.']
120,"['00:28:26,788', '00:28:29,792']","['Thor Odinson,']"
121,"['00:28:34,880', '00:28:37,429']","['Through your arrogance and stupidity,']"
122,"['00:28:40,469', '00:28:44,190']",['to the horror and desolation of war!']
123,"['00:28:54,441', '00:28:57,069']","[""You're unworthy of your title!""]"
124,"['00:29:01,406', '00:29:05,957']",['of the loved ones you have betrayed.']
125,"['00:29:19,508', '00:29:22,603']",['In the name of my father']
126,"['00:29:25,180', '00:29:27,854']","['I, Odin Allfather, cast you out!']"
127,"['00:29:37,859', '00:29:39,532']",['shall possess the power of Thor.']
128,"['00:30:06,346', '00:30:08,019']",['Get the first aid Kit.']
129,"['00:30:15,397', '00:30:17,616']",['Whoa. Does he need CPR?\n Because I totally know CPR.']
130,"['00:30:35,834', '00:30:36,881']",['You all right?']
131,"['00:30:38,337', '00:30:39,338']",['Hammer?']
132,"['00:30:42,424', '00:30:44,597']","['Oh, my God. Erik, look at this!']"
133,"['00:30:48,472', '00:30:50,224']","['Jane, we have to take him\n to the hospital.']"
134,"['00:30:52,809', '00:30:56,814']",['Heimdall! I know you can hear me!\n Open the Bifrost!']
135,"['00:30:58,899', '00:31:01,402']",['You. What realm is this?']
136,"['00:31:03,111', '00:31:04,112']",['New Mexico?']
137,"['00:31:12,037', '00:31:14,039']",['What? He was freaking me out!']
138,"['00:31:16,583', '00:31:19,006']","[""make sure he's already in the car, okay?""]"
139,"['00:31:40,148', '00:31:41,365']",['Name?']
140,"['00:31:44,111', '00:31:47,331']",['T-H-O-R.']
141,"['00:31:50,492', '00:31:51,994']",['Until she hit him with a car.']
142,"['00:31:55,080', '00:31:56,423']","['Yes, I did.']"
143,"['00:32:00,502', '00:32:01,549']",['Just taking a little blood.']
144,"['00:32:04,089', '00:32:05,966']",['I need some help!']
145,"['00:32:08,844', '00:32:11,017']","['Security to ER 3, stat!']"
146,"['00:33:19,581', '00:33:20,628']",['Huh.']
147,"['00:33:31,593', '00:33:34,392']","['Look, the lensing around these edges']"
148,"['00:33:37,098', '00:33:38,145']",['A what?']
149,"['00:33:40,393', '00:33:42,236']",['She was the only applicant.']
150,"['00:33:45,065', '00:33:46,317']",['between two different points\n of space-time.']
151,"['00:33:47,817', '00:33:50,821']","['- Erik, look. What do you see?\n - Stars.']"
152,"['00:33:52,822', '00:33:56,577']","['See, this is the star alignment\n for our quadrant this time of year,']"
153,"['00:33:59,871', '00:34:02,090']","[""these are\n someone else's constellations.""]"
154,"['00:34:10,799', '00:34:12,597']","[""No, it can't be.""]"
155,"['00:34:32,195', '00:34:34,368']","[""It's not possible!""]"
156,"['00:34:59,389', '00:35:01,062']","['Oh, my God.']"
157,"['00:35:06,688', '00:35:07,735']",['Typical.']
158,"['00:35:10,066', '00:35:11,443']",['Did you see what he did in there?']
159,"['00:35:13,403', '00:35:15,747']","[""Well, our data can't tell us\n what it was like to be inside that event,""]"
160,"['00:35:18,575', '00:35:19,622']",['Okay.']
161,"['00:35:22,412', '00:35:23,755']",['Exactly.']
162,"['00:35:30,086', '00:35:33,260']","[""I'm so sorry.\n I swear I'm not doing this on purpose.""]"
163,"['00:36:01,743', '00:36:03,586']","['Come on, kick it in now!']"
164,"['00:36:35,276', '00:36:37,404']","['Sir, we found it.']"
165,"['00:36:51,126', '00:36:53,128']","['Hey, sorry I tased you!']"
166,"['00:37:04,889', '00:37:06,311']",['What is this?']
167,"['00:37:09,227', '00:37:10,479']",['My ex.']
168,"['00:37:16,025', '00:37:17,527']","[""They're the only clothes I had\n that would fit you.""]"
169,"['00:37:19,738', '00:37:20,739']","[""You're welcome.""]"
170,"['00:37:23,158', '00:37:24,205']",['I need sustenance.']
171,"['00:37:45,513', '00:37:47,015']",['There was no stopping him.']
172,"['00:37:49,142', '00:37:50,439']","[""Which is what we'd all be""]"
173,"['00:37:59,611', '00:38:01,113']",['How did the guard even know?']
174,"['00:38:04,157', '00:38:05,204']",['What?']
175,"['00:38:08,036', '00:38:09,379']",['He should be flogged for taking so long.']
176,"['00:38:11,080', '00:38:12,127']",['You told the guard?']
177,"['00:38:14,292', '00:38:16,135']","[""And Thor's.""]"
178,"['00:38:19,881', '00:38:20,882']",['Loki.']
179,"['00:38:24,552', '00:38:27,146']","['And if I do, then what?']"
180,"['00:38:30,642', '00:38:33,270']","[""He's arrogant.\n He's reckless. He's dangerous.""]"
181,"['00:38:35,605', '00:38:37,073']",['Is that what Asgard needs from its king?']
182,"['00:38:47,575', '00:38:49,748']","['We should be grateful to him,\n he saved our lives.']"
183,"['00:38:51,996', '00:38:54,499']",['there were traitors in the House of Odin.']
184,"['00:39:01,256', '00:39:02,929']","[""Loki's always been one for mischief,""]"
185,"['00:39:25,947', '00:39:27,290']",['Stop!']
186,"['00:39:32,787', '00:39:33,959']",['No.']
187,"['00:39:40,461', '00:39:41,804']","[""You're my son.""]"
188,"['00:39:58,730', '00:40:01,404']","[""The Casket wasn't the only thing\n you took from Jotunheim that day,""]"
189,"['00:40:09,240', '00:40:10,583']",['No.']
190,"['00:40:13,828', '00:40:16,672']",['I went into the temple\n and I found a baby.']
191,"['00:40:24,589', '00:40:27,342']","['Abandoned, suffering, left to die.']"
192,"['00:40:31,846', '00:40:33,519']","[""Laufey's son.""]"
193,"['00:40:41,856', '00:40:42,948']",['Why?']
194,"['00:40:46,778', '00:40:48,280']",['You were an innocent child.']
195,"['00:40:56,037', '00:40:58,039']",['Tell me!']
196,"['00:41:02,877', '00:41:05,972']","['Bring about an alliance,\n bring about permanent peace.']"
197,"['00:41:07,715', '00:41:08,887']",['What?']
198,"['00:41:13,888', '00:41:17,142']","['So I am no more\n than another stolen relic,']"
199,"['00:41:19,769', '00:41:21,237']",['Why do you twist my words?']
200,"['00:41:23,398', '00:41:24,399']","[""why didn't you?""]"
201,"['00:41:26,401', '00:41:28,495']",['I wanted only to protect you\n from the truth.']
202,"['00:41:31,656', '00:41:33,750']",['parents tell their children about\n at night?']
203,"['00:41:35,994', '00:41:38,747']",['Why you favored Thor all these years!']
204,"['00:41:42,166', '00:41:45,420']",['you could never have a Frost Giant\n sitting on the throne of Asgard!']
205,"['00:42:07,608', '00:42:09,781']","['Guards, please, help!']"
206,"['00:42:17,618', '00:42:20,121']","['Also, how could you eat\n an entire box of Pop-Tarts']"
207,"['00:42:27,545', '00:42:29,923']","[""- This drink, I like it.\n - I know. It's great, right?""]"
208,"['00:42:32,467', '00:42:34,219']","['Sorry, Izzy. Little accident.']"
209,"['00:42:39,974', '00:42:42,193']","['- Well, you could have just said so.\n - I just did.']"
210,"['00:42:45,772', '00:42:46,864']","['All right. Well, no more smashing.']"
211,"['00:42:50,902', '00:42:51,903']",['You have my word.']
212,"['00:42:55,573', '00:42:57,450']","['The usual, please, Izzy.']"
213,"['00:43:00,495', '00:43:03,590']","[""They're saying some kind\n of satellite landed out in the desert.""]"
214,"['00:43:05,958', '00:43:07,335']",['until the Feds showed up.']
215,"['00:43:10,338', '00:43:11,385']",['Yeah.']
216,"['00:43:16,260', '00:43:18,183']","['What did it look like, the satellite?']"
217,"['00:43:22,683', '00:43:26,187']","['I mean, nobody could lift it.']"
218,"['00:43:29,190', '00:43:30,692']",['Which way?']
219,"['00:43:35,196', '00:43:36,914']","[""Well, I wouldn't waste my time!""]"
220,"['00:43:43,830', '00:43:45,173']",['Dumbass!']
221,"['00:43:47,708', '00:43:49,756']",['- 50 miles west of here.\n - Why?']
222,"['00:43:53,297', '00:43:54,298']","[""It's not what they say it is.""]"
223,"['00:43:55,508', '00:43:56,851']","[""the government seems to think\n it's theirs.""]"
224,"['00:43:59,053', '00:44:00,145']",['Yes.']
225,"['00:44:02,890', '00:44:04,563']","[""I'll tell you everything you wish to know.""]"
226,"['00:44:06,227', '00:44:09,026']",['All the answers you seek will be yours\n once I reclaim Mjolnir.']
227,"['00:44:11,232', '00:44:13,200']","['Can I have a word, Jane?']"
228,"['00:44:19,157', '00:44:20,909']",['You saw what I saw last night.']
229,"['00:44:23,494', '00:44:25,462']","[""But I'm not talking about the crater,\n I'm talking about him.""]"
230,"['00:44:28,332', '00:44:29,379']","[""Listen to what he's saying.""]"
231,"['00:44:33,713', '00:44:35,932']","[""It's the stories I grew up with as a child.""]"
232,"['00:44:39,051', '00:44:41,053']","[""He's dangerous, Jane.""]"
233,"['00:44:49,979', '00:44:51,447']",['Then this is where we say goodbye.']
234,"['00:45:01,908', '00:45:03,581']",['Thank you?']
235,"['00:45:06,162', '00:45:07,755']","['Erik Selvig,']"
236,"['00:45:09,540', '00:45:10,883']",['farewell.']
237,"['00:45:16,505', '00:45:18,098']",['Back to work.']
238,"['00:45:38,527', '00:45:40,120']","[""That's my stuff!""]"
239,"['00:45:46,202', '00:45:48,204']","[""Ms. Foster,\n I'm Agent Coulson with S.H.I.E.L.D.""]"
240,"['00:45:50,039', '00:45:51,336']","[""- You can't do this!\n - Jane!""]"
241,"['00:45:54,627', '00:45:56,675']",['Let it go? This is my life.']
242,"['00:45:59,090', '00:46:01,809']",['We need to appropriate your records\n and all your atmospheric data.']
243,"['00:46:04,387', '00:46:06,105']","['Here, this should\n more than compensate you']"
244,"['00:46:07,306', '00:46:09,855']","[""I can't just buy replacements\n at Radio Shack,""]"
245,"['00:46:11,727', '00:46:13,070']","[""Then I'm sure you can do it again.""]"
246,"['00:46:16,357', '00:46:18,860']","[""I'm sorry, Ms. Foster,\n but we're the good guys.""]"
247,"['00:46:21,112', '00:46:24,332']","[""I'm on the verge of understanding\n something extraordinary.""]"
248,"['00:46:26,284', '00:46:28,161']",['is either in this lab or in this book.']
249,"['00:46:31,872', '00:46:34,842']",['Jane! Easy! Easy. Jane...']
250,"['00:46:56,939', '00:46:58,782']","['Years of research,']"
251,"['00:47:00,276', '00:47:02,779']",['They even took my iPod.']
252,"['00:47:05,781', '00:47:09,285']",['They took the backups of our backups.\n They were extremely thorough.']
253,"['00:47:11,787', '00:47:14,711']",['Could you please stop with your iPod?']
254,"['00:47:19,003', '00:47:20,880']",['I knew this scientist.']
255,"['00:47:24,008', '00:47:26,136']",['S.H.I.E.L.D. showed up']
256,"['00:47:29,889', '00:47:33,314']","[""They're not gonna do that to us.\n I'm gonna get everything back.""]"
257,"['00:47:36,312', '00:47:38,781']","[""He's had some dealings\n with these people before.""]"
258,"['00:47:42,526', '00:47:43,994']","['They took your laptop, too.']"
259,"['00:48:08,511', '00:48:10,513']",['My friends.']
260,"['00:48:12,765', '00:48:15,689']",['Father has fallen into the Odinsleep.']
261,"['00:48:20,356', '00:48:21,573']",['We would speak with her.']
262,"['00:48:27,196', '00:48:29,949']",['You can bring your urgent matter to me.']
263,"['00:48:49,927', '00:48:54,273']","[""My King, we would ask\n that you end Thor's banishment.""]"
264,"['00:49:05,109', '00:49:07,612']","[""We're on the brink of war\n with Jotunheim.""]"
265,"['00:49:11,740', '00:49:14,539']",['in order to feel safe\n in these difficult times.']
266,"['00:49:18,372', '00:49:20,045']",['for the good of Asgard.']
267,"['00:49:24,420', '00:49:27,390']",['- Good. Then you will wait for my word.\n - If I may']
268,"['00:49:33,721', '00:49:34,893']","[""We're done!""]"
269,"['00:50:42,122', '00:50:45,296']","[""We don't have horses.\n Just dogs, cats, birds...""]"
270,"['00:50:48,254', '00:50:49,801']","['Hey, you still need a lift?']"
271,"['00:50:59,098', '00:51:02,477']",['Have you ever done\n anything like this before?']
272,"['00:51:04,895', '00:51:06,397']","[""But you're brave to do it.""]"
273,"['00:51:09,108', '00:51:11,031']","[""I don't really have much left to lose.""]"
274,"['00:51:14,488', '00:51:17,412']",['Far more clever than anyone else\n in this realm.']
275,"['00:51:20,452', '00:51:23,205']","['- You think me strange.\n - Yeah, I do.']"
276,"['00:51:26,292', '00:51:28,260']","[""I'm not quite sure yet.""]"
277,"['00:51:40,055', '00:51:41,181']",['But who are you?']
278,"['00:51:47,313', '00:51:48,735']","[""You'll see soon enough.""]"
279,"['00:51:54,862', '00:51:56,739']","[""What you seek, it's a bridge.""]"
280,"['00:51:59,074', '00:52:00,246']",['More like a Rainbow Bridge.']
281,"['00:52:15,466', '00:52:18,891']",['I never get used to seeing him like this.']
282,"['00:52:25,309', '00:52:27,061']",['How long will it last?']
283,"['00:52:33,984', '00:52:35,657']",['So why did he lie?']
284,"['00:52:40,824', '00:52:43,168']","['You are our son, Loki,']"
285,"['00:52:47,665', '00:52:51,670']","[""We mustn't lose hope\n that your father will return to us.""]"
286,"['00:52:55,756', '00:52:57,599']",['What hope is there for Thor?']
287,"['00:53:34,169', '00:53:35,796']","[""That's no satellite crash!""]"
288,"['00:53:37,214', '00:53:38,807']","[""they wouldn't have built a city around it.""]"
289,"['00:53:47,057', '00:53:48,400']",['Now stay here.']
290,"['00:53:52,646', '00:53:53,647']",['Deal?']
291,"['00:53:56,400', '00:53:59,279']","[""You think you're just gonna walk in,\n grab our stuff and walk out?""]"
292,"['00:54:09,329', '00:54:12,082']","['Sir, feed from the keyhole\n can barely penetrate the cloud cover.']"
293,"['00:54:13,792', '00:54:16,011']","[""with all the interference\n that thing's giving off.""]"
294,"['00:54:18,922', '00:54:22,017']","['Southwest Airlines, flight 5434.']"
295,"['00:54:24,052', '00:54:25,099']",['Hold a sec.']
296,"['00:54:28,682', '00:54:32,061']","['Delancey, Jackson.\n West side perimeter Go check it out.']"
297,"['00:54:44,698', '00:54:46,325']","['Delancey, Jackson. Report.']"
298,"['00:55:09,515', '00:55:13,645']","[""You've reached Dr Erik Selvig.\n Please leave me a message.""]"
299,"['00:55:17,981', '00:55:20,359']","[""but just in case\n you don't hear from me in the next hour,""]"
300,"['00:55:23,403', '00:55:26,247']","[""I did exactly what you told me not to.\n I'm sorry.""]"
301,"['00:55:31,829', '00:55:33,126']","['Bravo quadrant, move!']"
302,"['00:55:49,888', '00:55:51,435']","['Negative, negative.\n I have no comms.']"
303,"['00:56:07,573', '00:56:09,291']","['I need eyes up high, with a gun.']"
304,"['00:56:44,234', '00:56:45,235']",['What have we got?']
305,"['00:56:46,904', '00:56:48,030']",['coming off that thing.']
306,"['00:56:50,073', '00:56:51,825']",['Barton? Talk to me.']
307,"['00:56:56,038', '00:56:58,291']",['Or are you sending in more guys\n for him to beat up?']
308,"['00:57:14,848', '00:57:16,191']","[""You're big.""]"
309,"['00:58:03,146', '00:58:06,992']","[""Better call it, Coulson,\n 'cause I'm starting to root for this guy.""]"
310,"['00:58:28,755', '00:58:30,849']",['Wait. I want to see this.']
311,"['01:00:35,549', '01:00:37,551']","[""He committed a crime. He's in jail!""]"
312,"['01:00:40,053', '01:00:42,055']","[""You didn't see what I saw!""]"
313,"['01:00:49,146', '01:00:50,238']","[""Where'd you find this?""]"
314,"['01:00:51,731', '01:00:54,154']",['I just wanted to show you\n how silly his story was.']
315,"['01:00:56,236', '01:00:58,364']","['to chase down every possibility,\n every alternative!']"
316,"['01:01:00,991', '01:01:03,039']","[""Well, magic's just science\n that we don't understand yet.""]"
317,"['01:01:05,829', '01:01:08,332']","['- A precursor to science fact!\n - In some cases, yeah.']"
318,"['01:01:10,167', '01:01:11,544']","[""then there's something\n on the other side.""]"
319,"['01:01:13,503', '01:01:14,504']",['Jane.']
320,"['01:01:17,674', '01:01:19,426']","['Yes! Yes, exactly. Thank you.']"
321,"['01:01:27,184', '01:01:28,356']","['You made my men,']"
322,"['01:01:30,979', '01:01:33,778']",['look like a bunch of minimum-wage\n mall cops.']
323,"['01:01:37,903', '01:01:41,373']","[""In my experience, it takes someone\n who's received similar training""]"
324,"['01:01:44,534', '01:01:47,037']","[""Why don't you tell me\n where you received your training?""]"
325,"['01:01:52,250', '01:01:55,504']","['No, you strike me\n more as the soldier of fortune type.']"
326,"['01:02:00,675', '01:02:04,600']",['Certain groups pay very well\n for a good mercenary like you.']
327,"['01:02:13,271', '01:02:15,740']","['One way or another,\n we find out what we need to know.']"
328,"['01:02:23,156', '01:02:24,499']","[""Don't go anywhere.""]"
329,"['01:02:33,792', '01:02:35,294']",['I had to see you.']
330,"['01:02:38,630', '01:02:40,632']",['Tell me. Is it Jotunheim?']
331,"['01:02:42,467', '01:02:43,810']",['Father is dead.']
332,"['01:02:53,144', '01:02:54,817']","['Your banishment,']"
333,"['01:02:59,067', '01:03:00,819']",['it was too much for him to bear.']
334,"['01:03:06,491', '01:03:07,993']",['I know that you loved him.']
335,"['01:03:13,873', '01:03:16,171']","['It was so cruel\n to put the hammer within your reach,']"
336,"['01:03:21,548', '01:03:23,801']",['The burden of the throne\n has fallen to me now.']
337,"['01:03:32,976', '01:03:35,980']",['The truce with Jotunheim\n is conditional upon your exile.']
338,"['01:03:45,780', '01:03:47,407']","['This is goodbye, Brother.']"
339,"['01:03:57,334', '01:03:58,506']",['No.']
340,"['01:04:07,093', '01:04:09,346']",['Thank you for coming here.']
341,"['01:04:28,281', '01:04:29,533']",['Goodbye.']
342,"['01:04:32,118', '01:04:33,461']",['I just got back.']
343,"['01:05:11,324', '01:05:12,667']","[""He's got a visitor.""]"
344,"['01:05:20,083', '01:05:21,756']",['Dr. Donald Blake.']
345,"['01:05:24,003', '01:05:27,849']","[""He was distraught when he found out\n that you've taken all our research.""]"
346,"['01:05:32,846', '01:05:35,190']",['You can understand\n how a man could go off like that.']
347,"['01:05:37,809', '01:05:39,732']",['coming in with their\n jackbooted thugs and...']
348,"['01:05:43,523', '01:05:44,570']","[""That still doesn't explain""]"
349,"['01:05:46,609', '01:05:49,954']","[""Steroids! He's a bit of a fitness nut.""]"
350,"['01:05:57,454', '01:05:58,797']","[""It says here that he's an M.D.""]"
351,"['01:06:01,416', '01:06:03,965']",['He switched careers\n and became a physicist.']
352,"['01:06:06,045', '01:06:08,264']","[""He's a wonderful man.\n He's a man in pain.""]"
353,"['01:06:14,053', '01:06:18,058']","[""There you are. You're gonna be all right.\n I'm taking you home now.""]"
354,"['01:06:35,074', '01:06:37,497']",['Just keep him away from the bars.']
355,"['01:06:41,164', '01:06:44,008']",['- Where are we going?\n - To get a drink.']
356,"['01:06:52,091', '01:06:54,264']","['You know, I had it all backwards.']"
357,"['01:07:01,267', '01:07:04,942']","[""It's not a bad thing finding out\n that you don't have all the answers.""]"
358,"['01:07:11,361', '01:07:15,366']","['For the first time in my life,']"
359,"['01:07:21,120', '01:07:24,090']","[""Anyone who's ever going to\n find his way in this world""]"
360,"['01:07:29,212', '01:07:30,805']","[""Thank you for what you've done.""]"
361,"['01:07:34,884', '01:07:37,558']",['Her father and I\n taught at university together.']
362,"['01:07:40,473', '01:07:41,565']",['He never listened.']
363,"['01:07:45,728', '01:07:47,822']","['My father\n was trying to teach me something,']"
364,"['01:07:50,900', '01:07:54,950']","[""I don't know if you're delusional\n or if you're pulling some kind of con,""]"
365,"['01:07:56,447', '01:07:57,790']",['I just care about her.']
366,"['01:08:04,914', '01:08:07,508']","['I swear to you, I mean her no harm.']"
367,"['01:08:09,419', '01:08:13,424']","[""In that case, I'll buy you another round,\n and you leave town tonight.""]"
368,"['01:09:12,023', '01:09:13,616']",['Kill him.']
369,"['01:09:19,572', '01:09:24,203']","[""So you're the one\n who showed us the way into Asgard.""]"
370,"['01:09:27,872', '01:09:30,876']","[""To ruin my brother's big day.""]"
371,"['01:09:36,839', '01:09:39,183']",['I will hear you.']
372,"['01:09:47,725', '01:09:52,731']","[""lead you into Odin's chambers,\n and you can slay him where he lies.""]"
373,"['01:09:56,943', '01:09:59,617']",['I suspect that the Asgardians\n would not take kindly']
374,"['01:10:03,116', '01:10:06,211']","['Once Odin is dead,\n I will return the Casket to you']"
375,"['01:10:14,168', '01:10:15,511']",['Glory.']
376,"['01:10:27,306', '01:10:28,899']","['What troubles you, Gatekeeper?']"
377,"['01:10:34,814', '01:10:36,066']","['You were shrouded from me,']"
378,"['01:10:38,651', '01:10:41,996']",['Perhaps your senses have weakened\n after your many years of service.']
379,"['01:10:43,823', '01:10:46,918']",['to hide that\n which he does not wish me to see.']
380,"['01:10:52,749', '01:10:54,251']",['Did Odin ever fear you?']
381,"['01:10:58,421', '01:11:01,516']",['Because he is my king\n and I am sworn to obey him.']
382,"['01:11:06,846', '01:11:07,938']",['Yes?']
383,"['01:11:15,480', '01:11:18,199']",['Then you will open the Bifrost to no one']
384,"['01:11:35,875', '01:11:37,877']","['Oh, my God. Is he okay?']"
385,"['01:11:41,130', '01:11:42,632']","[""I'm sorry, my friend.""]"
386,"['01:11:44,634', '01:11:46,136']",['he made his ancestors proud.']
387,"['01:11:59,649', '01:12:03,244']","[""I still don't think\n you're the God of Thunder.""]"
388,"['01:12:17,166', '01:12:18,668']",['Are these your chambers?']
389,"['01:12:23,589', '01:12:27,435']","[""I'm sorry. I don't usually have guests.""]"
390,"['01:12:33,099', '01:12:35,272']","[""That's not the right place for it.""]"
391,"['01:12:41,023', '01:12:42,070']",['Can we go outside?']
392,"['01:12:49,866', '01:12:52,164']","[""I come up here sometimes\n when I can't sleep""]"
393,"['01:12:57,623', '01:13:00,968']","['I come up here a lot, actually,\n now that I think about it.']"
394,"['01:13:07,967', '01:13:10,470']","[""You've been very kind to me,""]"
395,"['01:13:13,556', '01:13:15,274']","['Well, I hit you with my car\n a couple times,']"
396,"['01:13:19,812', '01:13:21,655']",['Perhaps I had it coming.']
397,"['01:13:30,072', '01:13:31,415']","[""I don't believe it!""]"
398,"['01:13:35,161', '01:13:39,837']","[""No, no, this is great! This is...\n I don't have to start from scratch now.""]"
399,"['01:13:46,172', '01:13:47,594']","[""What's wrong?""]"
400,"['01:13:50,092', '01:13:51,435']","['Whatever they are,']"
401,"['01:13:54,639', '01:13:57,358']",['to make sure this research\n never sees the light of day.']
402,"['01:13:59,435', '01:14:01,358']",['Listen to me. You must not give up.']
403,"['01:14:03,856', '01:14:05,449']","[""Because you're right.""]"
404,"['01:14:09,862', '01:14:13,366']","['Your ancestors called it magic,\n and you call it science.']"
405,"['01:14:31,300', '01:14:32,893']",['What is that?']
406,"['01:14:37,098', '01:14:38,850']",['that your world']
407,"['01:14:41,852', '01:14:44,856']","['linked to each other\n by the branches of Yggdrasil,']"
408,"['01:14:47,400', '01:14:50,074']",['Now you see it every day\n without realizing.']
409,"['01:14:53,906', '01:14:55,658']",['This Hooble Telescope.']
410,"['01:15:02,164', '01:15:03,507']",['Tell me more.']
411,"['01:15:06,252', '01:15:08,755']","['Now, there is Midgard, which is Earth.']"
412,"['01:15:10,923', '01:15:13,597']",['Vanaheim. Jotunheim.']
413,"['01:15:16,262', '01:15:18,185']","[""And that's where I come from.""]"
414,"['01:15:40,369', '01:15:43,339']","['Our dearest friend banished,\n Loki on the throne,']"
415,"['01:15:46,959', '01:15:50,054']","['four wild boar,\n six pheasant, a side of beef,']"
416,"['01:15:54,383', '01:15:56,477']",['Do not mistake my appetite for apathy!']
417,"['01:15:58,888', '01:15:59,889']",['Stop.']
418,"['01:16:06,228', '01:16:08,572']",['We must find Thor.']
419,"['01:16:10,983', '01:16:12,735']","[""To hell with treason, it's suicide.""]"
420,"['01:16:16,072', '01:16:17,415']",['Now shush.']
421,"['01:16:26,248', '01:16:28,922']",['Heimdall demands your presence.']
422,"['01:16:35,007', '01:16:38,511']","['You would defy the commands of Loki,\n our king,']"
423,"['01:16:41,680', '01:16:44,024']",['and commit treason to bring Thor back?']
424,"['01:16:46,268', '01:16:47,360']","[""So you'll help us?""]"
425,"['01:16:53,025', '01:16:54,698']","[""Complicated fellow, isn't he?""]"
426,"['01:16:58,030', '01:16:59,282']",['Look!']
427,"['01:17:20,094', '01:17:21,391']",['We got massive energy readings\n out of nowhere']
428,"['01:17:24,056', '01:17:25,399']","[""Let's go take a look.""]"
429,"['01:17:51,709', '01:17:53,711']","[""- Thank you.\n - You're very welcome.""]"
430,"['01:18:03,762', '01:18:04,888']",['Stay on your target.']
431,"['01:18:20,571', '01:18:22,244']",['Destroy everything.']
432,"['01:18:42,301', '01:18:44,303']",['Is there a Renaissance Fair in town?']
433,"['01:18:46,388', '01:18:47,389']",['Yeah.']
434,"['01:18:53,479', '01:18:55,732']","[""It's a beautiful theory, Jane.""]"
435,"['01:18:59,818', '01:19:01,161']",['Not without hard evidence.']
436,"['01:19:09,411', '01:19:11,084']",['My friends!']
437,"['01:19:14,959', '01:19:16,176']","[""I don't believe it.""]"
438,"['01:19:22,049', '01:19:23,596']","['My friends,']"
439,"['01:19:26,553', '01:19:28,055']",['But you should not have come.']
440,"['01:19:32,893', '01:19:34,520']","[""You know I can't go home.""]"
441,"['01:19:39,483', '01:19:40,609']",['is dead because of me.']
442,"['01:19:43,904', '01:19:45,121']","['Thor,']"
443,"['01:20:02,548', '01:20:05,518']","['Tell me, Loki,\n how did you get the Jotuns into Asgarol?']"
444,"['01:20:09,305', '01:20:10,852']",['There are secret paths\n between the worlds']
445,"['01:20:13,726', '01:20:16,900']","['But I have need of them no longer,\n now that I am king.']"
446,"['01:20:18,939', '01:20:21,658']","['you are relieved of your duties\n as Gatekeeper,']"
447,"['01:20:23,986', '01:20:26,614']",['Then I need no longer obey you.']
448,"['01:21:17,331', '01:21:19,004']",['Was somebody else coming?']
449,"['01:21:24,380', '01:21:27,975']","[""I don't know.\n The guy never tells me anything.""]"
450,"['01:21:33,013', '01:21:35,732']",['You are using\n unregistered weapons technology.']
451,"['01:21:40,729', '01:21:41,730']",['Here we go.']
452,"['01:21:54,201', '01:21:55,544']","['Jane, you have to leave.']"
453,"['01:21:57,913', '01:21:59,586']","[""Thor's going to fight with us!""]"
454,"['01:22:01,667', '01:22:05,672']","[""I'm just a man. I'll only be in the way,\n or worse, get one of you killed.""]"
455,"['01:22:08,090', '01:22:10,184']","[""Well, if you're staying, then so am I.""]"
456,"['01:22:13,387', '01:22:14,889']","['Okay, move it, people!']"
457,"['01:22:18,559', '01:22:19,936']","['Go, hurry! You can eat later.']"
458,"['01:22:49,173', '01:22:51,642']",['For Asgard!']
459,"['01:23:44,686', '01:23:45,733']",['Go. Now. Run!']
460,"['01:24:16,843', '01:24:19,096']","[""No. I will die a warrior's death.""]"
461,"['01:24:21,557', '01:24:24,310']","['Live, and tell those stories yourself.']"
462,"['01:24:35,904', '01:24:38,874']",['You must return to Asgard.\n You have to stop Loki.']
463,"['01:24:40,617', '01:24:43,120']","['Do not worry, my friends. I have a plan.']"
464,"['01:24:49,084', '01:24:51,428']",['We need to fall back. Come on.']
465,"['01:25:00,387', '01:25:01,559']",['Wait!']
466,"['01:25:37,466', '01:25:41,187']","['Brother,\n whatever I have done to wrong you,']"
467,"['01:25:44,848', '01:25:46,691']",['I am truly sorry.']
468,"['01:25:51,021', '01:25:54,366']",['Taking their lives will gain you nothing.']
469,"['01:26:04,117', '01:26:05,414']",['and end this.']
470,"['01:26:36,566', '01:26:37,909']","[""It's over.""]"
471,"['01:26:41,154', '01:26:43,122']","[""I mean, you're safe.""]"
472,"['01:26:45,575', '01:26:46,918']","[""It's over.""]"
473,"['01:27:12,561', '01:27:13,653']",['No.']
474,"['01:27:41,965', '01:27:43,638']","['Whosoever holds this hammer,']"
475,"['01:27:50,557', '01:27:52,355']",['shall possess the power of Thor.']
476,"['01:28:11,745', '01:28:14,794']",['- No. No. No!\n - Come!']
477,"['01:29:48,675', '01:29:50,052']","['So, is this how you normally look?']"
478,"['01:29:52,846', '01:29:54,519']","[""It's a good look.""]"
479,"['01:29:58,184', '01:29:59,276']",['Excuse me!']
480,"['01:30:05,609', '01:30:07,077']","[""I don't think\n you've been completely honest with me.""]"
481,"['01:30:08,612', '01:30:11,616']","['You and I, we fight for the same cause,\n the protection of this world.']"
482,"['01:30:13,825', '01:30:16,829']",['if you return the items\n you have taken from Jane.']
483,"['01:30:19,456', '01:30:21,584']","['Of course,\n you can have your equipment back.']"
484,"['01:30:24,628', '01:30:26,926']",['Would you like to see\n the bridge we spoke of?']
485,"['01:30:30,884', '01:30:32,886']","['Wait, I need to debrief you!']"
486,"['01:31:06,962', '01:31:09,135']","['Heimdall, open the Bifrost.']"
487,"['01:31:22,352', '01:31:23,695']",['Heimdall!']
488,"['01:31:27,941', '01:31:29,488']",['Then we are stranded.']
489,"['01:31:33,905', '01:31:36,283']",['Heimdall! We need you now!']
490,"['01:31:58,430', '01:32:01,559']","['I must go back to Asgard,\n but I give you my word,']"
491,"['01:32:12,694', '01:32:13,911']",['Deal?']
492,"['01:32:45,185', '01:32:47,313']",['Get him to the healing room!']
493,"['01:33:15,173', '01:33:16,675']","[""It's said""]"
494,"['01:33:23,014', '01:33:25,187']","[""I hope it's true,""]"
495,"['01:33:30,188', '01:33:34,159']",['your death came at the hand']
496,"['01:33:45,453', '01:33:48,002']",['And your death came\n by the son of Odin.']
497,"['01:33:55,338', '01:33:56,840']",['You saved him!']
498,"['01:34:03,680', '01:34:06,149']","[""that they will pay for what\n they've done today.""]"
499,"['01:34:08,309', '01:34:09,401']",['Thor!']
500,"['01:34:17,902', '01:34:19,370']","[""Why don't you tell her""]"
501,"['01:34:23,158', '01:34:24,159']",['What?']
502,"['01:34:26,744', '01:34:29,623']","[""You're a talented liar, Brother.\n Always have been.""]"
503,"['01:34:31,916', '01:34:35,511']","[""Now if you'll excuse me,\n I have to destroy Jotunheim.""]"
504,"['01:35:18,504', '01:35:21,849']",['The Bifrost will build until\n it rips Jotunheim apart.']
505,"['01:35:46,824', '01:35:48,326']",['Why have you done this?']
506,"['01:35:52,413', '01:35:55,257']","['When he wakes,\n I will have saved his life.']"
507,"['01:35:58,127', '01:36:00,255']",['And I will be true heir to the throne!']
508,"['01:36:02,715', '01:36:04,058']",['Why not?']
509,"['01:36:11,099', '01:36:14,524']",['You could have killed them all\n with your bare hands.']
510,"['01:36:18,439', '01:36:19,941']",['Now fight me.']
511,"['01:36:26,114', '01:36:27,957']",['I only ever wanted to be your equal.']
512,"['01:36:30,868', '01:36:32,290']","[""I'm not your brother.""]"
513,"['01:36:34,414', '01:36:35,916']","['Loki, this is madness.']"
514,"['01:36:38,960', '01:36:40,132']",['Is it?']
515,"['01:36:43,881', '01:36:47,886']",['Come on. What happened to you\n on Earth that turned you so soft?']
516,"['01:36:51,639', '01:36:52,811']",['Oh!']
517,"['01:36:54,684', '01:36:58,814']","[""Well, maybe, when we're finished here,\n I'll pay her a visit myself!""]"
518,"['01:37:49,822', '01:37:51,324']","['Brother, please.']"
519,"['01:38:47,797', '01:38:48,969']","['Look at you,']"
520,"['01:38:56,055', '01:38:58,228']","['with all your strength,']"
521,"['01:39:02,895', '01:39:06,695']","[""Do you hear me, Brother?\n There's nothing you can do!""]"
522,"['01:39:27,670', '01:39:31,049']","[""If you destroy the bridge,\n you'll never see her again!""]"
523,"['01:40:20,848', '01:40:22,850']","['I could have done it, Father!']"
524,"['01:40:26,103', '01:40:27,446']",['For you!']
525,"['01:40:31,817', '01:40:33,160']","['NO, Loki.']"
526,"['01:40:44,163', '01:40:46,336']",['No!']
527,"['01:41:08,104', '01:41:09,447']","[""it's gone.""]"
528,"['01:42:25,056', '01:42:29,152']",['I flew into the giant metal creature\n and laid him low!']
529,"['01:42:32,980', '01:42:38,987']","['As a matter of fact, falling\n was a tactic lulling the Destroyer...']"
530,"['01:43:01,842', '01:43:03,185']",['How is he?']
531,"['01:43:08,849', '01:43:10,021']",['And...']
532,"['01:43:13,771', '01:43:15,114']",['The mortal.']
533,"['01:43:37,712', '01:43:40,135']",['There will never be\n a wiser king than you.']
534,"['01:43:54,103', '01:43:57,277']",['I have much to learn.']
535,"['01:44:05,781', '01:44:07,749']","['Someday, perhaps,']"
536,"['01:44:18,586', '01:44:20,805']","[""You've already made me proud.""]"
537,"['01:44:38,689', '01:44:39,690']",['No.']
538,"['01:44:46,697', '01:44:48,199']",['Can you see her?']
539,"['01:44:56,123', '01:44:58,046']",['I have the particle detectors!']
540,"['01:45:00,294', '01:45:02,388']",['Yeah. Have you seen my taser?']
541,"['01:45:03,964', '01:45:06,058']","['In the car. Come on, Jane!']"
542,"['01:53:18,041', '01:53:19,964']",['Dr. Selvig.']
543,"['01:53:27,134', '01:53:29,136']","[""It's quite a labyrinth.""]"
544,"['01:53:40,981', '01:53:43,985']","[""I've been hearing\n about the New Mexico situation.""]"
545,"['01:53:48,572', '01:53:50,574']",['I have a lot to work with.']
546,"['01:53:55,120', '01:53:56,121']","[""It's unprecedented.""]"
547,"['01:54:03,503', '01:54:06,848']","['Legend tells us one thing,\n history, another.']"
548,"['01:54:19,186', '01:54:20,187']",['What is it?']
549,"['01:54:21,938', '01:54:23,940']","['If we can figure out how to tap it,']"
550,"['01:54:31,615', '01:54:33,868']","[""Well, I guess that's worth a look.""]"
