,time,content
0,"['00:00:34,040', '00:00:38,628']","[' Long before the birth of\n light, there was darkness.\n']"
1,"['00:00:44,717', '00:00:48,429']","[' Millennia ago, the most ruthless\n of their kind, Malekith\n']"
2,"['00:00:55,895', '00:01:00,608']","[' Such evil was possible through\n the power of the Aether,\n']"
3,"['00:01:07,657', '00:01:08,783']",[' Malekith.\n']
4,"['00:01:19,085', '00:01:23,381']","[' The noble armies of Asgard,\n led by my father, King Bor,\n']"
5,"['00:01:37,395', '00:01:39,689']",[' Send in the Cursed!\n']
6,"['00:01:59,375', '00:02:03,838']",[' Malekith could at last\n unleash the Aether.\n']
7,"['00:02:21,981', '00:02:25,234']",[' But Asgard ripped the\n weapon from his grasp.\n']
8,"['00:02:43,336', '00:02:44,921']","[' With the battle all but lost,\n']"
9,"['00:02:48,424', '00:02:52,470']","["" in a desperate attempt to\n lay waste to Asgard's army.\n""]"
10,"['00:02:59,101', '00:03:01,103']",[' This war is far from over.\n']
11,"['00:03:15,368', '00:03:17,245']",[' Or so we were led to believe.\n']
12,"['00:03:22,708', '00:03:25,086']",[' If only we could.\n']
13,"['00:03:27,797', '00:03:30,174']",[' Bury it deep.\n']
14,"['00:04:14,510', '00:04:15,553']",[' Loki.\n']
15,"['00:04:18,097', '00:04:19,640']",[' Have I made you proud?\n']
16,"['00:04:22,518', '00:04:24,103']","[' Define ""worse.""\n']"
17,"['00:04:26,022', '00:04:28,316']",[' I will speak to the\n prisoner alone.\n']
18,"['00:04:44,874', '00:04:48,252']",[' Do you not truly feel the\n gravity of your crimes?\n']
19,"['00:04:51,881', '00:04:53,382']",[' and death.\n']
20,"['00:04:58,637', '00:05:00,097']",[' Just like you.\n']
21,"['00:05:04,435', '00:05:06,604']",[' Just as humans do.\n']
22,"['00:05:10,107', '00:05:13,861']",[' All this because Loki\n desires a throne.\n']
23,"['00:05:15,529', '00:05:18,866']",[' Your birthright was to die\n']
24,"['00:05:22,036', '00:05:24,497']",[' Cast out onto a frozen rock.\n']
25,"['00:05:28,793', '00:05:31,420']",[' you would not be\n here now to hate me.\n']
26,"['00:05:33,798', '00:05:36,300']",[' just swing it.\n']
27,"['00:05:38,677', '00:05:40,596']","["" it's just...\n""]"
28,"['00:05:43,516', '00:05:45,743']","["" Frigga is the only reason\n you're still alive,\n""]"
29,"['00:05:48,104', '00:05:52,400']",[' You will spend the rest of\n your days in the dungeons.\n']
30,"['00:05:58,280', '00:06:01,867']","["" You'll make that witless oaf\n king while I rot in chains.\n""]"
31,"['00:06:05,704', '00:06:07,224']",[' He will bring order\n to the Nine Realms\n']
32,"['00:06:10,251', '00:06:12,169']",[' He will be king.\n']
33,"['00:06:59,550', '00:07:01,260']","["" I've got this completely\n under control!\n""]"
34,"['00:07:18,444', '00:07:19,445']",[' Ah!\n']
35,"['00:07:31,707', '00:07:32,708']",[' Ha!\n']
36,"['00:08:14,375', '00:08:15,376']",[' Hello.\n']
37,"['00:08:33,185', '00:08:34,520']",[' Anyone else?\n']
38,"['00:08:46,991', '00:08:49,159']",[' Keep moving. Come on!\n']
39,"['00:09:04,133', '00:09:05,884']",[' Where do we go next?\n']
40,"['00:09:11,140', '00:09:13,684']","[' You should stay here. Be with\n your people, where your heart is.\n']"
41,"['00:09:16,854', '00:09:18,814']",[' You have my thanks.\n']
42,"['00:09:25,863', '00:09:27,448']","["" Heimdall, when you're ready.\n""]"
43,"['00:10:14,536', '00:10:15,996']",[' As are Nornheim and Ria.\n']
44,"['00:10:19,583', '00:10:23,879']","["" You must think I'm a piece of bread\n that needs to be buttered so heavily.\n""]"
45,"['00:10:26,423', '00:10:28,692']","[' For the first time since\n Bifrost was destroyed,\n']"
46,"['00:10:30,678', '00:10:33,097']","["" They're well reminded\n of our strength\n""]"
47,"['00:10:37,976', '00:10:39,103']",[' Thank you.\n']
48,"['00:10:41,980', '00:10:45,025']",[' except your confused\n and distracted heart.\n']
49,"['00:10:47,861', '00:10:49,501']","["" Human lives are fleeting,\n they're nothing.\n""]"
50,"['00:10:54,375', '00:10:56,095']","["" I'm telling you this,\n not as the Allfather,\n""]"
51,"['00:10:57,246', '00:10:58,247']",[' You are ready.\n']
52,"['00:11:00,499', '00:11:02,251']","["" Embrace and celebrate\n what you've won.\n""]"
53,"['00:11:04,461', '00:11:06,922']","[' Eat and drink, revel\n in their celebration.\n']"
54,"['00:11:55,220', '00:11:56,555']",[' Another!\n']
55,"['00:12:17,201', '00:12:20,287']",[' I remember you celebrated\n the Battle of Harokin\n']
56,"['00:12:23,332', '00:12:25,334']","[' Well, the first was so much fun.\n']"
57,"['00:12:33,967', '00:12:37,012']","[' Surely, the Allfather could have\n no further task for you tonight.\n']"
58,"['00:12:40,766', '00:12:44,061']",[' It does not go unnoticed that\n you disappear each night.\n']
59,"['00:12:46,605', '00:12:49,566']",[' The future king of Asgard\n must focus on more than one.\n']
60,"['00:12:56,490', '00:12:59,618']",[' and for your counsel good Lady.\n']
61,"['00:13:21,932', '00:13:23,433']",[' Hi.\n']
62,"['00:13:25,602', '00:13:27,704']","["" Why does there have to be a\n story? There's no story.\n""]"
63,"['00:13:30,065', '00:13:32,025']",[' hiding behind a menu that\n has three choices on it.\n']
64,"['00:13:34,903', '00:13:36,738']","["" I think there's a story\n""]"
65,"['00:13:40,742', '00:13:42,077']","["" It's complicated.\n""]"
66,"['00:13:43,620', '00:13:45,539']","[' No, he...\n']"
67,"['00:13:47,374', '00:13:48,750']","["" I've been there.\n""]"
68,"['00:13:51,253', '00:13:52,462']",[' I was seeing a woman\n']
69,"['00:13:55,090', '00:13:56,884']","[' Eventually, the\n distance killed it.\n']"
70,"['00:14:00,596', '00:14:02,180']","[' - No!\n - Oh, so many.\n']"
71,"['00:14:06,518', '00:14:07,561']","["" Sure, I'd love some.\n""]"
72,"['00:14:10,314', '00:14:11,773']",[' What are you doing here?\n']
73,"['00:14:15,235', '00:14:18,822']","["" So, I show up to work at\n the lab your mom's house,\n""]"
74,"['00:14:22,784', '00:14:24,494']",[' eating ice cream and\n obsessing about...\n']
75,"['00:14:25,829', '00:14:26,872']",[' Ah.\n']
76,"['00:14:29,541', '00:14:31,126']","["" You even showered, didn't you?\n You smell good.\n""]"
77,"['00:14:32,336', '00:14:34,438']",[' Because there really needs\n to be a point to all this.\n']
78,"['00:14:36,214', '00:14:38,774']","["" You know all that scientific\n equipment you don't look at anymore?\n""]"
79,"['00:14:41,386', '00:14:43,430']",[' This is the reason we came\n all the way out here.\n']
80,"['00:14:44,640', '00:14:45,641']","["" That's what I said.\n""]"
81,"['00:14:48,685', '00:14:50,646']",[' I thought you would do something\n a little more scientific.\n']
82,"['00:14:52,439', '00:14:53,607']","["" it doesn't look like nothing.\n""]"
83,"['00:14:56,276', '00:14:57,361']",[' Our friend Erik\n']
84,"['00:14:59,613', '00:15:00,631']","["" He's not interested.\n""]"
85,"['00:15:01,907', '00:15:03,325']","["" It's time for you to go now.\n""]"
86,"['00:15:08,997', '00:15:10,223']",[' Short but sweet.\n']
87,"['00:15:15,337', '00:15:17,172']","["" I think I'm going to\n have the sea bass.\n""]"
88,"['00:15:20,258', '00:15:24,680']","[' Sea bass, sea bass, sea bass,\n sea bass, sea bass, sea bass.\n']"
89,"['00:15:28,600', '00:15:29,660']",[' Sea bass.\n']
90,"['00:15:31,186', '00:15:32,829']","[' Maybe you should stop\n saying ""sea bass""\n']"
91,"['00:15:34,898', '00:15:36,024']",[' This was so fun.\n']
92,"['00:15:46,827', '00:15:47,828']",[' And I hate you.\n']
93,"['00:15:50,914', '00:15:52,708']",[' Just shut up and drive.\n']
94,"['00:16:04,302', '00:16:06,054']","["" - Who's he?\n - He's my intern.\n""]"
95,"['00:16:08,640', '00:16:10,517']","[' Hello, Dr. Foster.\n']"
96,"['00:16:12,728', '00:16:14,855']",[' Right. I have to call Erik.\n']
97,"['00:16:18,567', '00:16:19,651']",[' And a left.\n']
98,"['00:16:24,823', '00:16:28,326']","["" Hi, Erik. It's me again.\n Where are you?\n""]"
99,"['00:16:31,496', '00:16:32,914']","["" I'm here at Stonehenge\n""]"
100,"['00:16:36,585', '00:16:38,145']",[' The police were\n called to the scene\n']
101,"['00:16:39,755', '00:16:43,233']",[' after a seemingly harmless\n rambler approached the area\n']
102,"['00:16:46,178', '00:16:48,305']",[' terrorize tourists there\n with scientific equipment\n']
103,"['00:16:51,850', '00:16:55,746']","[' The man, later identified as noted\n astrophysicist Dr. Erik Selvig\n']"
104,"['00:17:00,650', '00:17:02,444']","[' Come on, this is exciting.\n']"
105,"['00:17:04,946', '00:17:06,073']","[' ""Ian.""\n']"
106,"['00:17:07,741', '00:17:09,201']",[' - No.\n - Bring the phase meter.\n']
107,"['00:17:11,328', '00:17:13,872']",[' Yeah. I know what\n the phase meter is.\n']
108,"['00:17:24,007', '00:17:26,026']",[' An astrophysicist\n with three degrees\n']
109,"['00:17:27,928', '00:17:29,446']",[' Why are you calling me?\n']
110,"['00:17:31,807', '00:17:33,850']","[' - ""Ian."" My name is Ian.\n - Shh.\n']"
111,"['00:17:51,159', '00:17:52,719']","["" It's okay, we're Americans.\n""]"
112,"['00:17:54,788', '00:17:56,540']","["" - They'll make it go away.\n - Shh.\n""]"
113,"['00:18:00,794', '00:18:01,920']",[' Are you the police?\n']
114,"['00:18:05,549', '00:18:06,633']",[' Thanks.\n']
115,"['00:18:10,637', '00:18:11,847']",[' Can you show us?\n']
116,"['00:18:57,726', '00:18:58,894']","["" Where'd it go?\n""]"
117,"['00:19:14,034', '00:19:15,118']","["" That's incredible!\n""]"
118,"['00:19:30,425', '00:19:31,801']",[' Sometimes they come back.\n']
119,"['00:19:36,264', '00:19:37,682']",[' I want to throw something!\n']
120,"['00:19:41,436', '00:19:43,730']","["" I haven't seen readings\n like this since...\n""]"
121,"['00:19:51,029', '00:19:52,948']","["" Don't touch anything!\n""]"
122,"['00:20:02,916', '00:20:04,125']",[' Oh.\n']
123,"['00:20:49,170', '00:20:50,672']",[' Whoa. Ah!\n']
124,"['00:20:58,513', '00:20:59,514']",[' Darcy!\n']
125,"['00:23:00,552', '00:23:02,804']",[' The Aether awakens us.\n']
126,"['00:23:21,156', '00:23:22,824']","["" You're late.\n""]"
127,"['00:23:27,328', '00:23:28,968']","["" Then you're doing one\n of them incorrectly.\n""]"
128,"['00:23:31,833', '00:23:33,668']",[' How fare the stars?\n']
129,"['00:23:35,670', '00:23:38,465']","[' From here, I can see nine\n realms and ten trillion souls.\n']"
130,"['00:23:46,264', '00:23:47,348']",[' Yes.\n']
131,"['00:23:50,018', '00:23:51,728']","["" It approaches, doesn't it?\n""]"
132,"['00:23:56,900', '00:24:00,111']",[' Few can sense it. Even\n fewer can see it.\n']
133,"['00:24:04,908', '00:24:07,744']",[' it is truly beautiful.\n']
134,"['00:24:10,580', '00:24:14,209']","[' Or, perhaps, that is not\n the beauty you seek.\n']"
135,"['00:24:21,549', '00:24:23,468']","["" She's quite clever,\n your mortal.\n""]"
136,"['00:24:24,928', '00:24:27,430']",[' but she studies the\n Convergence as well.\n']
137,"['00:24:30,558', '00:24:31,976']",[' What?\n']
138,"['00:25:15,645', '00:25:18,231']",[' Jane!\n']
139,"['00:25:20,441', '00:25:21,918']","["" Tell me you didn't\n call the police.\n""]"
140,"['00:25:23,194', '00:25:25,046']",[' - Not call the police.\n - I was freaking out.\n']
141,"['00:25:26,364', '00:25:28,283']","[' Next thing you know, we have\n S.H.I.E.L.D. crawling all over.\n']"
142,"['00:25:30,034', '00:25:32,178']",[' We had a stable\n gravitation anomaly.\n']
143,"['00:25:33,830', '00:25:36,124']",[' Our only competition\n was ten years old!\n']
144,"['00:25:38,376', '00:25:39,627']",[' What?\n']
145,"['00:26:09,699', '00:26:11,117']",[' Typical.\n']
146,"['00:26:15,580', '00:26:18,333']",[' Sorry. I just needed to\n make sure you were real.\n']
147,"['00:26:20,168', '00:26:21,669']","[' I am. Jane, what...\n']"
148,"['00:26:23,338', '00:26:24,339']",[' Where were you?\n']
149,"['00:26:26,758', '00:26:28,509']",[' I was right here\n where you left me.\n']
150,"['00:26:30,970', '00:26:32,513']",[' and then I went out\n looking for you.\n']
151,"['00:26:34,390', '00:26:36,726']","[' I know. I know, but the\n Bifrost was destroyed.\n']"
152,"['00:26:38,561', '00:26:40,730']","[' Wars were raging,\n marauders were pillaging.\n']"
153,"['00:26:44,484', '00:26:48,296']","["" As excuses go,\n it's not terrible.\n""]"
154,"['00:26:52,075', '00:26:54,844']","[' Jane, I fought to protect you\n from the dangers of my world\n']"
155,"['00:26:56,829', '00:26:58,706']",[' I was a fool.\n']
156,"['00:27:05,129', '00:27:08,174']","["" Jane, I don't know where you were, or\n what happened, but I do know this...\n""]"
157,"['00:27:11,260', '00:27:12,303']",[' I know...\n']
158,"['00:27:16,140', '00:27:17,225']",[' Do what?\n']
159,"['00:27:19,560', '00:27:20,561']",[' Hey!\n']
160,"['00:27:28,002', '00:27:29,962']","["" Uh, we're kind of in the\n middle of something here.\n""]"
161,"['00:27:32,907', '00:27:33,908']",[' Hold that thought.\n']
162,"['00:27:38,996', '00:27:40,723']","["" How's space?\n""]"
163,"['00:27:43,000', '00:27:44,252']",[' Excuse me.\n']
164,"['00:27:45,586', '00:27:46,587']",[' Do you know this man?\n']
165,"['00:27:50,425', '00:27:51,592']","["" My intern's intern.\n""]"
166,"['00:27:53,803', '00:27:55,096']","["" You'll have to come with me.\n""]"
167,"['00:28:02,687', '00:28:04,647']",[' - Jane.\n - Thor?\n']
168,"['00:28:06,190', '00:28:07,358']",[' What just happened?\n']
169,"['00:28:10,528', '00:28:11,629']",[' This woman is unwell.\n']
170,"['00:28:13,656', '00:28:14,991']",[' So am I.\n']
171,"['00:28:18,494', '00:28:20,121']",[' - Hold on to me.\n - What are you doing?\n']
172,"['00:28:57,992', '00:29:00,036']",[' We have to do that again.\n']
173,"['00:29:04,332', '00:29:06,501']",[' Welcome to Asgard.\n']
174,"['00:29:32,360', '00:29:34,737']",[' I can barely remember a\n time before the light.\n']
175,"['00:29:40,618', '00:29:44,347']",[' The Asgardians will suffer\n as we have suffered.\n']
176,"['00:29:45,706', '00:29:47,016']",[' I will restore our world.\n']
177,"['00:29:58,052', '00:29:59,111']","["" What's that?\n""]"
178,"['00:30:07,728', '00:30:10,106']",[' This is not of Earth.\n What is it?\n']
179,"['00:30:13,276', '00:30:17,238']",[' But she will not survive the amount\n of energy surging within her.\n']
180,"['00:30:25,079', '00:30:26,914']","["" It's a soul forge.\n""]"
181,"['00:30:33,129', '00:30:34,171']",[' Yes.\n']
182,"['00:30:37,174', '00:30:40,094']",[' My words are mere noises to you\n that you ignore them completely?\n']
183,"['00:30:41,512', '00:30:43,764']",[' She is mortal.\n']
184,"['00:30:45,600', '00:30:47,285']",[' I brought her here\n because we can help her.\n']
185,"['00:30:49,395', '00:30:52,773']",[' any more than a goat belongs\n at a banquet table.\n']
186,"['00:30:56,277', '00:30:58,821']","[' I am Odin, King of Asgard.\n']"
187,"['00:31:01,407', '00:31:03,284']","["" Oh. Well, I'm...\n""]"
188,"['00:31:07,246', '00:31:08,623']",[' You told your dad about me?\n']
189,"['00:31:11,083', '00:31:12,404']",[' Something I have\n not seen before.\n']
190,"['00:31:13,753', '00:31:15,673']","[' They are called ""doctors.""\n Let them deal with it.\n']"
191,"['00:31:18,966', '00:31:20,468']","[' No, I would not...\n']"
192,"['00:31:23,512', '00:31:24,805']","[' Jane, are you all right?\n']"
193,"['00:31:30,186', '00:31:31,437']","["" It's impossible.\n""]"
194,"['00:31:36,025', '00:31:37,318']",[' No.\n']
195,"['00:31:40,529', '00:31:42,531']",[' Come with me.\n']
196,"['00:31:46,619', '00:31:50,498']",[' What lies within her\n appears to be one of them.\n']
197,"['00:31:54,168', '00:31:56,671']",[' They had a dawn as\n they will have a dusk.\n']
198,"['00:31:59,173', '00:32:05,513']","[' the dark forces, the Dark Elves,\n reigned absolute and unchallenged.\n']"
199,"['00:32:08,891', '00:32:11,727']","[' ""the Dark Elves come to\n steal away the light.""\n']"
200,"['00:32:15,690', '00:32:19,001']",[' Their leader Malekith made a\n weapon out of that darkness\n']
201,"['00:32:20,695', '00:32:23,798']",[' While the other relics\n often appear as stones\n']
202,"['00:32:26,659', '00:32:29,245']",[' It changes matter\n into dark matter.\n']
203,"['00:32:34,208', '00:32:37,169']","["" Malekith sought to use\n the Aether's power\n""]"
204,"['00:32:41,757', '00:32:44,443']","[' But, after eternities\n of bloodshed\n']"
205,"['00:32:47,221', '00:32:51,726']",[' ushering in a peace that\n lasted thousands of years.\n']
206,"['00:32:55,187', '00:32:57,106']",[' He killed them all.\n']
207,"['00:32:59,483', '00:33:01,563']","[' The Aether was said to have\n been destroyed with them,\n']"
208,"['00:33:04,238', '00:33:06,407']",[' The Dark Elves are dead.\n']
209,"['00:33:10,619', '00:33:11,620']",[' No.\n']
210,"['00:33:24,091', '00:33:26,969']",[' The worlds are nearly aligned.\n']
211,"['00:33:35,311', '00:33:36,937']",[' Let my life be sacrificed.\n']
212,"['00:33:41,275', '00:33:42,443']",[' or you have done.\n']
213,"['00:33:53,412', '00:33:57,124']",[' cursed to this existence\n until it consumes you.\n']
214,"['00:34:09,345', '00:34:16,143']",[' I will tear down their defenses and\n ensure your return to a universe reborn.\n']
215,"['00:34:41,544', '00:34:43,687']","[' Oh, please! If they\n were beneath you,\n']"
216,"['00:35:00,521', '00:35:02,523']",[' - Keep in line!\n - Move it!\n']
217,"['00:35:08,070', '00:35:09,822']",[' How thoughtful.\n']
218,"['00:35:14,034', '00:35:17,388']",[' Is that how I am to while\n away eternity? Reading?\n']
219,"['00:35:20,624', '00:35:21,667']",[' Have you?\n']
220,"['00:35:26,005', '00:35:27,548']",[' Does Thor?\n']
221,"['00:35:31,427', '00:35:34,555']",[' You know full well it was your\n actions that brought you here.\n']
222,"['00:35:36,599', '00:35:39,910']",[' I was merely giving truth to the lie\n that I had been fed my entire life...\n']
223,"['00:35:41,687', '00:35:43,706']",[' A king?\n']
224,"['00:35:45,858', '00:35:47,298']",[' What of the lives\n you took on Earth?\n']
225,"['00:35:49,111', '00:35:50,905']",[' that Odin has taken himself.\n']
226,"['00:35:56,619', '00:35:58,829']",[' Then am I not your mother?\n']
227,"['00:36:09,798', '00:36:14,762']","["" You're always so perceptive\n about everyone but yourself.\n""]"
228,"['00:36:33,239', '00:36:34,490']",[' Heimdall had lost sight of you.\n']
229,"['00:36:36,450', '00:36:37,743']",[' How is that possible?\n']
230,"['00:36:39,995', '00:36:42,873']",[' The Nine Realms travel\n within Yggdrasil\n']
231,"['00:36:46,585', '00:36:50,773']","[' And every 5,000 years, the\n worlds align perfectly\n']"
232,"['00:36:55,135', '00:36:58,806']","[' During this time, the borders\n between worlds become blurred.\n']"
233,"['00:37:04,311', '00:37:06,522']",[' We are lucky that\n it remained open.\n']
234,"['00:37:12,361', '00:37:14,405']",[' then the connection is lost.\n']
235,"['00:37:31,839', '00:37:33,215']","["" What's going to happen to me?\n""]"
236,"['00:37:35,134', '00:37:38,304']","["" - Your father said there was... - My\n father doesn't know everything.\n""]"
237,"['00:37:41,557', '00:37:44,326']","[' Jane Foster...\n Please meet Frigga,\n']"
238,"['00:37:49,023', '00:37:50,482']",[' Hi.\n']
239,"['00:39:27,621', '00:39:28,872']",[' To the dungeons!\n']
240,"['00:39:54,064', '00:39:56,483']",[' You might want to take\n the stairs to the left.\n']
241,"['00:40:09,037', '00:40:10,831']",[' - Loki...\n - Go.\n']
242,"['00:40:24,261', '00:40:25,862']","["" It's as if they resent\n being imprisoned!\n""]"
243,"['00:40:40,694', '00:40:42,855']","[' Return to your cells, no\n further harm will come to you.\n']"
244,"['00:40:46,033', '00:40:48,368']","[' Very well, you do\n not have my word.\n']"
245,"['00:41:00,380', '00:41:02,925']",[' Defend it at all costs.\n Secure the dungeon.\n']
246,"['00:41:05,552', '00:41:06,553']",[' Go!\n']
247,"['00:41:08,722', '00:41:09,948']",[' Nothing to fear.\n']
248,"['00:41:12,434', '00:41:13,535']",[' Take her to your chambers.\n']
249,"['00:41:15,562', '00:41:17,122']",[' You take care.\n']
250,"['00:41:19,066', '00:41:21,777']",[' my queen still worries over me.\n']
251,"['00:41:23,237', '00:41:25,072']",[' that you have survived.\n']
252,"['00:41:28,951', '00:41:31,912']","[' I need you to do everything\n I ask, no questions.\n']"
253,"['00:42:14,246', '00:42:15,414']",[' Oh!\n']
254,"['00:46:42,764', '00:46:45,892']",[' The throne of Asgard is\n destroyed! To the king!\n']
255,"['00:47:11,501', '00:47:13,920']","[' Stand down, creature,\n']"
256,"['00:47:15,797', '00:47:17,883']","[' I have survived worse, woman.\n']"
257,"['00:47:21,261', '00:47:23,305']",[' I am Malekith.\n']
258,"['00:47:38,361', '00:47:39,362']",[' Ah!\n']
259,"['00:47:59,966', '00:48:01,009']",[' Give it back.\n']
260,"['00:48:20,195', '00:48:21,696']",[' Where is the Aether?\n']
261,"['00:48:25,116', '00:48:26,326']",[' I believe you.\n']
262,"['00:51:57,745', '00:51:59,914']","[' The universe rotates\n on a 5,000 year cycle\n']"
263,"['00:52:03,835', '00:52:06,754']",[' Imagine... Imagine that\n this is our world.\n']
264,"['00:52:09,716', '00:52:11,676']","["" Normally, they're separate.\n""]"
265,"['00:52:13,636', '00:52:17,182']","[' everything is connected,\n all nine realms.\n']"
266,"['00:52:19,601', '00:52:21,936']","[' and gravity, light,\n and even matter,\n']"
267,"['00:52:26,983', '00:52:30,962']","[' But if this happens to us now,\n the result will be cataclysmic.\n']"
268,"['00:52:36,201', '00:52:38,553']","[' This time, the Alignment\n']"
269,"['00:52:41,748', '00:52:43,249']","["" It's beautiful.\n""]"
270,"['00:52:50,048', '00:52:51,090']",[' Yeah.\n']
271,"['00:53:02,018', '00:53:06,022']",[' Heal. You will need your\n strength to reclaim the Aether.\n']
272,"['00:53:45,687', '00:53:46,980']",[' Jane Foster?\n']
273,"['00:53:52,068', '00:53:55,154']",[' We are still unable to\n restore the palace shields.\n']
274,"['00:53:56,823', '00:53:58,616']",[' Even Heimdall cannot see them.\n']
275,"['00:54:08,501', '00:54:09,961']","["" She's your prisoner now?\n""]"
276,"['00:54:22,682', '00:54:24,851']",[' I do not wish to fight with you.\n']
277,"['00:54:27,186', '00:54:29,022']",[' But I intend to pursue Malekith.\n']
278,"['00:54:31,149', '00:54:32,358']",[' Malekith will come to us.\n']
279,"['00:54:34,610', '00:54:36,738']",[' You overestimate the power\n of these creatures.\n']
280,"['00:54:39,365', '00:54:42,660']","["" I'll take Jane to the Dark World, and\n draw the enemy away from Asgard.\n""]"
281,"['00:54:45,705', '00:54:47,707']",[' it will be exposed\n and vulnerable.\n']
282,"['00:54:51,711', '00:54:54,522']","[' If you fail, you\n risk this weapon\n']"
283,"['00:54:56,507', '00:54:58,885']",[' The risk is far greater\n if we do nothing.\n']
284,"['00:55:01,179', '00:55:02,388']",[' we would never even know it.\n']
285,"['00:55:03,806', '00:55:08,036']","[' his men will fall on\n 10,000 Asgardian blades.\n']"
286,"['00:55:09,604', '00:55:11,564']",[' As many as are needed!\n']
287,"['00:55:20,531', '00:55:22,075']",[' We Will fight!\n']
288,"['00:55:27,914', '00:55:30,958']",[' Till the last drop\n of Asgardian blood.\n']
289,"['00:55:39,425', '00:55:42,011']","[' The difference, my son,\n is that I will win.\n']"
290,"['00:55:59,237', '00:56:01,155']","["" stupid S.H.I.E.L.D.\n isn't calling me back.\n""]"
291,"['00:56:03,199', '00:56:05,118']","["" Hey, Erik, it's Darcy again.\n""]"
292,"['00:56:08,287', '00:56:11,808']","["" and I'm not sure what\n I'm supposed to do.\n""]"
293,"['00:56:13,835', '00:56:16,963']",[' when astrophysicist\n Dr. Erik Selvig\n']
294,"['00:56:20,800', '00:56:22,093']",[' streaked nude across...\n']
295,"['00:56:24,971', '00:56:26,197']","[' Your friend, Erik...\n']"
296,"['00:56:28,933', '00:56:32,311']",[' And began shouting at visitors\n to the historic site.\n']
297,"['00:56:35,148', '00:56:37,442']",[' for psychiatric evaluation.\n']
298,"['00:56:50,163', '00:56:52,206']","["" You were not at\n Odin's war council.\n""]"
299,"['00:56:54,876', '00:56:57,545']",[' No one is to come or to go.\n']
300,"['00:57:02,508', '00:57:06,220']",[' What use is a guardian\n such as that?\n']
301,"['00:57:12,977', '00:57:14,020']",[' I need your help.\n']
302,"['00:57:18,357', '00:57:19,984']","["" I'm not asking you to.\n""]"
303,"['00:57:22,695', '00:57:25,239']",[' whether he is or not.\n']
304,"['00:57:27,200', '00:57:29,010']",[' by hatred and by grief.\n']
305,"['00:57:30,786', '00:57:32,054']",[' I see clearly enough.\n']
306,"['00:57:33,998', '00:57:36,709']",[' Everything we do from\n here on is a risk.\n']
307,"['00:57:42,548', '00:57:44,759']",[' What do you require of me?\n']
308,"['00:57:48,721', '00:57:52,767']",[' Success will bring us exile and\n failure shall mean our death.\n']
309,"['00:58:00,274', '00:58:02,443']","[' If we do nothing, he\n will come for it again\n']"
310,"['00:58:07,740', '00:58:09,742']",[' We must move Jane off-world.\n']
311,"['00:58:11,702', '00:58:13,412']",[' and the Tesseract locked\n away in the vault.\n']
312,"['00:58:17,792', '00:58:19,710']","[' One, actually.\n']"
313,"['00:58:27,927', '00:58:31,239']",[' Thor. After all this time\n']
314,"['00:58:35,142', '00:58:36,435']",[' Why?\n']
315,"['00:58:40,940', '00:58:42,567']","[' Loki, enough.\n']"
316,"['00:58:51,993', '00:58:54,078']","[' Now you see me, brother.\n']"
317,"['00:59:04,630', '00:59:06,966']",[' I did not come here\n to share our grief.\n']
318,"['00:59:11,596', '00:59:12,805']",[' Go on.\n']
319,"['00:59:15,725', '00:59:18,686']",[' You help me escape Asgard\n and I will grant it to you.\n']
320,"['00:59:29,697', '00:59:34,493']",[' You must be truly desperate\n to come to me for help.\n']
321,"['00:59:37,830', '00:59:39,248']","["" I don't.\n""]"
322,"['00:59:43,336', '00:59:45,838']","[' But you should know that when we\n fought each other in the past,\n']"
323,"['00:59:48,215', '00:59:50,092']",[' that my brother was still\n in there somewhere.\n']
324,"['00:59:55,014', '00:59:58,392']","[' You betray me, and\n I will kill you.\n']"
325,"['01:00:03,898', '01:00:05,666']",[' When do we start?\n']
326,"['01:00:07,109', '01:00:08,736']",[' He will try.\n']
327,"['01:00:15,868', '01:00:17,870']",[' So clandestine.\n']
328,"['01:00:20,998', '01:00:22,875']","[' If you keep speaking,\n I just might.\n']"
329,"['01:00:25,211', '01:00:26,379']","["" I'm not even here.\n""]"
330,"['01:00:29,382', '01:00:31,884']","["" It's better company at least.\n""]"
331,"['01:00:37,515', '01:00:39,850']","[' Mmm, brother, you\n look ravishing.\n']"
332,"['01:00:44,563', '01:00:47,733']",[' Very well. Perhaps you prefer\n one of your new companions\n']
333,"['01:00:50,528', '01:00:52,588']","[' Oh, this is much better.\n']"
334,"['01:00:53,948', '01:00:56,575']",[' The costume is a bit much.\n So tight.\n']
335,"['01:00:58,202', '01:01:00,621']",[' I can feel the\n righteousness surging.\n']
336,"['01:01:03,708', '01:01:04,975']",[' Honor? Patriotism?\n']
337,"['01:01:08,713', '01:01:10,047']",[' What?\n']
338,"['01:01:17,096', '01:01:18,973']","[' My dagger, something.\n']"
339,"['01:01:25,813', '01:01:27,523']",[' A little common sense.\n']
340,"['01:01:36,282', '01:01:40,828']","[' Well, what then? Your lovely mortal is\n being guarded by a legion of Einherjar\n']"
341,"['01:01:42,830', '01:01:44,540']","["" I won't be the one\n who comes for her.\n""]"
342,"['01:01:54,133', '01:01:58,220']","["" What the... Good. Let's go.\n""]"
343,"['01:02:04,810', '01:02:06,829']","["" I'm Loki, you may\n have heard of me.\n""]"
344,"['01:02:09,482', '01:02:10,858']",[' I like her.\n']
345,"['01:02:13,319', '01:02:17,031']",[' It is my sworn duty to notify him\n of crimes against the throne.\n']
346,"['01:02:21,827', '01:02:22,828']",[' What is it?\n']
347,"['01:02:24,663', '01:02:25,998']","["" Whose'?\n""]"
348,"['01:02:28,501', '01:02:30,060']",[' My king!\n']
349,"['01:02:35,966', '01:02:37,026']",[' Stop Thor.\n']
350,"['01:02:41,889', '01:02:44,391']",[' There they are! Take them.\n']
351,"['01:02:45,559', '01:02:47,770']","["" I'll hold them off. Take her.\n""]"
352,"['01:02:52,525', '01:02:54,777']","["" Betray him, and I'll kill you.\n""]"
353,"['01:03:05,204', '01:03:09,542']","["" Assuming you can get Loki's help\n and you can free this mortal\n""]"
354,"['01:03:11,252', '01:03:14,188']","["" We'd all be dead the minute we\n step one foot outside the palace.\n""]"
355,"['01:03:21,554', '01:03:23,364']",[' I will give you as\n much time as I can.\n']
356,"['01:03:29,395', '01:03:32,565']",[' If you even think about\n betraying him...\n']
357,"['01:03:34,400', '01:03:36,402']","[' Evidently, there will be a line.\n']"
358,"['01:03:53,961', '01:03:55,754']","[' I said, ""How hard could it be?""\n']"
359,"['01:04:00,968', '01:04:02,261']",[' Get to the ship!\n']
360,"['01:04:08,642', '01:04:11,020']","[' - Shut up, Loki.\n']"
361,"['01:04:13,397', '01:04:16,166']","["" No, I didn't. I'm pressing\n every button on this thing.\n""]"
362,"['01:04:17,902', '01:04:19,737']","["" I'm pressing it gently,\n it's networking!\n""]"
363,"['01:04:27,494', '01:04:29,079']",[' Get him! Get him!\n']
364,"['01:05:07,279', '01:05:08,719']","["" Look, why don't you\n let me take over?\n""]"
365,"['01:05:10,287', '01:05:12,206']","[' Is that right? Well,\n out of the two of us,\n']"
366,"['01:05:24,343', '01:05:25,986']","[' Oh, dear. Is she dead?\n']"
367,"['01:05:27,805', '01:05:28,806']","["" I'm okay.\n""]"
368,"['01:05:35,938', '01:05:37,272']",[' Not a word.\n']
369,"['01:05:46,156', '01:05:47,282']","["" Now they're firing at us.\n""]"
370,"['01:05:48,867', '01:05:50,202']","["" it's not at all distracting!\n""]"
371,"['01:06:08,804', '01:06:10,139']","[' You know, this is wonderful.\n']"
372,"['01:06:12,725', '01:06:15,811']","["" Let's steal the biggest, most\n obvious ship in the universe\n""]"
373,"['01:06:17,312', '01:06:18,539']","[' Flying around the city,\n']"
374,"['01:06:21,066', '01:06:22,786']","["" It's brilliant, Thor!\n It's truly brilliant!\n""]"
375,"['01:06:39,001', '01:06:41,587']","[' has made you no less\n graceful, Loki.\n']"
376,"['01:06:49,011', '01:06:50,446']","["" I'm impressed.\n""]"
377,"['01:06:52,014', '01:06:53,073']","[' Now, do as you promised.\n']"
378,"['01:07:18,165', '01:07:19,708']",[' - Fandral.\n - Right.\n']
379,"['01:07:30,052', '01:07:31,136']","[' Nothing personal, boys.\n']"
380,"['01:07:47,903', '01:07:51,298']","[' If it were easy,\n everyone would do it.\n']"
381,"['01:08:08,924', '01:08:10,509']","["" LON'. Ya-den!\n""]"
382,"['01:08:20,435', '01:08:21,436']",[' No.\n']
383,"['01:08:32,906', '01:08:34,825']",[' The Aether has found\n its way home.\n']
384,"['01:08:54,178', '01:08:56,847']",[' It would consume you.\n']
385,"['01:09:00,225', '01:09:01,351']",[' For now.\n']
386,"['01:09:04,563', '01:09:05,956']",[' Say goodbye.\n']
387,"['01:09:07,900', '01:09:10,694']","["" This day, the next, a hundred\n years, it's nothing.\n""]"
388,"['01:09:13,906', '01:09:15,908']","["" You'll never be ready.\n""]"
389,"['01:09:17,910', '01:09:19,761']",[' will be snatched from you.\n']
390,"['01:09:21,205', '01:09:22,806']",[' Satisfaction is\n not in my nature.\n']
391,"['01:09:25,834', '01:09:27,394']",[' - The son of Odin...\n - No.\n']
392,"['01:09:29,588', '01:09:31,924']",[' You think you alone\n were loved of Mother?\n']
393,"['01:09:34,218', '01:09:35,510']",[' Trust?\n']
394,"['01:09:38,555', '01:09:40,766']",[' Trust? When you let her die?\n']
395,"['01:09:43,685', '01:09:45,103']",[' Who put me there?\n']
396,"['01:09:46,939', '01:09:48,690']",[' - You know damn well who!\n']
397,"['01:09:58,742', '01:10:01,286']","["" Well, she wouldn't\n exactly be shocked.\n""]"
398,"['01:10:23,016', '01:10:24,977']",[' Trust my rage.\n']
399,"['01:10:35,195', '01:10:36,363']",[' What?\n']
400,"['01:10:37,906', '01:10:40,909']","[' My father, Dr. Erik Selvig.\n']"
401,"['01:10:45,080', '01:10:47,541']","[' One key ring, three keys.\n']"
402,"['01:10:50,335', '01:10:51,586']",[' Various.\n']
403,"['01:10:57,592', '01:10:59,069']",[' - These.\n - Yeah.\n']
404,"['01:11:00,804', '01:11:02,097']",[' Thank goodness.\n']
405,"['01:11:06,768', '01:11:07,894']",[' Yes?\n']
406,"['01:11:09,813', '01:11:10,897']",[' Darcy.\n']
407,"['01:11:15,027', '01:11:16,069']","[' Oh, I missed you, too.\n']"
408,"['01:11:17,696', '01:11:18,947']",[' You were naked on TV.\n']
409,"['01:11:24,536', '01:11:26,538']",[' Getting weird now.\n']
410,"['01:11:30,208', '01:11:34,104']","["" I don't get paid enough. I\n don't get paid, period.\n""]"
411,"['01:11:37,299', '01:11:39,468']","["" Yeah, I don't get paid either.\n""]"
412,"['01:11:41,970', '01:11:43,805']","["" I've had a God in my brain.\n""]"
413,"['01:11:48,226', '01:11:50,579']","[' Dr. Selvig, sir, your\n gear is beeping at me.\n']"
414,"['01:11:53,148', '01:11:54,775']","["" Wait. What's happening?\n""]"
415,"['01:11:59,863', '01:12:01,298']",[' Birds are happening?\n']
416,"['01:12:03,742', '01:12:05,911']","[' My dad, he used to take me\n bird watching as a kid.\n']"
417,"['01:12:12,167', '01:12:14,336']",[' Where did they go?\n']
418,"['01:12:29,935', '01:12:31,603']",[' Why are you smiling?\n']
419,"['01:12:33,063', '01:12:36,833']",[' than realizing that the world\n is crazier than you are.\n']
420,"['01:12:52,207', '01:12:53,667']",[' Jane.\n']
421,"['01:13:23,905', '01:13:25,824']",[' All right. Are you ready?\n']
422,"['01:13:40,822', '01:13:42,983']","[' You know, this plan of yours\n is going to get us killed.\n']"
423,"['01:13:48,513', '01:13:49,874']","["" You still don't\n trust me, brother?\n""]"
424,"['01:14:01,568', '01:14:02,777']","["" No, I wouldn't.\n""]"
425,"['01:14:09,868', '01:14:11,453']",[' No!\n']
426,"['01:14:23,298', '01:14:25,008']",[' About any of you?\n']
427,"['01:14:30,514', '01:14:32,766']",[' was you and Odin\n dead at my feet!\n']
428,"['01:14:48,490', '01:14:50,492']","[' I am Loki of Jotunheim,\n']"
429,"['01:14:54,538', '01:14:56,431']",[' I ask only one\n thing in return...\n']
430,"['01:14:58,333', '01:14:59,876']",[' - to watch Asgard burn.\n']
431,"['01:15:02,837', '01:15:05,590']",[' He was a prisoner\n in their dungeons.\n']
432,"['01:16:18,955', '01:16:20,457']",[' Loki! NOW!\n']
433,"['01:18:36,301', '01:18:37,302']",[' Ah!\n']
434,"['01:19:46,162', '01:19:48,289']","[' See you in hell, monster.\n']"
435,"['01:20:10,937', '01:20:13,248']","["" Oh, you fool, you didn't listen.\n""]"
436,"['01:20:15,316', '01:20:17,544']","["" I'm a fool, I'm a fool.\n""]"
437,"['01:20:18,820', '01:20:19,988']","["" I'm sorry.\n""]"
438,"['01:20:24,367', '01:20:25,660']","["" It's okay.\n""]"
439,"['01:20:30,915', '01:20:34,419']","["" I'll tell Father what\n you did here today.\n""]"
440,"['01:20:48,975', '01:20:51,352']",[' No!\n']
441,"['01:21:47,325', '01:21:52,497']","[' Not just on Asgard, or on a star.\n Malekith is going to destroy everything.\n']"
442,"['01:21:54,832', '01:21:56,000']","[' Jane, how?\n']"
443,"['01:21:59,921', '01:22:01,297']",[' The Convergence.\n']
444,"['01:22:02,715', '01:22:05,155']","["" None of this would have happened\n if I hadn't found the Aether.\n""]"
445,"['01:22:07,804', '01:22:09,530']",[' that much sooner.\n']
446,"['01:22:12,642', '01:22:13,893']",[' Jane.\n']
447,"['01:22:23,778', '01:22:24,988']","["" It's not me.\n""]"
448,"['01:22:27,615', '01:22:28,825']","["" Hi, Jane, it's Richard.\n""]"
449,"['01:22:30,868', '01:22:32,078']","["" I'm still at the office.\n""]"
450,"['01:22:34,247', '01:22:36,165']","[' - Oh, my God, this is amazing.\n - Is it?\n']"
451,"['01:22:37,583', '01:22:39,727']",[' despite never actually\n ordering anything.\n']
452,"['01:22:41,254', '01:22:43,381']",[' Is this a bad time? Do you\n want me to try you later?\n']
453,"['01:22:47,552', '01:22:48,736']","[' Okay, then.\n']"
454,"['01:22:51,222', '01:22:52,740']","[' Uh, maybe dinner next time.\n']"
455,"['01:22:54,517', '01:22:56,769']","[' - Just stay on the phone, okay?\n - Yeah, I will.\n']"
456,"['01:23:02,734', '01:23:03,876']",[' Am I interrupting something?\n']
457,"['01:23:05,778', '01:23:06,838']",[' Come on.\n']
458,"['01:23:08,114', '01:23:09,590']",[' Where are we going?\n']
459,"['01:23:10,742', '01:23:12,577']",[' Why are there so\n many shoes in here?\n']
460,"['01:23:28,301', '01:23:29,469']","["" So, who's Richard?\n""]"
461,"['01:23:39,437', '01:23:40,955']",[' - Jane!\n - Hey.\n']
462,"['01:23:42,815', '01:23:44,108']",[' The whole world is going crazy.\n']
463,"['01:23:47,612', '01:23:49,447']",[' - Did you go to a party?\n - Erik?\n']
464,"['01:23:54,118', '01:23:55,161']",[' Oh!\n']
465,"['01:23:57,413', '01:23:59,165']","[' Oh, he, uh... He says\n it helps him think.\n']"
466,"['01:24:00,958', '01:24:03,669']","["" All the work you've been doing on\n gravimetric anomalies, everything.\n""]"
467,"['01:24:05,046', '01:24:07,131']","[' - Are you well, Erik?\n']"
468,"['01:24:10,093', '01:24:11,486']",[' Loki is dead.\n']
469,"['01:24:13,763', '01:24:15,973']","["" I... I meant, I'm so sorry.\n""]"
470,"['01:24:41,249', '01:24:43,126']","[' Forgive me, my liege.\n']"
471,"['01:24:48,923', '01:24:50,007']",[' Thor?\n']
472,"['01:24:56,931', '01:24:58,141']",[' What?\n']
473,"['01:25:07,441', '01:25:08,568']",[' Loki.\n']
474,"['01:25:14,657', '01:25:16,576']",[' where all the nine\n worlds are connecting.\n']
475,"['01:25:19,245', '01:25:20,663']","[' For each additional world,\n']"
476,"['01:25:23,166', '01:25:26,043']",[' The effect would be universal.\n']
477,"['01:25:27,879', '01:25:30,923']",[' He must be in exactly the right\n place at the right time.\n']
478,"['01:25:33,926', '01:25:36,345']",[' We follow the directions.\n']
479,"['01:25:37,889', '01:25:41,225']","[' thousands of years ago, and the\n Ancients were there to see it.\n']"
480,"['01:25:44,103', '01:25:46,873']","[' the Mayans, the\n Chinese, the Egyptians.\n']"
481,"['01:25:50,401', '01:25:52,545']",[' And they left us a map.\n']
482,"['01:25:55,448', '01:25:57,800']","[' Snow-don, the Great Orme.\n']"
483,"['01:26:01,078', '01:26:02,079']",[' Here.\n']
484,"['01:26:06,125', '01:26:08,753']",[' The walls between worlds\n will be almost non-existent.\n']
485,"['01:26:10,296', '01:26:12,131']","[' Increases and\n decreases in gravity,\n']"
486,"['01:26:13,799', '01:26:16,427']",[' The very fabric of reality\n is going to be torn apart.\n']
487,"['01:26:23,517', '01:26:24,852']",[' Focus! This is important.\n']
488,"['01:26:26,604', '01:26:28,898']",[' and then Jane and Erik will\n activate them from the tower.\n']
489,"['01:26:30,900', '01:26:33,194']",[' Do you even know what\n these things do?\n']
490,"['01:26:35,529', '01:26:36,530']",[' Neither do I.\n']
491,"['01:26:45,331', '01:26:47,333']","[' - Come on, come on, come on!\n - Right.\n']"
492,"['01:27:14,777', '01:27:15,778']",[' Ah!\n']
493,"['01:28:23,220', '01:28:25,431']","["" Death would've come\n to you soon enough.\n""]"
494,"['01:28:27,141', '01:28:29,952']",[' Your universe was\n never meant to be.\n']
495,"['01:28:33,147', '01:28:35,274']",[' will be extinguished!\n']
496,"['01:28:39,028', '01:28:41,422']",[' - Almost there. - Are you\n sure this is going to work?\n']
497,"['01:28:45,076', '01:28:46,160']","[' Oh, come on.\n']"
498,"['01:29:03,969', '01:29:05,930']","[' You know, with all that power,\n']"
499,"['01:29:32,957', '01:29:34,041']",[' Done.\n']
500,"['01:29:43,801', '01:29:46,002']",[' That just means we have to\n keep Malekith busy for eight.\n']
501,"['01:30:00,025', '01:30:01,460']",[' That is awesome!\n']
502,"['01:30:03,070', '01:30:04,422']","[' Well, the gravitational fields\n']"
503,"['01:30:06,824', '01:30:08,242']","[' Ooh, get the guy with the sword!\n']"
504,"['01:30:13,664', '01:30:15,082']",[' Um...\n']
505,"['01:30:17,334', '01:30:18,961']",[' Move!\n']
506,"['01:30:38,189', '01:30:39,857']","[' You need to get\n out of here, now!\n']"
507,"['01:30:41,650', '01:30:42,668']","["" That's Thor out there.\n""]"
508,"['01:31:43,629', '01:31:45,130']",[' Ah!\n']
509,"['01:32:04,858', '01:32:06,794']","[' Confirmed, ship is hostile.\n']"
510,"['01:32:08,320', '01:32:09,588']",[' Roger.\n']
511,"['01:32:11,574', '01:32:13,325']",[' Missiles away.\n']
512,"['01:32:16,036', '01:32:18,806']","["" I repeat, target missed.\n I'm losing control.\n""]"
513,"['01:32:23,752', '01:32:24,812']",[' What are you doing?\n']
514,"['01:32:28,632', '01:32:29,692']",[' Jane!\n']
515,"['01:33:13,093', '01:33:14,386']",[' Are you all right?\n']
516,"['01:33:19,183', '01:33:20,242']",[' Yeah.\n']
517,"['01:33:29,360', '01:33:30,361']",[' Mmm.\n']
518,"['01:33:32,071', '01:33:33,130']",[' - Jane!\n']
519,"['01:33:36,033', '01:33:37,201']",[' Mew mew!\n']
520,"['01:33:44,958', '01:33:45,998']",[' How do I get to Greenwich?\n']
521,"['01:33:51,131', '01:33:53,634']",[' Mind the gap.\n']
522,"['01:34:35,008', '01:34:36,677']","["" - We're out of time.\n - Jane.\n""]"
523,"['01:35:04,872', '01:35:06,290']",[' Thor!\n']
524,"['01:35:09,710', '01:35:11,795']",[' The Convergence is at its peak.\n']
525,"['01:35:13,922', '01:35:15,007']",[' Not from here.\n']
526,"['01:35:19,011', '01:35:20,262']",[' I can.\n']
527,"['01:35:53,962', '01:35:57,216']","[' Darkness returns, Asgardian.\n']"
528,"['01:36:00,719', '01:36:02,763']","["" I've come to accept\n your surrender.\n""]"
529,"['01:36:25,118', '01:36:27,913']",[' The Aether cannot be destroyed.\n']
530,"['01:37:15,252', '01:37:17,254']",[' Thor! No.\n']
531,"['01:37:50,203', '01:37:51,204']",[' Ah!\n']
532,"['01:38:45,509', '01:38:47,427']","["" He's gonna come back.\n""]"
533,"['01:38:51,932', '01:38:54,159']","[' last time he was gone\n for, like, two years.\n']"
534,"['01:38:58,021', '01:38:59,856']",[' Did he say anything\n before he left?\n']
535,"['01:39:02,234', '01:39:06,363']",[' He kinda committed treason...\n On our way out.\n']
536,"['01:39:14,871', '01:39:19,543']",[' You once said there would never\n be a wiser king than me.\n']
537,"['01:39:21,294', '01:39:25,232']",[' The Alignment has brought\n all the realms together.\n']
538,"['01:39:29,052', '01:39:33,473']",[' What can Asgard offer\n its new king in return?\n']
539,"['01:39:37,644', '01:39:40,414']","[' Father, I cannot\n be king of Asgard.\n']"
540,"['01:39:45,360', '01:39:47,612']",[' but I cannot do so\n from that chair.\n']
541,"['01:39:52,868', '01:39:55,537']","[' The brutality, the sacrifice...\n']"
542,"['01:39:57,247', '01:40:00,667']","["" I'd rather be a good\n man than a great king.\n""]"
543,"['01:40:06,131', '01:40:08,675']","["" When you speak, do I never\n hear Mother's voice?\n""]"
544,"['01:40:13,305', '01:40:15,782']",[' She does not know what\n I came here to say.\n']
545,"['01:40:19,269', '01:40:20,604']",[' It changes nothing.\n']
546,"['01:40:25,442', '01:40:27,569']",[' another who will not take it.\n']
547,"['01:40:30,030', '01:40:31,615']",[' Loki died with honor.\n']
548,"['01:40:34,034', '01:40:35,452']",[' Is that not legacy enough?\n']
549,"['01:40:49,549', '01:40:51,359']",[' If you are worthy of it.\n']
550,"['01:40:55,305', '01:41:00,018']","[' I cannot give you my blessing,\n nor can I wish you good fortune.\n']"
551,"['01:41:05,482', '01:41:08,819']","[' If I were proud of the\n man my son had become,\n']"
552,"['01:41:14,157', '01:41:17,786']",[' It would speak only\n from my heart.\n']
553,"['01:41:21,665', '01:41:23,166']",[' my son.\n']
554,"['01:41:42,144', '01:41:43,186']",[' No.\n']
555,"['01:44:04,202', '01:44:06,621']","[' I present to you,\n']"
556,"['01:44:12,335', '01:44:13,503']",[' Whoa...\n']
557,"['01:44:24,848', '01:44:26,933']","["" You know why we're here.\n""]"
558,"['01:44:33,398', '01:44:35,650']","[' But, if I may ask,\n']"
559,"['01:44:39,821', '01:44:42,741']",[' The Tesseract is\n already on Asgard.\n']
560,"['01:44:47,037', '01:44:49,539']","["" That's very wise.\n""]"
561,"['01:45:02,010', '01:45:07,223']","[' it will be absolutely safe here,\n']"
562,"['01:45:13,104', '01:45:15,523']",[' See that it is.\n']
563,"['01:45:38,088', '01:45:40,590']",[' Five to go.\n']
